多巴胺壁纸=>2022-07-08 16:21:36=>22=>开心的锣鼓敲出年年的喜庆<span class="url-icon"><img alt=[打call] src="https://h5.sinaimg.cn/m/emoticon/icon/default/fb_a1dacall-1e0c4593fc.png" style="width:1em; height:1em;" /></span><span class="url-icon"><img alt=[打call] src="https://h5.sinaimg.cn/m/emoticon/icon/default/fb_a1dacall-1e0c4593fc.png" style="width:1em; height:1em;" /></span><span class="url-icon"><img alt=[打call] src="https://h5.sinaimg.cn/m/emoticon/icon/default/fb_a1dacall-1e0c4593fc.png" style="width:1em; height:1em;" /></span>
人间有味是清欢cycy=>2022-07-08 16:21:14=>11=>太棒了！中国健儿好样的！恭喜中国队！<span class="url-icon"><img alt=[打call] src="https://h5.sinaimg.cn/m/emoticon/icon/default/fb_a1dacall-1e0c4593fc.png" style="width:1em; height:1em;" /></span><span class="url-icon"><img alt=[打call] src="https://h5.sinaimg.cn/m/emoticon/icon/default/fb_a1dacall-1e0c4593fc.png" style="width:1em; height:1em;" /></span><span class="url-icon"><img alt=[打call] src="https://h5.sinaimg.cn/m/emoticon/icon/default/fb_a1dacall-1e0c4593fc.png" style="width:1em; height:1em;" /></span>
那本=>2022-07-08 16:13:59=>7=>太厉害了！
娜娜真棒呀=>2022-07-08 16:16:56=>4=>收金牌啦<span class="url-icon"><img alt=[打call] src="https://h5.sinaimg.cn/m/emoticon/icon/default/fb_a1dacall-1e0c4593fc.png" style="width:1em; height:1em;" /></span><span class="url-icon"><img alt=[打call] src="https://h5.sinaimg.cn/m/emoticon/icon/default/fb_a1dacall-1e0c4593fc.png" style="width:1em; height:1em;" /></span>
重拾_狗狗祟祟的快乐=>2022-07-08 16:31:12=>3=>好棒，加油
我行我素ky=>2022-07-08 16:21:32=>2=>好棒！
任嘉的雪儿=>2022-07-08 20:25:57=>1=>好棒！
亦是译=>2022-07-08 20:05:08=>1=>中国🇨🇳队永远是最棒的<span class="url-icon"><img alt=[赞] src="https://h5.sinaimg.cn/m/emoticon/icon/others/h_zan-44ddc70637.png" style="width:1em; height:1em;" /></span><span class="url-icon"><img alt=[赞] src="https://h5.sinaimg.cn/m/emoticon/icon/others/h_zan-44ddc70637.png" style="width:1em; height:1em;" /></span>
一雯雯雯Y=>2022-07-08 16:26:42=>1=>好棒呀，加油<span class="url-icon"><img alt=[鲜花] src="https://h5.sinaimg.cn/m/emoticon/icon/others/w_xianhua-f902c37199.png" style="width:1em; height:1em;" /></span>
Star--qi=>2022-07-08 16:17:47=>1=>好棒<span class="url-icon"><img alt=[打call] src="https://h5.sinaimg.cn/m/emoticon/icon/default/fb_a1dacall-1e0c4593fc.png" style="width:1em; height:1em;" /></span>
沦陷于karry王·=>2022-07-08 16:13:56=>2=>太厉害了！
烟火Cynthia=>2022-07-09 13:34:10=>0=>祝贺，好棒啊
李智雅今天发自拍了吗=>2022-07-09 00:57:20=>0=><span class="url-icon"><img alt=[心] src="https://h5.sinaimg.cn/m/emoticon/icon/others/l_xin-43af9086c0.png" style="width:1em; height:1em;" /></span><span class="url-icon"><img alt=[心] src="https://h5.sinaimg.cn/m/emoticon/icon/others/l_xin-43af9086c0.png" style="width:1em; height:1em;" /></span>
小猪为大西洋探险=>2022-07-08 23:22:44=>0=>好棒
种地吧元气少女穗穗子=>2022-07-08 21:02:31=>0=>热烈庆祝
那有一片湖=>2022-07-08 19:38:26=>0=>好棒啊<span class="url-icon"><img alt=[打call] src="https://h5.sinaimg.cn/m/emoticon/icon/default/fb_a1dacall-1e0c4593fc.png" style="width:1em; height:1em;" /></span>
Caaaaaarpe-diem=>2022-07-08 18:54:22=>0=>好！！！！
大姨夫痛遍全球=>2022-07-08 18:16:03=>0=>普天同庆！
南宁铁路桂林车务段=>2022-07-08 17:44:28=>0=>【好样的！南宁铁路】
森林长出云朵来=>2022-07-08 17:11:03=>0=><span class="url-icon"><img alt=[心] src="https://h5.sinaimg.cn/m/emoticon/icon/others/l_xin-43af9086c0.png" style="width:1em; height:1em;" /></span>
名字取啥都不知道=>2022-07-08 17:05:44=>0=>运动员超棒
唯Love晨熙=>2022-07-08 16:58:14=>0=><span class="url-icon"><img alt=[good] src="https://h5.sinaimg.cn/m/emoticon/icon/others/h_good-0c51afc69c.png" style="width:1em; height:1em;" /></span>
青春龙泉驿=>2022-07-08 16:50:29=>0=>好样的！<a  href="https://m.weibo.cn/search?containerid=231522type%3D1%26t%3D10%26q%3D%23%E4%B8%AD%E5%9B%BD%E9%98%9F%E5%A4%BA%E5%9C%BA%E5%9C%B0%E8%87%AA%E8%A1%8C%E8%BD%A6%E4%B8%96%E7%95%8C%E6%9D%AF3%E9%87%911%E9%93%B6%23&extparam=%23%E4%B8%AD%E5%9B%BD%E9%98%9F%E5%A4%BA%E5%9C%BA%E5%9C%B0%E8%87%AA%E8%A1%8C%E8%BD%A6%E4%B8%96%E7%95%8C%E6%9D%AF3%E9%87%911%E9%93%B6%23" data-hide=""><span class="surl-text">#中国队夺场地自行车世界杯3金1银#</span></a>
终南山下江南雨=>2022-07-08 16:50:20=>0=><span class="url-icon"><img alt=[赞] src="https://h5.sinaimg.cn/m/emoticon/icon/others/h_zan-44ddc70637.png" style="width:1em; height:1em;" /></span>
沐沐小起等风来=>2022-07-08 16:47:38=>0=>好棒<span class="url-icon"><img alt=[心] src="https://h5.sinaimg.cn/m/emoticon/icon/others/l_xin-43af9086c0.png" style="width:1em; height:1em;" /></span>
破破破冰=>2022-07-08 16:25:39=>0=>厉害啦
七月如糖_=>2022-07-08 16:22:24=>0=><span class="url-icon"><img alt=[good] src="https://h5.sinaimg.cn/m/emoticon/icon/others/h_good-0c51afc69c.png" style="width:1em; height:1em;" /></span><span class="url-icon"><img alt=[good] src="https://h5.sinaimg.cn/m/emoticon/icon/others/h_good-0c51afc69c.png" style="width:1em; height:1em;" /></span>
爱你永远无绝期=>2022-07-08 16:21:58=>2=>双喜临门<span class="url-icon"><img alt=[心] src="https://h5.sinaimg.cn/m/emoticon/icon/others/l_xin-43af9086c0.png" style="width:1em; height:1em;" /></span><span class="url-icon"><img alt=[心] src="https://h5.sinaimg.cn/m/emoticon/icon/others/l_xin-43af9086c0.png" style="width:1em; height:1em;" /></span>
稀粥大白兔=>2022-07-08 16:18:00=>0=>中国🇨🇳🇨🇳<span class="url-icon"><img alt=[心] src="https://h5.sinaimg.cn/m/emoticon/icon/others/l_xin-43af9086c0.png" style="width:1em; height:1em;" /></span><span class="url-icon"><img alt=[心] src="https://h5.sinaimg.cn/m/emoticon/icon/others/l_xin-43af9086c0.png" style="width:1em; height:1em;" /></span><span class="url-icon"><img alt=[心] src="https://h5.sinaimg.cn/m/emoticon/icon/others/l_xin-43af9086c0.png" style="width:1em; height:1em;" /></span>
·三月是花不是雨·=>2022-07-08 16:16:57=>0=>好棒啊！！
陌上清浅-=>2022-07-08 16:16:18=>0=><span class="url-icon"><img alt=[good] src="https://h5.sinaimg.cn/m/emoticon/icon/others/h_good-0c51afc69c.png" style="width:1em; height:1em;" /></span><span class="url-icon"><img alt=[good] src="https://h5.sinaimg.cn/m/emoticon/icon/others/h_good-0c51afc69c.png" style="width:1em; height:1em;" /></span><span class="url-icon"><img alt=[good] src="https://h5.sinaimg.cn/m/emoticon/icon/others/h_good-0c51afc69c.png" style="width:1em; height:1em;" /></span>
瑛舞蝶落=>2022-07-08 16:14:09=>0=>转发微博
青山白雪飘零=>2022-07-09 09:46:37=>0=>好！<span class="url-icon"><img alt="[开学季]" src="https://face.t.sinajs.cn/t4/appstyle/expression/ext/normal/72/2021_kaixueji_org.png" style="width:1em; height:1em;" /></span>
挽朙=>2022-07-09 03:00:23=>0=><span class="url-icon"><img alt=[good] src="https://h5.sinaimg.cn/m/emoticon/icon/others/h_good-0c51afc69c.png" style="width:1em; height:1em;" /></span>
416杯冰美式=>2022-07-08 22:51:56=>0=>太厉害了
冰要加雪碧_=>2022-07-08 22:11:49=>0=>太厉害了吧！！！辛苦啦！
雾禾风=>2022-07-08 21:00:49=>0=>祝贺
Y___墨染=>2022-07-08 20:40:43=>0=>👍🏻
秋之语荫=>2022-07-08 19:52:29=>0=>好样的，中国运动员加油<span class="url-icon"><img alt=[加油] src="https://h5.sinaimg.cn/m/emoticon/icon/default/d_jiayou-a34ced0409.png" style="width:1em; height:1em;" /></span>
中华天兵=>2022-07-08 19:18:07=>0=>好样的，太高兴了<span class="url-icon"><img alt=[给力] src="https://h5.sinaimg.cn/m/emoticon/icon/others/f_geili-78be8d9152.png" style="width:1em; height:1em;" /></span>
晴空雪妍=>2022-07-08 19:01:43=>0=>今天真是个好日子<span class="url-icon"><img alt=[太开心] src="https://h5.sinaimg.cn/m/emoticon/icon/default/d_taikaixin-b7d86de3fd.png" style="width:1em; height:1em;" /></span>
赖宝儿的春天=>2022-07-08 18:47:39=>0=>祝贺🎉
膺天命=>2022-07-08 18:34:18=>0=>今天是个好日子，加鸡腿
小艾与奇诺养乐多=>2022-07-08 18:09:20=>0=>原来我们国家的自行车运动也那么厉害<span class="url-icon"><img alt=[赞] src="https://h5.sinaimg.cn/m/emoticon/icon/others/h_zan-44ddc70637.png" style="width:1em; height:1em;" /></span>
小王子星上的小玫瑰=>2022-07-08 18:05:00=>0=><span class="url-icon"><img alt=[中国赞] src="https://h5.sinaimg.cn/m/emoticon/icon/others/d_chnlike-8fc550a807.png" style="width:1em; height:1em;" /></span><span class="url-icon"><img alt=[中国赞] src="https://h5.sinaimg.cn/m/emoticon/icon/others/d_chnlike-8fc550a807.png" style="width:1em; height:1em;" /></span><span class="url-icon"><img alt=[中国赞] src="https://h5.sinaimg.cn/m/emoticon/icon/others/d_chnlike-8fc550a807.png" style="width:1em; height:1em;" /></span>
土豆里面淀粉太多了所以要少吃=>2022-07-08 17:52:39=>0=><span class="url-icon"><img alt=[打call] src="https://h5.sinaimg.cn/m/emoticon/icon/default/fb_a1dacall-1e0c4593fc.png" style="width:1em; height:1em;" /></span>
讨厌下半身=>2022-07-08 17:37:38=>0=>双喜临门
兴阳洋=>2022-07-08 17:35:56=>0=><span class="url-icon"><img alt=[打call] src="https://h5.sinaimg.cn/m/emoticon/icon/default/fb_a1dacall-1e0c4593fc.png" style="width:1em; height:1em;" /></span>
u咩啊=>2022-07-08 17:26:55=>0=>下周肯德基疯狂星期四
一定要早点睡___=>2022-07-08 17:26:51=>0=>双喜临门
小鱼专心搞黄涩=>2022-07-08 17:06:22=>0=>加油加油
破晓之圆=>2022-07-08 16:46:29=>0=><span class="url-icon"><img alt=[赞] src="https://h5.sinaimg.cn/m/emoticon/icon/others/h_zan-44ddc70637.png" style="width:1em; height:1em;" /></span><span class="url-icon"><img alt=[赞] src="https://h5.sinaimg.cn/m/emoticon/icon/others/h_zan-44ddc70637.png" style="width:1em; height:1em;" /></span><span class="url-icon"><img alt=[赞] src="https://h5.sinaimg.cn/m/emoticon/icon/others/h_zan-44ddc70637.png" style="width:1em; height:1em;" /></span><span class="url-icon"><img alt=[鲜花] src="https://h5.sinaimg.cn/m/emoticon/icon/others/w_xianhua-f902c37199.png" style="width:1em; height:1em;" /></span><span class="url-icon"><img alt=[鲜花] src="https://h5.sinaimg.cn/m/emoticon/icon/others/w_xianhua-f902c37199.png" style="width:1em; height:1em;" /></span><span class="url-icon"><img alt=[鲜花] src="https://h5.sinaimg.cn/m/emoticon/icon/others/w_xianhua-f902c37199.png" style="width:1em; height:1em;" /></span>
farity12=>2022-07-08 16:45:21=>0=><span class="url-icon"><img alt=[打call] src="https://h5.sinaimg.cn/m/emoticon/icon/default/fb_a1dacall-1e0c4593fc.png" style="width:1em; height:1em;" /></span>
会昌融媒=>2022-07-08 16:42:08=>0=><a  href="https://m.weibo.cn/search?containerid=231522type%3D1%26t%3D10%26q%3D%23%E4%B8%AD%E5%9B%BD%E9%98%9F%E5%A4%BA%E5%9C%BA%E5%9C%B0%E8%87%AA%E8%A1%8C%E8%BD%A6%E4%B8%96%E7%95%8C%E6%9D%AF3%E9%87%911%E9%93%B6%23&extparam=%23%E4%B8%AD%E5%9B%BD%E9%98%9F%E5%A4%BA%E5%9C%BA%E5%9C%B0%E8%87%AA%E8%A1%8C%E8%BD%A6%E4%B8%96%E7%95%8C%E6%9D%AF3%E9%87%911%E9%93%B6%23" data-hide=""><span class="surl-text">#中国队夺场地自行车世界杯3金1银#</span></a>厉害了🎉🎉🎉
华胥的小石头=>2022-07-08 16:33:35=>0=>喜上加喜
大豆木瓜汤=>2022-07-08 16:32:09=>0=>这不得举国放点烟花庆祝一下？过年都不让放，起码今天组织一下呀
独舞夜霜=>2022-07-08 16:24:16=>0=>放烟花庆祝一下吧！今天是个好日子
乐可长飞=>2022-07-08 16:22:53=>0=>我想问问什么时候能在环法看到我们的中国车手😞
探清水河_张云雷的=>2022-07-08 16:22:47=>0=>太棒了！！
Laylay小叔叔=>2022-07-08 16:19:32=>1=>厉害厉害<span class="url-icon"><img alt="[哇]" src="https://face.t.sinajs.cn/t4/appstyle/expression/ext/normal/3d/2022_wow_org.png" style="width:1em; height:1em;" /></span>
Below444xxx=>2022-07-08 16:15:50=>0=>双喜临门<span class="url-icon"><img alt=[doge] src="https://h5.sinaimg.cn/m/emoticon/icon/others/d_doge-be7f768d78.png" style="width:1em; height:1em;" /></span>
君未年=>2022-07-08 16:14:58=>0=>太厉害了<span class="url-icon"><img alt=[打call] src="https://h5.sinaimg.cn/m/emoticon/icon/default/fb_a1dacall-1e0c4593fc.png" style="width:1em; height:1em;" /></span><span class="url-icon"><img alt=[打call] src="https://h5.sinaimg.cn/m/emoticon/icon/default/fb_a1dacall-1e0c4593fc.png" style="width:1em; height:1em;" /></span>
smilely鱼=>2022-07-08 16:14:32=>0=>好样的<span class="url-icon"><img alt=[哈哈] src="https://h5.sinaimg.cn/m/emoticon/icon/default/d_haha-0ec05e6dad.png" style="width:1em; height:1em;" /></span><span class="url-icon"><img alt=[哈哈] src="https://h5.sinaimg.cn/m/emoticon/icon/default/d_haha-0ec05e6dad.png" style="width:1em; height:1em;" /></span><span class="url-icon"><img alt=[哈哈] src="https://h5.sinaimg.cn/m/emoticon/icon/default/d_haha-0ec05e6dad.png" style="width:1em; height:1em;" /></span>
档兎=>2022-07-08 21:27:28=>0=>好棒！加油捏！<span class="url-icon"><img alt=[给你小心心] src="https://h5.sinaimg.cn/m/emoticon/icon/others/qixi2018_xiaoxinxin-c76bf85343.png" style="width:1em; height:1em;" /></span><span class="url-icon"><img alt=[给你小心心] src="https://h5.sinaimg.cn/m/emoticon/icon/others/qixi2018_xiaoxinxin-c76bf85343.png" style="width:1em; height:1em;" /></span>
周子翼JCT=>2022-07-08 16:35:38=>0=>加油
waterkidfubangzhu=>2022-07-08 16:16:11=>0=>又一強项<span class="url-icon"><img alt=[good] src="https://h5.sinaimg.cn/m/emoticon/icon/others/h_good-0c51afc69c.png" style="width:1em; height:1em;" /></span><span class="url-icon"><img alt=[good] src="https://h5.sinaimg.cn/m/emoticon/icon/others/h_good-0c51afc69c.png" style="width:1em; height:1em;" /></span><span class="url-icon"><img alt=[good] src="https://h5.sinaimg.cn/m/emoticon/icon/others/h_good-0c51afc69c.png" style="width:1em; height:1em;" /></span>
Colin-Feng=>2022-07-08 16:14:40=>0=>厉害厉害，期待公路赛也有好选手好成绩
不俗于世=>2022-07-09 23:10:45=>0=>终于有报道的了
wxiaohongchen云峰=>2022-07-09 02:11:44=>0=>厉害，大腿们<span class="url-icon"><img alt=[赞] src="https://h5.sinaimg.cn/m/emoticon/icon/others/h_zan-44ddc70637.png" style="width:1em; height:1em;" /></span><span class="url-icon"><img alt=[赞] src="https://h5.sinaimg.cn/m/emoticon/icon/others/h_zan-44ddc70637.png" style="width:1em; height:1em;" /></span><span class="url-icon"><img alt=[赞] src="https://h5.sinaimg.cn/m/emoticon/icon/others/h_zan-44ddc70637.png" style="width:1em; height:1em;" /></span>
自由自在的鸟201603=>2022-07-08 19:35:41=>0=>加油，中国！
时光叽=>2022-07-08 18:42:24=>0=>好样的
我的悠悠丫=>2022-07-08 17:41:13=>0=>今晚加菜
小菜园1号202207=>2022-07-08 17:14:13=>0=>太棒啦<span class="url-icon"><img alt=[打call] src="https://h5.sinaimg.cn/m/emoticon/icon/default/fb_a1dacall-1e0c4593fc.png" style="width:1em; height:1em;" /></span><span class="url-icon"><img alt=[打call] src="https://h5.sinaimg.cn/m/emoticon/icon/default/fb_a1dacall-1e0c4593fc.png" style="width:1em; height:1em;" /></span><span class="url-icon"><img alt=[打call] src="https://h5.sinaimg.cn/m/emoticon/icon/default/fb_a1dacall-1e0c4593fc.png" style="width:1em; height:1em;" /></span>
龅牙兔蓝妹子=>2022-07-08 16:41:01=>0=>好棒👍🏻👍🏻
移动电源充电中=>2022-07-08 16:27:07=>0=>棒～
风山渡=>2022-07-08 16:26:57=>0=>今天这红艳艳的衣服多喜庆啊
陈家宏5158618899=>2022-07-08 16:25:56=>0=>好样的！<span class="url-icon"><img alt=[加油] src="https://h5.sinaimg.cn/m/emoticon/icon/default/d_jiayou-a34ced0409.png" style="width:1em; height:1em;" /></span><span class="url-icon"><img alt=[加油] src="https://h5.sinaimg.cn/m/emoticon/icon/default/d_jiayou-a34ced0409.png" style="width:1em; height:1em;" /></span>
和羞嗅青梅=>2022-07-08 16:23:33=>1=>中国队yyds
鸡兔半岛=>2022-07-08 16:20:14=>0=>好棒！
忧郁男演员=>2022-07-08 16:19:54=>0=>棒！
水蜜桃香香-=>2022-07-08 16:18:58=>1=>哇  太棒了<span class="url-icon"><img alt=[打call] src="https://h5.sinaimg.cn/m/emoticon/icon/default/fb_a1dacall-1e0c4593fc.png" style="width:1em; height:1em;" /></span><span class="url-icon"><img alt=[打call] src="https://h5.sinaimg.cn/m/emoticon/icon/default/fb_a1dacall-1e0c4593fc.png" style="width:1em; height:1em;" /></span>
草莓遇月亮=>2022-07-08 16:16:47=>0=><span class="url-icon"><img alt=[赞] src="https://h5.sinaimg.cn/m/emoticon/icon/others/h_zan-44ddc70637.png" style="width:1em; height:1em;" /></span><span class="url-icon"><img alt=[赞] src="https://h5.sinaimg.cn/m/emoticon/icon/others/h_zan-44ddc70637.png" style="width:1em; height:1em;" /></span><span class="url-icon"><img alt=[赞] src="https://h5.sinaimg.cn/m/emoticon/icon/others/h_zan-44ddc70637.png" style="width:1em; height:1em;" /></span>
淳淳小松=>2022-07-08 16:16:32=>0=>祝贺祝贺，好事连连
用户1887632142=>2022-07-08 16:16:30=>0=><span class="url-icon"><img alt=[打call] src="https://h5.sinaimg.cn/m/emoticon/icon/default/fb_a1dacall-1e0c4593fc.png" style="width:1em; height:1em;" /></span>
昭昭xt=>2022-07-08 16:15:52=>1=>好棒呀<span class="url-icon"><img alt="[开学季]" src="https://face.t.sinajs.cn/t4/appstyle/expression/ext/normal/72/2021_kaixueji_org.png" style="width:1em; height:1em;" /></span>
就捣蛋啊=>2022-07-08 16:14:27=>0=>好消息接连不断<span class="url-icon"><img alt="[春游家族]" src="https://face.t.sinajs.cn/t4/appstyle/expression/ext/normal/b6/2021_YoungFamily_org.png" style="width:1em; height:1em;" /></span><span class="url-icon"><img alt="[春游家族]" src="https://face.t.sinajs.cn/t4/appstyle/expression/ext/normal/b6/2021_YoungFamily_org.png" style="width:1em; height:1em;" /></span><span class="url-icon"><img alt="[春游家族]" src="https://face.t.sinajs.cn/t4/appstyle/expression/ext/normal/b6/2021_YoungFamily_org.png" style="width:1em; height:1em;" /></span><span class="url-icon"><img alt="[春游家族]" src="https://face.t.sinajs.cn/t4/appstyle/expression/ext/normal/b6/2021_YoungFamily_org.png" style="width:1em; height:1em;" /></span>
