草莓嘉baby=>2022-01-23 11:16:08=>2=>期待冬奥运<span class="url-icon"><img alt=[心] src="https://h5.sinaimg.cn/m/emoticon/icon/others/l_xin-43af9086c0.png" style="width:1em; height:1em;" /></span>
赴约月亮my=>2022-01-23 11:16:04=>3=>好美<span class="url-icon"><img alt=[憧憬] src="https://h5.sinaimg.cn/m/emoticon/icon/default/d_xingxingyan-c64b6a744b.png" style="width:1em; height:1em;" /></span><span class="url-icon"><img alt=[抱一抱] src="https://h5.sinaimg.cn/m/emoticon/icon/default/co_a1hug-f3910d0e88.png" style="width:1em; height:1em;" /></span>
南沐成熙-=>2022-01-23 14:36:04=>1=>一起期待
0啵啵兔0=>2022-01-23 11:59:53=>1=>期待👏👏👏
海星之河=>2022-01-23 11:18:40=>2=>爷青回的冬奥会<span class="url-icon"><img alt=[心] src="https://h5.sinaimg.cn/m/emoticon/icon/others/l_xin-43af9086c0.png" style="width:1em; height:1em;" /></span>
最爱玉萌萌撒娇3=>2022-01-24 04:51:18=>1=>期待北京冬奥会，为中国奥运健儿加油！<span class="url-icon"><img alt=[打call] src="https://h5.sinaimg.cn/m/emoticon/icon/default/fb_a1dacall-1e0c4593fc.png" style="width:1em; height:1em;" /></span><span class="url-icon"><img alt=[打call] src="https://h5.sinaimg.cn/m/emoticon/icon/default/fb_a1dacall-1e0c4593fc.png" style="width:1em; height:1em;" /></span><span class="url-icon"><img alt=[打call] src="https://h5.sinaimg.cn/m/emoticon/icon/default/fb_a1dacall-1e0c4593fc.png" style="width:1em; height:1em;" /></span>
此用户会瘦的=>2022-01-23 11:23:05=>1=>期待奥运会<span class="url-icon"><img alt="[微笑趣泡]" src="https://face.t.sinajs.cn/t4/appstyle/expression/ext/normal/17/2021_bubly_org.png" style="width:1em; height:1em;" /></span><span class="url-icon"><img alt="[微笑趣泡]" src="https://face.t.sinajs.cn/t4/appstyle/expression/ext/normal/17/2021_bubly_org.png" style="width:1em; height:1em;" /></span>
·叶墨依=>2022-01-24 08:23:17=>0=>期待
海神de准新娘_=>2022-01-23 21:58:06=>0=>期待
April是大水瓶=>2022-01-23 19:30:14=>0=>好期待好期待好期待冬奥会啊<span class="url-icon"><img alt=[心] src="https://h5.sinaimg.cn/m/emoticon/icon/others/l_xin-43af9086c0.png" style="width:1em; height:1em;" /></span><span class="url-icon"><img alt=[心] src="https://h5.sinaimg.cn/m/emoticon/icon/others/l_xin-43af9086c0.png" style="width:1em; height:1em;" /></span>
原是仙子落人间=>2022-01-23 16:55:56=>0=>期待冬奥
Nxxoy-=>2022-01-23 15:19:13=>0=>期待，
我是Carol_卡罗=>2022-01-23 14:05:28=>0=>期待
仰卧多起坐=>2022-01-23 13:58:07=>0=>好期待！
小套卟卟=>2022-01-23 13:52:57=>0=><span class="url-icon"><img alt="[开学季]" src="https://face.t.sinajs.cn/t4/appstyle/expression/ext/normal/72/2021_kaixueji_org.png" style="width:1em; height:1em;" /></span><span class="url-icon"><img alt="[开学季]" src="https://face.t.sinajs.cn/t4/appstyle/expression/ext/normal/72/2021_kaixueji_org.png" style="width:1em; height:1em;" /></span><span class="url-icon"><img alt="[开学季]" src="https://face.t.sinajs.cn/t4/appstyle/expression/ext/normal/72/2021_kaixueji_org.png" style="width:1em; height:1em;" /></span><span class="url-icon"><img alt="[开学季]" src="https://face.t.sinajs.cn/t4/appstyle/expression/ext/normal/72/2021_kaixueji_org.png" style="width:1em; height:1em;" /></span>
妹宝亲一口ovo=>2022-01-23 13:35:01=>0=>期待冬奥会<span class="url-icon"><img alt=[鲜花] src="https://h5.sinaimg.cn/m/emoticon/icon/others/w_xianhua-f902c37199.png" style="width:1em; height:1em;" /></span><span class="url-icon"><img alt=[鲜花] src="https://h5.sinaimg.cn/m/emoticon/icon/others/w_xianhua-f902c37199.png" style="width:1em; height:1em;" /></span><span class="url-icon"><img alt=[鲜花] src="https://h5.sinaimg.cn/m/emoticon/icon/others/w_xianhua-f902c37199.png" style="width:1em; height:1em;" /></span>
清和宇宇养乐多=>2022-01-23 13:27:15=>0=>太期待了<span class="url-icon"><img alt=[打call] src="https://h5.sinaimg.cn/m/emoticon/icon/default/fb_a1dacall-1e0c4593fc.png" style="width:1em; height:1em;" /></span>
琳琳宇宝Yu_=>2022-01-23 13:26:47=>0=>期待<span class="url-icon"><img alt=[太开心] src="https://h5.sinaimg.cn/m/emoticon/icon/default/d_taikaixin-b7d86de3fd.png" style="width:1em; height:1em;" /></span><span class="url-icon"><img alt=[太开心] src="https://h5.sinaimg.cn/m/emoticon/icon/default/d_taikaixin-b7d86de3fd.png" style="width:1em; height:1em;" /></span><span class="url-icon"><img alt=[太开心] src="https://h5.sinaimg.cn/m/emoticon/icon/default/d_taikaixin-b7d86de3fd.png" style="width:1em; height:1em;" /></span>
uppersghostin=>2022-01-23 13:12:49=>0=>期待冬奥会！！！<span class="url-icon"><img alt="[苦涩]" src="https://face.t.sinajs.cn/t4/appstyle/expression/ext/normal/7e/2021_bitter_org.png" style="width:1em; height:1em;" /></span>
守护小美好Yu=>2022-01-23 13:07:51=>0=>期待
陌上清浅-=>2022-01-23 13:05:00=>0=><span class="url-icon"><img alt=[赞啊] src="https://h5.sinaimg.cn/m/emoticon/icon/lxh/lxh_zana-dd20c7bed2.png" style="width:1em; height:1em;" /></span><span class="url-icon"><img alt=[赞啊] src="https://h5.sinaimg.cn/m/emoticon/icon/lxh/lxh_zana-dd20c7bed2.png" style="width:1em; height:1em;" /></span><span class="url-icon"><img alt=[赞啊] src="https://h5.sinaimg.cn/m/emoticon/icon/lxh/lxh_zana-dd20c7bed2.png" style="width:1em; height:1em;" /></span>
Mosdeve=>2022-01-23 13:01:28=>1=>杭州有多腐败？原江干区唐祝村退休村支书许南星四年时间实施套路贷一百多起，光裁决文书网查询有50多，涉案资金超千万，吃了别人很多房产，19年举报到中央扫黑除恶督导组，最后许某家人找关系塞黑给保护伞，找了个非法拘禁罪走个形式，信访举报和找督查，回复已经判决不再受理，不服你可以向上维权==
奶香味的露思呀=>2022-01-23 12:49:20=>0=>期待
乐儿宝的Fairy=>2022-01-23 12:33:34=>0=>期待啊<span class="url-icon"><img alt=[打call] src="https://h5.sinaimg.cn/m/emoticon/icon/default/fb_a1dacall-1e0c4593fc.png" style="width:1em; height:1em;" /></span><span class="url-icon"><img alt=[打call] src="https://h5.sinaimg.cn/m/emoticon/icon/default/fb_a1dacall-1e0c4593fc.png" style="width:1em; height:1em;" /></span><span class="url-icon"><img alt=[打call] src="https://h5.sinaimg.cn/m/emoticon/icon/default/fb_a1dacall-1e0c4593fc.png" style="width:1em; height:1em;" /></span><span class="url-icon"><img alt=[打call] src="https://h5.sinaimg.cn/m/emoticon/icon/default/fb_a1dacall-1e0c4593fc.png" style="width:1em; height:1em;" /></span><span class="url-icon"><img alt=[打call] src="https://h5.sinaimg.cn/m/emoticon/icon/default/fb_a1dacall-1e0c4593fc.png" style="width:1em; height:1em;" /></span>
泛舟不泛舟=>2022-01-23 12:21:13=>0=>好喜欢
搞什么亚=>2022-01-23 12:12:16=>0=>期待
名字乱取的别看了_=>2022-01-23 11:54:35=>0=>期待<span class="url-icon"><img alt=[打call] src="https://h5.sinaimg.cn/m/emoticon/icon/default/fb_a1dacall-1e0c4593fc.png" style="width:1em; height:1em;" /></span><span class="url-icon"><img alt=[打call] src="https://h5.sinaimg.cn/m/emoticon/icon/default/fb_a1dacall-1e0c4593fc.png" style="width:1em; height:1em;" /></span>
南问雪=>2022-01-23 11:52:01=>0=>期待<span class="url-icon"><img alt=[心] src="https://h5.sinaimg.cn/m/emoticon/icon/others/l_xin-43af9086c0.png" style="width:1em; height:1em;" /></span>
沉溺修勾=>2022-01-23 11:48:29=>0=><span class="url-icon"><img alt=[心] src="https://h5.sinaimg.cn/m/emoticon/icon/others/l_xin-43af9086c0.png" style="width:1em; height:1em;" /></span><span class="url-icon"><img alt=[心] src="https://h5.sinaimg.cn/m/emoticon/icon/others/l_xin-43af9086c0.png" style="width:1em; height:1em;" /></span><span class="url-icon"><img alt=[心] src="https://h5.sinaimg.cn/m/emoticon/icon/others/l_xin-43af9086c0.png" style="width:1em; height:1em;" /></span>
南风之意fsq=>2022-01-23 11:46:13=>0=>期待冬奥<span class="url-icon"><img alt=[心] src="https://h5.sinaimg.cn/m/emoticon/icon/others/l_xin-43af9086c0.png" style="width:1em; height:1em;" /></span>
猫长床上了_=>2022-01-23 11:43:30=>0=>期待！
可爱的越酱嗷=>2022-01-23 11:42:31=>0=>期待北京冬奥会<span class="url-icon"><img alt=[打call] src="https://h5.sinaimg.cn/m/emoticon/icon/default/fb_a1dacall-1e0c4593fc.png" style="width:1em; height:1em;" /></span>
唯Love晨熙=>2022-01-23 11:33:31=>0=><span class="url-icon"><img alt=[心] src="https://h5.sinaimg.cn/m/emoticon/icon/others/l_xin-43af9086c0.png" style="width:1em; height:1em;" /></span>
Moonquakes__Lin=>2022-01-23 11:33:12=>0=>期待冬奥会<span class="url-icon"><img alt=[打call] src="https://h5.sinaimg.cn/m/emoticon/icon/default/fb_a1dacall-1e0c4593fc.png" style="width:1em; height:1em;" /></span>
4leafclover的幸福=>2022-01-23 11:29:44=>0=>期待冬奥<span class="url-icon"><img alt=[心] src="https://h5.sinaimg.cn/m/emoticon/icon/others/l_xin-43af9086c0.png" style="width:1em; height:1em;" /></span>
不想肚子圆=>2022-01-23 11:26:38=>0=>期待冬奥
端端crazy=>2022-01-23 11:19:27=>0=>期待
西邦尼漫步=>2022-01-23 11:18:39=>0=>期待冬奥会<span class="url-icon"><img alt=[鼓掌] src="https://h5.sinaimg.cn/m/emoticon/icon/default/d_guzhang-cca8b296d9.png" style="width:1em; height:1em;" /></span><span class="url-icon"><img alt=[鼓掌] src="https://h5.sinaimg.cn/m/emoticon/icon/default/d_guzhang-cca8b296d9.png" style="width:1em; height:1em;" /></span><span class="url-icon"><img alt=[鼓掌] src="https://h5.sinaimg.cn/m/emoticon/icon/default/d_guzhang-cca8b296d9.png" style="width:1em; height:1em;" /></span>
-氧化钙-=>2022-01-23 11:17:09=>0=>期待冬奥会<span class="url-icon"><img alt=[心] src="https://h5.sinaimg.cn/m/emoticon/icon/others/l_xin-43af9086c0.png" style="width:1em; height:1em;" /></span>
小胖想吃软糖=>2022-01-23 11:16:33=>0=>期待
调皮de小不点儿=>2022-01-27 05:43:39=>0=>期待冬奥
Anny静懿=>2022-01-26 15:35:48=>0=>期待
金馬馬驫=>2022-01-26 14:56:07=>0=>转发微博
ihncicst_=>2022-01-24 09:10:19=>0=><span class="url-icon"><img alt=[打call] src="https://h5.sinaimg.cn/m/emoticon/icon/default/fb_a1dacall-1e0c4593fc.png" style="width:1em; height:1em;" /></span><span class="url-icon"><img alt=[打call] src="https://h5.sinaimg.cn/m/emoticon/icon/default/fb_a1dacall-1e0c4593fc.png" style="width:1em; height:1em;" /></span>
故里新梦=>2022-01-23 21:02:55=>0=>期待冬奥运<span class="url-icon"><img alt=[心] src="https://h5.sinaimg.cn/m/emoticon/icon/others/l_xin-43af9086c0.png" style="width:1em; height:1em;" /></span>
章鱼哥一口一个=>2022-01-23 19:11:24=>0=>期待<span class="url-icon"><img alt="[开学季]" src="https://face.t.sinajs.cn/t4/appstyle/expression/ext/normal/72/2021_kaixueji_org.png" style="width:1em; height:1em;" /></span><span class="url-icon"><img alt="[开学季]" src="https://face.t.sinajs.cn/t4/appstyle/expression/ext/normal/72/2021_kaixueji_org.png" style="width:1em; height:1em;" /></span><span class="url-icon"><img alt="[开学季]" src="https://face.t.sinajs.cn/t4/appstyle/expression/ext/normal/72/2021_kaixueji_org.png" style="width:1em; height:1em;" /></span>
梔藍-=>2022-01-23 18:44:30=>0=>期待
番薯酱LL=>2022-01-23 15:19:13=>0=>期待<span class="url-icon"><img alt=[憧憬] src="https://h5.sinaimg.cn/m/emoticon/icon/default/d_xingxingyan-c64b6a744b.png" style="width:1em; height:1em;" /></span><span class="url-icon"><img alt=[憧憬] src="https://h5.sinaimg.cn/m/emoticon/icon/default/d_xingxingyan-c64b6a744b.png" style="width:1em; height:1em;" /></span><span class="url-icon"><img alt=[憧憬] src="https://h5.sinaimg.cn/m/emoticon/icon/default/d_xingxingyan-c64b6a744b.png" style="width:1em; height:1em;" /></span>
Ruabbit=>2022-01-23 15:02:43=>0=>好可爱<span class="url-icon"><img alt=[哈哈] src="https://h5.sinaimg.cn/m/emoticon/icon/default/d_haha-0ec05e6dad.png" style="width:1em; height:1em;" /></span>期待
予晏哒哒哒=>2022-01-23 14:15:00=>0=>太帅了！总给人惊喜
诗雪峰=>2022-01-23 13:49:44=>1=>经典来啦<span class="url-icon"><img alt=[憧憬] src="https://h5.sinaimg.cn/m/emoticon/icon/default/d_xingxingyan-c64b6a744b.png" style="width:1em; height:1em;" /></span>孙悟空配音是李扬吗？（声音变老了）<span class="url-icon"><img alt=[笑哈哈] src="https://h5.sinaimg.cn/m/emoticon/icon/lxh/lxh_xiaohaha-56dbc288a5.png" style="width:1em; height:1em;" /></span>
绿绿绿绿绿绿绿绿绿绿绿绿吖=>2022-01-23 13:40:23=>0=>期待<span class="url-icon"><img alt=[打call] src="https://h5.sinaimg.cn/m/emoticon/icon/default/fb_a1dacall-1e0c4593fc.png" style="width:1em; height:1em;" /></span><span class="url-icon"><img alt=[打call] src="https://h5.sinaimg.cn/m/emoticon/icon/default/fb_a1dacall-1e0c4593fc.png" style="width:1em; height:1em;" /></span>
会跳舞的四叶草=>2022-01-23 13:32:16=>0=>来吧，来吧， 小白兔快来吧， 来滑雪，来滑雪， 让歌声一路飞洒。
橘子味的胡小乐=>2022-01-23 13:23:57=>0=>哇偶！好期待呀
昊想吃点啥=>2022-01-23 13:15:21=>0=><span class="url-icon"><img alt=[憧憬] src="https://h5.sinaimg.cn/m/emoticon/icon/default/d_xingxingyan-c64b6a744b.png" style="width:1em; height:1em;" /></span>
xiwangzhige2010=>2022-01-23 12:54:12=>0=><span class="url-icon"><img alt=[赞] src="https://h5.sinaimg.cn/m/emoticon/icon/others/h_zan-44ddc70637.png" style="width:1em; height:1em;" /></span><span class="url-icon"><img alt=[赞] src="https://h5.sinaimg.cn/m/emoticon/icon/others/h_zan-44ddc70637.png" style="width:1em; height:1em;" /></span><span class="url-icon"><img alt=[赞] src="https://h5.sinaimg.cn/m/emoticon/icon/others/h_zan-44ddc70637.png" style="width:1em; height:1em;" /></span><span class="url-icon"><img alt=[赞] src="https://h5.sinaimg.cn/m/emoticon/icon/others/h_zan-44ddc70637.png" style="width:1em; height:1em;" /></span><span class="url-icon"><img alt=[赞] src="https://h5.sinaimg.cn/m/emoticon/icon/others/h_zan-44ddc70637.png" style="width:1em; height:1em;" /></span>
卮棂=>2022-01-23 12:24:50=>0=>期待
天蝎祎971120=>2022-01-23 12:15:34=>0=><span class="url-icon"><img alt=[憧憬] src="https://h5.sinaimg.cn/m/emoticon/icon/default/d_xingxingyan-c64b6a744b.png" style="width:1em; height:1em;" /></span>
青丘来客=>2022-01-23 12:13:34=>0=>雪孩子<span class="url-icon"><img alt=[爱你] src="https://h5.sinaimg.cn/m/emoticon/icon/default/d_aini-09d5f3f870.png" style="width:1em; height:1em;" /></span>当年可是哭死老娘了<span class="url-icon"><img alt=[笑cry] src="https://h5.sinaimg.cn/m/emoticon/icon/default/d_xiaoku-f2bd11b506.png" style="width:1em; height:1em;" /></span>
丽君lijun_wz=>2022-01-23 12:05:49=>0=>👍
young之觞=>2022-01-23 12:02:24=>0=>上美厂yyds<span class="url-icon"><img alt=[awsl] src="https://h5.sinaimg.cn/m/emoticon/icon/default/fb_a3awsl-ed1a33c1b3.png" style="width:1em; height:1em;" /></span>
往事随风19931986=>2022-01-23 11:57:52=>0=>期待期待<span class="url-icon"><img alt=[心] src="https://h5.sinaimg.cn/m/emoticon/icon/others/l_xin-43af9086c0.png" style="width:1em; height:1em;" /></span><span class="url-icon"><img alt=[心] src="https://h5.sinaimg.cn/m/emoticon/icon/others/l_xin-43af9086c0.png" style="width:1em; height:1em;" /></span><span class="url-icon"><img alt=[心] src="https://h5.sinaimg.cn/m/emoticon/icon/others/l_xin-43af9086c0.png" style="width:1em; height:1em;" /></span>
在人间颓废的日子=>2022-01-23 11:56:08=>0=>期待冬奥<span class="url-icon"><img alt=[打call] src="https://h5.sinaimg.cn/m/emoticon/icon/default/fb_a1dacall-1e0c4593fc.png" style="width:1em; height:1em;" /></span>
Nebula一烟花炸开版=>2022-01-23 11:54:57=>0=>期待期待
你浅浅的微笑就像九转大肠=>2022-01-23 11:52:18=>0=>雪孩子突然唱起来:你爱我，我爱你蜜雪冰城甜蜜蜜<span class="url-icon"><img alt=[doge] src="https://h5.sinaimg.cn/m/emoticon/icon/others/d_doge-be7f768d78.png" style="width:1em; height:1em;" /></span>
hmh的大宝贝·=>2022-01-23 11:45:12=>0=><span class="url-icon"><img alt=[憧憬] src="https://h5.sinaimg.cn/m/emoticon/icon/default/d_xingxingyan-c64b6a744b.png" style="width:1em; height:1em;" /></span><span class="url-icon"><img alt=[憧憬] src="https://h5.sinaimg.cn/m/emoticon/icon/default/d_xingxingyan-c64b6a744b.png" style="width:1em; height:1em;" /></span>
萤星Yu_=>2022-01-23 11:38:45=>0=>期待期待<span class="url-icon"><img alt="[2022]" src="https://face.t.sinajs.cn/t4/appstyle/expression/ext/normal/bc/2021_2022_org.png" style="width:1em; height:1em;" /></span>
无聊观察弯弯=>2022-01-23 11:38:29=>0=>上海美影厂的全明星而已。
httpwwwcomnet=>2022-01-23 11:31:16=>0=>期待
蓝盔=>2022-01-23 11:24:48=>0=>像雪孩子
灵犀一动丫=>2022-01-23 11:22:23=>0=><span class="url-icon"><img alt=[good] src="https://h5.sinaimg.cn/m/emoticon/icon/others/h_good-0c51afc69c.png" style="width:1em; height:1em;" /></span><span class="url-icon"><img alt=[good] src="https://h5.sinaimg.cn/m/emoticon/icon/others/h_good-0c51afc69c.png" style="width:1em; height:1em;" /></span><span class="url-icon"><img alt=[good] src="https://h5.sinaimg.cn/m/emoticon/icon/others/h_good-0c51afc69c.png" style="width:1em; height:1em;" /></span>
猗水傍月小松鼠=>2022-01-23 11:21:34=>0=>葫芦娃bgm响起 DNA动了！期待北京冬奥会！
猗水傍月小松鼠=>2022-01-23 11:19:33=>0=>唔哇好可爱！！！
-王-000=>2022-01-23 11:19:23=>0=>一把子期待了<span class="url-icon"><img alt=[心] src="https://h5.sinaimg.cn/m/emoticon/icon/others/l_xin-43af9086c0.png" style="width:1em; height:1em;" /></span>
墨池予我=>2022-01-23 11:18:46=>0=>期待冬奥会
高高很乖=>2022-01-23 11:16:29=>0=>期待冬奥会
江衫如此多茶=>2022-01-23 11:29:29=>0=>芜湖期待啦
没见过酷盖吗=>2022-01-23 14:14:43=>0=>期待期待我们的冬奥会<span class="url-icon"><img alt=[太开心] src="https://h5.sinaimg.cn/m/emoticon/icon/default/d_taikaixin-b7d86de3fd.png" style="width:1em; height:1em;" /></span><span class="url-icon"><img alt=[太开心] src="https://h5.sinaimg.cn/m/emoticon/icon/default/d_taikaixin-b7d86de3fd.png" style="width:1em; height:1em;" /></span><span class="url-icon"><img alt=[心] src="https://h5.sinaimg.cn/m/emoticon/icon/others/l_xin-43af9086c0.png" style="width:1em; height:1em;" /></span><span class="url-icon"><img alt=[打call] src="https://h5.sinaimg.cn/m/emoticon/icon/default/fb_a1dacall-1e0c4593fc.png" style="width:1em; height:1em;" /></span><span class="url-icon"><img alt=[打call] src="https://h5.sinaimg.cn/m/emoticon/icon/default/fb_a1dacall-1e0c4593fc.png" style="width:1em; height:1em;" /></span>
静山无海=>2022-01-23 13:38:53=>0=><span class="url-icon"><img alt=[兔子] src="https://h5.sinaimg.cn/m/emoticon/icon/others/d_tuzi-d2b0222faa.png" style="width:1em; height:1em;" /></span>期待
黑黑不知所措啊=>2022-01-23 13:17:55=>0=>期待
维也纳的悲伤201711=>2022-01-23 13:09:45=>0=>期待
小昊爱吃冰激凌=>2022-01-23 12:08:22=>0=>期待冬奥会<span class="url-icon"><img alt=[心] src="https://h5.sinaimg.cn/m/emoticon/icon/others/l_xin-43af9086c0.png" style="width:1em; height:1em;" /></span>
芝心奶罐=>2022-01-23 11:58:48=>0=>美呆了
就吃一口QQ糖=>2022-01-23 11:32:25=>0=><span class="url-icon"><img alt=[赞] src="https://h5.sinaimg.cn/m/emoticon/icon/others/h_zan-44ddc70637.png" style="width:1em; height:1em;" /></span>
拿翔子酱没办法=>2022-01-23 11:17:13=>0=>期待！
小羊炸食铺---雨水版=>2022-01-23 16:32:34=>0=>梦幻联动！
元气满满的軒哥=>2022-01-23 14:26:47=>0=>太期待啦
光明磊落之气=>2022-01-23 13:39:42=>0=>金猴奋起千钧棒，玉宇澄清万里埃。
胡宇桐的宇宙奶桐妈=>2022-01-23 13:33:48=>0=>哇哦！太期待了吧！
养一只烊ba=>2022-01-23 13:19:38=>0=>期待期待
胡宇桐的宇宙乖乐妈=>2022-01-23 12:51:08=>0=>好期待啊！期待冬奥会<span class="url-icon"><img alt=[打call] src="https://h5.sinaimg.cn/m/emoticon/icon/default/fb_a1dacall-1e0c4593fc.png" style="width:1em; height:1em;" /></span><span class="url-icon"><img alt=[打call] src="https://h5.sinaimg.cn/m/emoticon/icon/default/fb_a1dacall-1e0c4593fc.png" style="width:1em; height:1em;" /></span><span class="url-icon"><img alt=[打call] src="https://h5.sinaimg.cn/m/emoticon/icon/default/fb_a1dacall-1e0c4593fc.png" style="width:1em; height:1em;" /></span>
会一直是小棉袄呀mmc=>2022-01-23 12:30:49=>0=>期待<span class="url-icon"><img alt=[心] src="https://h5.sinaimg.cn/m/emoticon/icon/others/l_xin-43af9086c0.png" style="width:1em; height:1em;" /></span>
山城月夜下的狼=>2022-01-23 12:11:18=>0=>期待冬奥运！！
Nebula一再炸一次版=>2022-01-23 12:02:02=>0=>期待期待
月野氿季=>2022-01-23 12:01:25=>0=>哇
SS第二帝国装甲师=>2022-01-23 12:00:48=>0=>期待<span class="url-icon"><img alt=[心] src="https://h5.sinaimg.cn/m/emoticon/icon/others/l_xin-43af9086c0.png" style="width:1em; height:1em;" /></span>
糖醋锅包肉使者=>2022-01-23 11:48:11=>0=>期待冬奥会～<span class="url-icon"><img alt=[心] src="https://h5.sinaimg.cn/m/emoticon/icon/others/l_xin-43af9086c0.png" style="width:1em; height:1em;" /></span><span class="url-icon"><img alt="[玉兔]" src="https://face.t.sinajs.cn/t4/appstyle/expression/ext/normal/7b/2021_yutu_org.png" style="width:1em; height:1em;" /></span>
怨女母零=>2022-01-23 11:40:15=>0=>期待一下<span class="url-icon"><img alt="[开学季]" src="https://face.t.sinajs.cn/t4/appstyle/expression/ext/normal/72/2021_kaixueji_org.png" style="width:1em; height:1em;" /></span>
日行一善每位朋友=>2022-01-23 11:29:43=>0=>请问党团员和工会妇联民政。建议企事业单位和超市酒店技术性不强的岗位部分保安保洁服务员可由贫困同学或老师来当。可领三倍工资。部分员工可春节放假。建议统一批发对联红包福字中国结等过年用品 临时培训一些贫困老师同学去销售增加些生活费。春节请钟点工打扫的家庭部分工作可否让贫困朋友做
立青光明=>2022-01-23 11:18:22=>0=><a  href="https://m.weibo.cn/search?containerid=231522type%3D1%26t%3D10%26q%3D%23%E5%85%A5%E5%A3%B0%E5%AD%97%E8%B6%A3%E8%B0%88%23&extparam=%23%E5%85%A5%E5%A3%B0%E5%AD%97%E8%B6%A3%E8%B0%88%23" data-hide=""><span class="surl-text">#入声字趣谈#</span></a> “角色”是入声字词组。
