将离pluto_唯=>2022-07-19 15:50:28=>4941=>先管管某位太子爷吧<span class="url-icon"><img alt=[doge] src="https://h5.sinaimg.cn/m/emoticon/icon/others/d_doge-be7f768d78.png" style="width:1em; height:1em;" /></span>
範什么玲x=>2022-07-19 15:56:30=>2184=>管管只会搞对立标题党的yxh吧<span class="url-icon"><img alt="[彩虹屁]" src="https://face.t.sinajs.cn/t4/appstyle/expression/ext/normal/4b/2022_praise_org.png" style="width:1em; height:1em;" /></span><span class="url-icon"><img alt="[彩虹屁]" src="https://face.t.sinajs.cn/t4/appstyle/expression/ext/normal/4b/2022_praise_org.png" style="width:1em; height:1em;" /></span>
慵懶進行時_=>2022-07-19 15:48:49=>1722=>嗯 先把yxh管管吧<span class="url-icon"><img alt="[苦涩]" src="https://face.t.sinajs.cn/t4/appstyle/expression/ext/normal/7e/2021_bitter_org.png" style="width:1em; height:1em;" /></span><span class="url-icon"><img alt="[苦涩]" src="https://face.t.sinajs.cn/t4/appstyle/expression/ext/normal/7e/2021_bitter_org.png" style="width:1em; height:1em;" /></span><span class="url-icon"><img alt="[苦涩]" src="https://face.t.sinajs.cn/t4/appstyle/expression/ext/normal/7e/2021_bitter_org.png" style="width:1em; height:1em;" /></span>
银河系探索员=>2022-07-19 15:50:06=>1728=><a  href="https://m.weibo.cn/search?containerid=231522type%3D1%26t%3D10%26q%3D%23%E9%9F%A9%E5%9B%BDn%E5%8F%B7%E6%88%BF%E5%9C%A8%E4%B8%AD%E5%9B%BD%E9%87%8D%E6%BC%94%23" data-hide=""><span class="surl-text">#韩国n号房在中国重演#</span></a>希望处理
龏奭嚻艸=>2022-07-19 15:54:00=>1171=>全力支持<span class="url-icon"><img alt=[good] src="https://h5.sinaimg.cn/m/emoticon/icon/others/h_good-0c51afc69c.png" style="width:1em; height:1em;" /></span><span class="url-icon"><img alt=[good] src="https://h5.sinaimg.cn/m/emoticon/icon/others/h_good-0c51afc69c.png" style="width:1em; height:1em;" /></span><span class="url-icon"><img alt=[good] src="https://h5.sinaimg.cn/m/emoticon/icon/others/h_good-0c51afc69c.png" style="width:1em; height:1em;" /></span>
这一口抵消28_=>2022-07-19 15:48:59=>1092=>支持！！！！！
一个不会让我考砸的名字=>2022-07-19 15:53:06=>1060=>支持
甜心格格呐=>2022-07-19 15:48:52=>1106=>害，希望说到做到吧<span class="url-icon"><img alt=[允悲] src="https://h5.sinaimg.cn/m/emoticon/icon/default/d_yunbei-a14a649db8.png" style="width:1em; height:1em;" /></span>
树莓熊-=>2022-07-19 15:48:26=>982=>支持👍
秋语邮寄=>2022-07-19 15:51:09=>936=>支持！
·粉色气泡酒·=>2022-07-19 15:56:18=>885=>支持！！！
独易无他=>2022-07-19 15:59:48=>811=>严查！！！！
挥霍月亮-=>2022-07-19 15:56:47=>936=>感觉差不多的内容发了好多次 有没有实施谁也不知道<span class="url-icon"><img alt="[哇]" src="https://face.t.sinajs.cn/t4/appstyle/expression/ext/normal/3d/2022_wow_org.png" style="width:1em; height:1em;" /></span><span class="url-icon"><img alt="[哇]" src="https://face.t.sinajs.cn/t4/appstyle/expression/ext/normal/3d/2022_wow_org.png" style="width:1em; height:1em;" /></span><span class="url-icon"><img alt="[哇]" src="https://face.t.sinajs.cn/t4/appstyle/expression/ext/normal/3d/2022_wow_org.png" style="width:1em; height:1em;" /></span>
回志信=>2022-07-19 15:49:42=>807=>网络氵军确实十分猖狂<span class="url-icon"><img alt=[嘘] src="https://h5.sinaimg.cn/m/emoticon/icon/default/d_xu-517e92dc54.png" style="width:1em; height:1em;" /></span>
-二八二十三=>2022-07-19 15:58:25=>775=>先整整造谣的yxh吧<span class="url-icon"><img alt=[哈哈] src="https://h5.sinaimg.cn/m/emoticon/icon/default/d_haha-0ec05e6dad.png" style="width:1em; height:1em;" /></span>
-二八二十三=>2022-07-19 15:59:25=>667=>快整整互联网的风气吧<span class="url-icon"><img alt=[哈哈] src="https://h5.sinaimg.cn/m/emoticon/icon/default/d_haha-0ec05e6dad.png" style="width:1em; height:1em;" /></span>
江晚承夜=>2022-07-19 15:52:27=>692=>支持
前方有炸蛋Word麻鸭-=>2022-07-19 15:59:55=>613=>先管管那些故意引起对立的yxh吧
pickpicklalalalala=>2022-07-19 15:52:47=>727=>emmmm小镇做题家表示真的嘛？
在石榴树上喊队长的二十=>2022-07-19 15:57:31=>563=>支持<span class="url-icon"><img alt="[赢牛奶]" src="https://face.t.sinajs.cn/t4/appstyle/expression/ext/normal/9c/2021_yingniunai_org.png" style="width:1em; height:1em;" /></span>
蒙头摔跤=>2022-07-19 15:55:43=>560=>感觉说过好几次了，支持！
椰汁局长=>2022-07-19 15:54:13=>516=>支持
春酲一寐=>2022-07-19 15:54:53=>519=>快点吧<span class="url-icon"><img alt="[苦涩]" src="https://face.t.sinajs.cn/t4/appstyle/expression/ext/normal/7e/2021_bitter_org.png" style="width:1em; height:1em;" /></span>
柒染荞霜=>2022-07-19 15:52:57=>572=>光说不做假把式<span class="url-icon"><img alt=[微笑] src="https://h5.sinaimg.cn/m/emoticon/icon/default/d_hehe-0be7e6251f.png" style="width:1em; height:1em;" /></span>
郭小茜_madder=>2022-07-19 15:55:51=>590=>易家军何在
因过竹院逢僧话鱼=>2022-07-19 15:57:21=>568=>本小镇做题家怕了
蜂蜜烤鱼排=>2022-07-19 16:01:57=>548=>赶紧处理吧 不要光说不做
medylshisj=>2022-07-19 15:51:22=>506=>说到做到吧<span class="url-icon"><img alt=[二哈] src="https://h5.sinaimg.cn/m/emoticon/icon/others/d_erha-139d0e07bd.png" style="width:1em; height:1em;" /></span>
宝宝宝宝宝贝儿璽=>2022-07-19 15:59:35=>468=>支持！！！请一定要落实！！严打黑产业链！！抵制网络暴力！
易千玊烊光=>2022-07-19 15:59:56=>436=>说了这么久也没看管出个名堂来，天天就会喊口号
桂圆爱柿子柿子爱桂圆=>2022-07-19 16:00:51=>479=>我能相信你吗！
我的克拉肯呢=>2022-07-19 15:58:33=>484=>这不是发过好几次了嘛，有什么成果吗<span class="url-icon"><img alt=[黑线] src="https://h5.sinaimg.cn/m/emoticon/icon/default/d_heixian-1bcf71bba6.png" style="width:1em; height:1em;" /></span>
嬛嬛与四郎的那年杏花微雨=>2022-07-19 16:03:21=>473=>这是那位太子爷买的？<span class="url-icon"><img alt=[doge] src="https://h5.sinaimg.cn/m/emoticon/icon/others/d_doge-be7f768d78.png" style="width:1em; height:1em;" /></span>转移话题用的？<span class="url-icon"><img alt=[吃瓜] src="https://h5.sinaimg.cn/m/emoticon/icon/default/d_chigua-7a95e6efc4.png" style="width:1em; height:1em;" /></span>
会员到期后立马注销=>2022-07-19 15:56:57=>408=>支持！
椰奶盖浇饭=>2022-07-19 16:04:03=>449=>管管某太子家的粉丝吧  一直在空瓶 我们普通人怎么活<span class="url-icon"><img alt=[泪] src="https://h5.sinaimg.cn/m/emoticon/icon/default/d_lei-4cdf6ee412.png" style="width:1em; height:1em;" /></span><span class="url-icon"><img alt=[泪] src="https://h5.sinaimg.cn/m/emoticon/icon/default/d_lei-4cdf6ee412.png" style="width:1em; height:1em;" /></span>
明哥我又回来了=>2022-07-19 15:55:41=>416=>月经贴又来了<span class="url-icon"><img alt=[疑问] src="https://h5.sinaimg.cn/m/emoticon/icon/default/d_yiwen-40c066d5c3.png" style="width:1em; height:1em;" /></span>
唯Love晨熙=>2022-07-19 15:48:17=>385=>支持
花城城i=>2022-07-19 16:00:40=>380=>能不能先管管引战的yxh啊，都多少次了
爱你永远无绝期=>2022-07-19 15:51:36=>328=>魑魅魍魉怎么他就这么多<span class="url-icon"><img alt=[二哈] src="https://h5.sinaimg.cn/m/emoticon/icon/others/d_erha-139d0e07bd.png" style="width:1em; height:1em;" /></span>
自由如风平凡如云=>2022-07-19 15:56:16=>323=>双手赞成
五花肉炒肉sgh=>2022-07-19 16:00:11=>353=>年年都在说，这次能做到吗
EliClark_Seer=>2022-07-19 15:53:31=>290=>笑鼠，这条评论里不就一堆魑魅魍魉，清个寂寞
麻辣鸭头嘎嘎炫=>2022-07-19 16:01:39=>344=>从源头水君公司抓起，好吗<span class="url-icon"><img alt=[微笑] src="https://h5.sinaimg.cn/m/emoticon/icon/default/d_hehe-0be7e6251f.png" style="width:1em; height:1em;" /></span>
攻击反弓单弓单弓单=>2022-07-19 15:49:20=>285=>嗯…本做题家表示赞同<span class="url-icon"><img alt=[挤眼] src="https://h5.sinaimg.cn/m/emoticon/icon/default/d_jiyan-9f343230f4.png" style="width:1em; height:1em;" /></span>
七月如糖_=>2022-07-19 15:52:44=>294=><span class="url-icon"><img alt=[good] src="https://h5.sinaimg.cn/m/emoticon/icon/others/h_good-0c51afc69c.png" style="width:1em; height:1em;" /></span>
小七的小雨滴=>2022-07-19 15:49:43=>305=>支持
咆哮de大盖伦=>2022-07-19 15:56:21=>296=>笑死了  我又看到最后的结果了
南珊坞莓萝=>2022-07-19 16:00:44=>287=>水jun早就能管管了，还有挑事儿的yxh顺便也能处理一下了
沃似妮谍=>2022-07-19 16:01:12=>305=>哦，知道了，你先把太子处理了吧<span class="url-icon"><img alt=[微笑] src="https://h5.sinaimg.cn/m/emoticon/icon/default/d_hehe-0be7e6251f.png" style="width:1em; height:1em;" /></span><span class="url-icon"><img alt=[微笑] src="https://h5.sinaimg.cn/m/emoticon/icon/default/d_hehe-0be7e6251f.png" style="width:1em; height:1em;" /></span><span class="url-icon"><img alt=[微笑] src="https://h5.sinaimg.cn/m/emoticon/icon/default/d_hehe-0be7e6251f.png" style="width:1em; height:1em;" /></span>
荼荼仪咕噜咕噜=>2022-07-19 15:59:19=>297=>先把太子给我带的帽子摘了吧<span class="url-icon"><img alt=[笑cry] src="https://h5.sinaimg.cn/m/emoticon/icon/default/d_xiaoku-f2bd11b506.png" style="width:1em; height:1em;" /></span><span class="url-icon"><img alt=[笑cry] src="https://h5.sinaimg.cn/m/emoticon/icon/default/d_xiaoku-f2bd11b506.png" style="width:1em; height:1em;" /></span><span class="url-icon"><img alt=[笑cry] src="https://h5.sinaimg.cn/m/emoticon/icon/default/d_xiaoku-f2bd11b506.png" style="width:1em; height:1em;" /></span>
女宝破防现场=>2022-07-19 15:54:31=>248=>造谣千千万，女诬占九成
003今天首飞了吗=>2022-07-19 15:50:53=>286=>机关化，行政化，贵族化，娱乐化
田玊尔=>2022-07-19 16:00:52=>275=>网络不是非法之地，yxh为了流量就无下限的挑唆引战的请严厉打击！！！！
奶盖绿茶请不要摇晃=>2022-07-19 15:48:36=>266=>哈哈哈哈哈哈哈哈哈就哈哈哈哈哈哈哈哈哈哈哈
今年要开心呀呀呀=>2022-07-19 16:03:09=>298=>先把共享取消，再把营销号封一批，效果绝对好
易千万的玺欢烊=>2022-07-19 15:54:46=>271=>我爱你，我的国家<span class="url-icon"><img alt=[打call] src="https://h5.sinaimg.cn/m/emoticon/icon/default/fb_a1dacall-1e0c4593fc.png" style="width:1em; height:1em;" /></span><span class="url-icon"><img alt=[打call] src="https://h5.sinaimg.cn/m/emoticon/icon/default/fb_a1dacall-1e0c4593fc.png" style="width:1em; height:1em;" /></span><span class="url-icon"><img alt=[打call] src="https://h5.sinaimg.cn/m/emoticon/icon/default/fb_a1dacall-1e0c4593fc.png" style="width:1em; height:1em;" /></span>
谢懿秋40754=>2022-07-19 16:04:11=>256=>支持  再管管yxh
立刻午睡啦=>2022-07-19 16:04:14=>273=>口号那么久，但是没有看到成果！倒是抓人啊
蜜雪冰城甜=>2022-07-19 16:03:25=>273=>你先抓个典型案例出来严打我才相信，不然就是说空话
青葱影视解说=>2022-07-19 15:57:18=>295=>早该管管了，
无敌小奶芙_=>2022-07-19 15:57:43=>285=>支持！！！！
请收好今晚的月比=>2022-07-19 16:00:27=>274=>又来了，知道了，退下吧<span class="url-icon"><img alt=[微笑] src="https://h5.sinaimg.cn/m/emoticon/icon/default/d_hehe-0be7e6251f.png" style="width:1em; height:1em;" /></span>
nalajiejie=>2022-07-19 16:00:11=>243=>先把造谣传谣刷黑词条的给处理了
鎏蕲=>2022-07-19 16:03:42=>241=>希望落到实处，严厉打击还在评论区造谣生事的
杀鱼匠2024=>2022-07-19 16:06:22=>235=>一直打击，就是不见成效
留把寒冰=>2022-07-19 16:12:11=>239=>快点动起来吧！！！！别光喊口号了！！！！
顾墨栀夕=>2022-07-19 15:50:41=>241=>支持<span class="url-icon"><img alt=[打call] src="https://h5.sinaimg.cn/m/emoticon/icon/default/fb_a1dacall-1e0c4593fc.png" style="width:1em; height:1em;" /></span><span class="url-icon"><img alt=[打call] src="https://h5.sinaimg.cn/m/emoticon/icon/default/fb_a1dacall-1e0c4593fc.png" style="width:1em; height:1em;" /></span><span class="url-icon"><img alt=[打call] src="https://h5.sinaimg.cn/m/emoticon/icon/default/fb_a1dacall-1e0c4593fc.png" style="width:1em; height:1em;" /></span><span class="url-icon"><img alt=[打call] src="https://h5.sinaimg.cn/m/emoticon/icon/default/fb_a1dacall-1e0c4593fc.png" style="width:1em; height:1em;" /></span>
网络大侠=>2022-07-19 15:49:53=>258=>支持的打支持
勋勋和她的小烊=>2022-07-19 16:01:07=>223=>支持
HUANGMIN-X=>2022-07-19 16:06:09=>217=>我求求了，把那些网络喷子的号给封了吧
爱吃苹果派的少小姐=>2022-07-19 16:09:08=>208=>希望落到实处。现在网络环境真的不太行
红烧肘子吃吃吃=>2022-07-19 16:05:40=>187=>你看看微博上随处可见的志豪哥吧<span class="url-icon"><img alt=[doge] src="https://h5.sinaimg.cn/m/emoticon/icon/others/d_doge-be7f768d78.png" style="width:1em; height:1em;" /></span><span class="url-icon"><img alt=[doge] src="https://h5.sinaimg.cn/m/emoticon/icon/others/d_doge-be7f768d78.png" style="width:1em; height:1em;" /></span><span class="url-icon"><img alt=[doge] src="https://h5.sinaimg.cn/m/emoticon/icon/others/d_doge-be7f768d78.png" style="width:1em; height:1em;" /></span> yhsq就在你眼前
爱吃苹果派的少小姐=>2022-07-19 16:08:41=>173=>严惩爱用造谣博取流量的yxh吧
木椿芽芽__=>2022-07-19 16:05:18=>178=>希望【所有】网暴他人者都能得到应有的惩罚<span class="url-icon"><img alt=[爱你] src="https://h5.sinaimg.cn/m/emoticon/icon/default/d_aini-09d5f3f870.png" style="width:1em; height:1em;" /></span>
瑶宝烊焖饼=>2022-07-19 16:16:12=>140=>支持！！！！
贰HUAYEE=>2022-07-19 16:07:57=>133=>评论区不就有造谣传谣的<span class="url-icon"><img alt=[摊手] src="https://h5.sinaimg.cn/m/emoticon/icon/default/d_tanshou-fa05d4eacf.png" style="width:1em; height:1em;" /></span><span class="url-icon"><img alt=[摊手] src="https://h5.sinaimg.cn/m/emoticon/icon/default/d_tanshou-fa05d4eacf.png" style="width:1em; height:1em;" /></span>希望这次不要雷声大雨点小了<span class="url-icon"><img alt=[摊手] src="https://h5.sinaimg.cn/m/emoticon/icon/default/d_tanshou-fa05d4eacf.png" style="width:1em; height:1em;" /></span><span class="url-icon"><img alt=[摊手] src="https://h5.sinaimg.cn/m/emoticon/icon/default/d_tanshou-fa05d4eacf.png" style="width:1em; height:1em;" /></span><span class="url-icon"><img alt=[摊手] src="https://h5.sinaimg.cn/m/emoticon/icon/default/d_tanshou-fa05d4eacf.png" style="width:1em; height:1em;" /></span>
HUANGMIN-X=>2022-07-19 16:03:32=>143=>支持支持
十八加糖=>2022-07-19 16:13:55=>134=>是说易烊千玺爸爸易上捷的公司吗
林深有烊28=>2022-07-19 16:10:16=>119=>支持支持
金钱美酒凯子与狗0789=>2022-07-19 16:03:45=>136=>支持，但是没看到效果！
玻璃上有雾气被隐藏的过去=>2022-07-19 16:19:39=>104=>我是支持你的，但是易四个字的事你管吗
玻璃上有雾气被隐藏的过去=>2022-07-19 16:21:31=>85=>我支持你，真的很支持你
闲云野鹤舟自横=>2022-07-19 16:00:07=>88=>控评起源 TFBOYS-易烊千玺
·烊烊玺欢玺烊烊·=>2022-07-19 16:23:14=>80=>支持支持支持
仙女的迪士尼城堡=>2022-07-19 15:59:58=>89=>嗯，本指责型人格小镇做题家表示支持<span class="url-icon"><img alt="[举手]" src="https://face.t.sinajs.cn/t4/appstyle/expression/ext/normal/fd/2022_raisehand_org.png" style="width:1em; height:1em;" /></span><span class="url-icon"><img alt="[举手]" src="https://face.t.sinajs.cn/t4/appstyle/expression/ext/normal/fd/2022_raisehand_org.png" style="width:1em; height:1em;" /></span><span class="url-icon"><img alt="[举手]" src="https://face.t.sinajs.cn/t4/appstyle/expression/ext/normal/fd/2022_raisehand_org.png" style="width:1em; height:1em;" /></span>
Eileenseraph=>2022-07-19 15:56:40=>88=>嗯，评论里有些不就是最该清理的吗，还在那儿贼喊捉贼呢
玻璃上有雾气被隐藏的过去=>2022-07-19 16:24:31=>61=><span class="url-icon"><img alt=[赞] src="https://h5.sinaimg.cn/m/emoticon/icon/others/h_zan-44ddc70637.png" style="width:1em; height:1em;" /></span>支持，拒绝刷量控评的行为
林深有烊28=>2022-07-19 16:11:31=>56=>先管管造谣的营销号吧<span class="url-icon"><img alt="[苦涩]" src="https://face.t.sinajs.cn/t4/appstyle/expression/ext/normal/7e/2021_bitter_org.png" style="width:1em; height:1em;" /></span>
Jokyeom_liii=>2022-07-19 16:16:05=>45=>支持
小h的哇噻=>2022-07-19 16:17:45=>41=>支持！
延-玥=>2022-07-19 15:59:32=>31=>支持
柿种米果=>2022-07-19 16:05:21=>27=>口号从未停止<span class="url-icon"><img alt="[开学季]" src="https://face.t.sinajs.cn/t4/appstyle/expression/ext/normal/72/2021_kaixueji_org.png" style="width:1em; height:1em;" /></span>
org潮气=>2022-07-19 15:58:34=>26=>支持
车厘子要自由_=>2022-07-19 16:02:54=>17=>期待效果！！！
玊口水=>2022-07-19 16:31:54=>18=>先管管爱传谣爱网暴的网民吧<span class="url-icon"><img alt=[吃惊] src="https://h5.sinaimg.cn/m/emoticon/icon/default/d_chijing-59b444adb6.png" style="width:1em; height:1em;" /></span>
这个世界讨人厌=>2022-07-19 16:01:41=>27=>易老师: ？
ooi师=>2022-07-19 16:03:55=>24=>中国新闻周刊 说的他俩吗<span class="url-icon"><img alt="[揣手]" src="https://face.t.sinajs.cn/t4/appstyle/expression/ext/normal/af/2022_chuaishou_org.png" style="width:1em; height:1em;" /></span>
想去大海捞锦鲤_=>2022-07-19 15:59:45=>28=>太子你敢管吗<span class="url-icon"><img alt=[二哈] src="https://h5.sinaimg.cn/m/emoticon/icon/others/d_erha-139d0e07bd.png" style="width:1em; height:1em;" /></span>
5A0D=>2022-07-19 16:16:58=>16=>人民日报有偿删帖？？
玊口水=>2022-07-19 16:30:49=>12=>支持<span class="url-icon"><img alt="[彩虹屁]" src="https://face.t.sinajs.cn/t4/appstyle/expression/ext/normal/4b/2022_praise_org.png" style="width:1em; height:1em;" /></span>特别支持<span class="url-icon"><img alt="[彩虹屁]" src="https://face.t.sinajs.cn/t4/appstyle/expression/ext/normal/4b/2022_praise_org.png" style="width:1em; height:1em;" /></span>
玊口水=>2022-07-19 16:30:34=>12=>先把爱网暴的网民管管吧<span class="url-icon"><img alt=[吃惊] src="https://h5.sinaimg.cn/m/emoticon/icon/default/d_chijing-59b444adb6.png" style="width:1em; height:1em;" /></span>
玺欢易只火羊宝宝=>2022-07-19 16:29:50=>10=>确实需要打击了！
_钙柿嘤嘤熊_=>2022-07-19 15:57:39=>16=>这我支持！就是不知道啥效果
爱吃榴莲de猫呀=>2022-07-19 16:12:52=>11=>太子 乐滑 什么时候清理掉
7友_H毅東=>2022-07-19 15:49:39=>19=>管管一手遮天那家人
荼荼仪咕噜咕噜=>2022-07-19 15:59:43=>14=>人民日报 出来说话<span class="url-icon"><img alt="[开学季]" src="https://face.t.sinajs.cn/t4/appstyle/expression/ext/normal/72/2021_kaixueji_org.png" style="width:1em; height:1em;" /></span>
小y同学ya1919=>2022-07-19 16:31:18=>8=>支持！！！
-林温妮=>2022-07-19 16:27:22=>8=>支持<span class="url-icon"><img alt=[羞嗒嗒] src="https://h5.sinaimg.cn/m/emoticon/icon/lxh/lxh_xiudada-e99552ddb3.png" style="width:1em; height:1em;" /></span>
放下它别吃了=>2022-07-19 16:23:41=>5=>先把你这条里面阳阳怪气的管管吧！
胖球的芽芽=>2022-07-19 16:02:41=>11=>支持，尽快落实哦<span class="url-icon"><img alt="[举杠铃]" src="https://face.t.sinajs.cn/t4/appstyle/expression/ext/normal/bb/2022_Weightlifting_org.png" style="width:1em; height:1em;" /></span>
七玿kici=>2022-07-19 15:51:31=>8=>希望说到做到
他说他听到啦-=>2022-07-19 16:19:23=>5=>能不能管管那些营销号<span class="url-icon"><img alt="[苦涩]" src="https://face.t.sinajs.cn/t4/appstyle/expression/ext/normal/7e/2021_bitter_org.png" style="width:1em; height:1em;" /></span>
藏在口袋的表白_=>2022-07-19 16:10:23=>5=>先整治yxh吧，天天搞对立发谣言
廿八玄序=>2022-07-19 16:09:54=>4=>很难不支持
酱酱希_=>2022-07-19 15:51:46=>5=>支持！尤其是yxh！
三只喵的咪=>2022-07-19 15:58:50=>4=>支持！
为了十元哭唧唧=>2022-07-19 16:13:34=>11=>易烊千玺引起巨大舆情问题，你不关注一下么？
奶茶七分甜糖=>2022-07-19 16:06:07=>2=><span class="url-icon"><img alt=[伤心] src="https://h5.sinaimg.cn/m/emoticon/icon/others/l_shangxin-49b2fe44a6.png" style="width:1em; height:1em;" /></span>
TROUVAILLEPAPILLONS=>2022-07-19 16:35:02=>4=>请一定严查！！
烊烊得易就是你=>2022-07-19 16:32:42=>4=>支持
近听江南雪远见长安月=>2022-07-19 16:13:13=>6=>有本事管管公器私用的某些蓝v吧先 骑墙仔<span class="url-icon"><img alt="[交税]" src="https://face.t.sinajs.cn/t4/appstyle/expression/ext/normal/8e/2022_jiaoshui_org.png" style="width:1em; height:1em;" /></span>
关爱帅哥成长邪会=>2022-07-19 16:09:11=>4=>每次带节奏的都是各大营销号，你们别光喊口号，抓紧整治。我们很想要干净的舆论环境和网络环境
娜娜真棒呀=>2022-07-19 16:35:33=>2=>支持国家！！！
魔女萧萧变魔法=>2022-07-19 16:30:57=>2=>动起来，不要光说<span class="url-icon"><img alt="[揣手]" src="https://face.t.sinajs.cn/t4/appstyle/expression/ext/normal/af/2022_chuaishou_org.png" style="width:1em; height:1em;" /></span>
野王小烊=>2022-07-19 16:12:15=>4=>支持
小七仔是我耶=>2022-07-19 16:20:58=>2=>那得支持啊
小琪琪bao=>2022-07-19 16:01:16=>2=>这两项都该落到实处最好
荼荼仪咕噜咕噜=>2022-07-19 15:58:33=>11=>本小镇做题家支持<span class="url-icon"><img alt="[开学季]" src="https://face.t.sinajs.cn/t4/appstyle/expression/ext/normal/72/2021_kaixueji_org.png" style="width:1em; height:1em;" /></span>
袅袅水芝红nnszh=>2022-07-19 19:50:33=>5=>控评不说，易烊千玺粉丝是怎么拿到被举报事项已办结的图的？注意不是已回复举报，而是事项已办结。
千玺的小瑶瑶瑶瑶=>2022-07-19 16:39:18=>3=>支持
崽崽的轻松熊Yee=>2022-07-19 16:19:38=>3=>非常支持！
不缺山肴野蔌=>2022-07-19 16:08:09=>8=>支持，请加大力度！
muamuamuaii=>2022-07-19 16:01:26=>4=>可以把yxh封了吗？管管该管的事情吧<span class="url-icon"><img alt=[doge] src="https://h5.sinaimg.cn/m/emoticon/icon/others/d_doge-be7f768d78.png" style="width:1em; height:1em;" /></span>
BBBGMT=>2022-07-21 14:24:51=>1=>肖战不处理，这要求就是个摆设
吾本无意穿堂风=>2022-07-19 23:25:25=>1=>网易阴阳师手游
-小小花椒-=>2022-07-19 16:40:00=>1=>支持！！！
你真的泰酷辣=>2022-07-19 16:31:02=>2=>从源头查起好么，还有yxh也管管
俊赫妈妈1=>2022-07-19 16:26:20=>1=>豆瓣呢也是一个长年撕逼的场所
将离pluto_唯=>2022-07-19 16:25:14=>3=>这个话题提过好几次了 希望这次严打能有效果 打击恶意引流引发舆论的营销号  但最好也别矫枉过正，大众适当的舆论质疑还是应该不在此范围内的
叶初玺君顾=>2022-07-19 16:21:39=>1=>必须严打！
我是长夜也是灯火=>2022-07-19 16:18:09=>2=>先做再说吧！敢从zl开始吗，搞对立放大矛盾第一名，yxh引流是命根子怎么会清理呢<span class="url-icon"><img alt=[兔子] src="https://h5.sinaimg.cn/m/emoticon/icon/others/d_tuzi-d2b0222faa.png" style="width:1em; height:1em;" /></span>
嗨六多乐=>2022-07-19 16:13:17=>1=>支持
不舍昼夜CM10=>2022-07-19 16:08:22=>1=>支持
关爱帅哥成长邪会=>2022-07-19 16:07:39=>2=>老生常谈，和月经贴一样，管用了么？先抓紧整治带节奏的营销号吧<span class="url-icon"><img alt=[裂开] src="https://h5.sinaimg.cn/m/emoticon/icon/default/fc_liekai-9df295d44f.png" style="width:1em; height:1em;" /></span>
呼哈哈huha=>2022-07-19 16:00:21=>3=>又来了，又来了，比我月经还准时
闲情KW=>2022-07-19 15:52:06=>3=>支持，支持<span class="url-icon"><img alt=[给力] src="https://h5.sinaimg.cn/m/emoticon/icon/others/f_geili-78be8d9152.png" style="width:1em; height:1em;" /></span><span class="url-icon"><img alt=[给力] src="https://h5.sinaimg.cn/m/emoticon/icon/others/f_geili-78be8d9152.png" style="width:1em; height:1em;" /></span>
一件钟琴Q=>2022-07-19 16:10:19=>3=>烦请官媒先做好自己的正确引导，不要为了流量而挑起社会矛盾，不然会失去自己权威性与公信力
Sorosss=>2022-07-19 16:10:10=>5=>呦 前不久的事现在是忘了吗？
找肖讷=>2022-07-19 15:57:30=>3=>老生常谈了
DL那一抹蓝=>2022-07-19 22:44:25=>1=>请问，这样的管不管
麻麻麻麻了会好=>2022-07-19 16:32:09=>1=>支持，但是请落到实处
是思祈呀=>2022-07-19 16:27:53=>1=>非常支持！
拉kiPUPPY=>2022-07-19 16:19:49=>2=>已阅
呀_别管我了_=>2022-07-19 16:06:22=>2=>刚才还收到有人买我号的私信呢<span class="url-icon"><img alt=[允悲] src="https://h5.sinaimg.cn/m/emoticon/icon/default/d_yunbei-a14a649db8.png" style="width:1em; height:1em;" /></span><span class="url-icon"><img alt=[允悲] src="https://h5.sinaimg.cn/m/emoticon/icon/default/d_yunbei-a14a649db8.png" style="width:1em; height:1em;" /></span>
佳佳love小梨涡=>2022-07-19 16:32:18=>2=>有好多号什么事什么博都能第一时间闻到味道来控评黑一下，合理质疑你们收了多少💰，听说黑一条15-30r不等呢，烦请你们自证清白一下，否则就是默认/心虚！
你耳机在听谁的歌=>2022-07-19 16:22:35=>3=>刷量控评？人易日报出来走两步
爱吃榴莲de猫呀=>2022-07-19 16:18:23=>3=>我原本以为王 一 搏 的 800 y x h已经很厉 害了，这次 太， 子的才是让我大开眼界。快 点 都 清 理 掉 吧 ！
Yuni芸=>2022-07-19 16:12:09=>1=>是该好好整治了，都把我长久不用的号盗去了🙄
霍香香香香香=>2022-07-19 16:11:58=>3=>支持严查严打买卖双方<span class="url-icon"><img alt=[微笑] src="https://h5.sinaimg.cn/m/emoticon/icon/default/d_hehe-0be7e6251f.png" style="width:1em; height:1em;" /></span>
有着少女心的欧巴桑=>2022-07-19 16:11:28=>1=>把造谣、传谣的cs们都逮起来判刑吧！
oO一人一Oo=>2022-07-19 16:09:35=>1=>打铁还须自身硬
新时代赫赫战歌=>2022-07-19 16:07:08=>1=>从公知，女拳抓起
源老板家小劳模=>2022-07-19 16:01:37=>3=>小镇做题家啥都不敢说<span class="url-icon"><img alt="[开学季]" src="https://face.t.sinajs.cn/t4/appstyle/expression/ext/normal/72/2021_kaixueji_org.png" style="width:1em; height:1em;" /></span>
走吧走吧跟我走吧=>2022-07-19 18:31:16=>2=>别光说，干点实事，先查查【赢销股份有限公司】可好，还有【诚信天下网络股份有限公司】，顺便查查【北京中成信诺律师事务所】，哦对了，这个律师事务所2022年7月12日改名【北京休明盛世科技】了，也不知道为啥一个律所突然变科技公司了<span class="url-icon"><img alt=[摊手] src="https://h5.sinaimg.cn/m/emoticon/icon/default/d_tanshou-fa05d4eacf.png" style="width:1em; height:1em;" /></span>
南川鲸落_=>2022-07-19 16:34:27=>2=>先管管你评论区控评的明星粉丝吧<span class="url-icon"><img alt="[开学季]" src="https://face.t.sinajs.cn/t4/appstyle/expression/ext/normal/72/2021_kaixueji_org.png" style="width:1em; height:1em;" /></span>
热爱摸鱼-=>2022-07-19 16:27:47=>1=>管管造谣传谣的<span class="url-icon"><img alt=[嘻嘻] src="https://h5.sinaimg.cn/m/emoticon/icon/default/d_xixi-643ef6e48d.png" style="width:1em; height:1em;" /></span>
肆年千影=>2022-07-19 16:26:30=>1=>支持<span class="url-icon"><img alt="[赢牛奶]" src="https://face.t.sinajs.cn/t4/appstyle/expression/ext/normal/9c/2021_yingniunai_org.png" style="width:1em; height:1em;" /></span>
小小炒鸡玺欢易=>2022-07-19 16:23:53=>1=>支持
1ting王=>2022-07-19 15:56:18=>1=>呵呵
七哥啵啵=>2022-07-20 17:17:14=>1=>网络营销公司不应该存在
没理由ing=>2022-07-20 00:09:07=>1=>控评的话，几大央媒还是比较有话语权的<span class="url-icon"><img alt=[允悲] src="https://h5.sinaimg.cn/m/emoticon/icon/default/d_yunbei-a14a649db8.png" style="width:1em; height:1em;" /></span>
08届42班=>2022-07-19 19:10:04=>3=>建议——把所有营Ⅹ号的lD名后面加上所在公司！不干坏事的应该不怕这样吧？<span class="url-icon"><img alt=[二哈] src="https://h5.sinaimg.cn/m/emoticon/icon/others/d_erha-139d0e07bd.png" style="width:1em; height:1em;" /></span>
依古比古·唔西迪西=>2022-07-19 18:19:31=>1=>支持 先从营销号管起<span class="url-icon"><img alt="[哇]" src="https://face.t.sinajs.cn/t4/appstyle/expression/ext/normal/3d/2022_wow_org.png" style="width:1em; height:1em;" /></span>每次都挑拨粉丝群体之间的斗争，挑起来之后再说他自己仅代表自己，怎么好话坏话都是叫营销号说了呢<span class="url-icon"><img alt="[哇]" src="https://face.t.sinajs.cn/t4/appstyle/expression/ext/normal/3d/2022_wow_org.png" style="width:1em; height:1em;" /></span><span class="url-icon"><img alt=[怒] src="https://h5.sinaimg.cn/m/emoticon/icon/default/d_nu-0ddf642bed.png" style="width:1em; height:1em;" /></span>
悲伤小狗不冬眠=>2022-07-19 17:27:34=>1=>支持！
逃避理想主义=>2022-07-19 16:55:20=>1=>好家伙某太子占一半<span class="url-icon"><img alt=[允悲] src="https://h5.sinaimg.cn/m/emoticon/icon/default/d_yunbei-a14a649db8.png" style="width:1em; height:1em;" /></span>
谙煜小朋友=>2022-07-19 16:42:50=>1=>emmm 可以拿今天造姜广涛老师谣的先开开刀<span class="url-icon"><img alt=[doge] src="https://h5.sinaimg.cn/m/emoticon/icon/others/d_doge-be7f768d78.png" style="width:1em; height:1em;" /></span>
海边的每一天里=>2022-07-19 16:41:30=>1=>一万个支持
好好生活呀呀呀呀呀=>2022-07-19 16:41:14=>1=>先把造谣的封了吧
我也希望你存在过=>2022-07-19 16:37:24=>1=>希望吧！
一个小绿藻=>2022-07-19 16:37:23=>1=>又在放屁了，月经贴烦了
每天都要见1128=>2022-07-19 16:35:08=>1=>很难不支持<span class="url-icon"><img alt=[打call] src="https://h5.sinaimg.cn/m/emoticon/icon/default/fb_a1dacall-1e0c4593fc.png" style="width:1em; height:1em;" /></span><span class="url-icon"><img alt=[打call] src="https://h5.sinaimg.cn/m/emoticon/icon/default/fb_a1dacall-1e0c4593fc.png" style="width:1em; height:1em;" /></span><span class="url-icon"><img alt=[打call] src="https://h5.sinaimg.cn/m/emoticon/icon/default/fb_a1dacall-1e0c4593fc.png" style="width:1em; height:1em;" /></span>强烈支持
烊吱吱吱咩=>2022-07-19 16:31:57=>1=>支持！网络不是法外之地<span class="url-icon"><img alt=[拳头] src="https://h5.sinaimg.cn/m/emoticon/icon/others/h_quantou-81f684d5ed.png" style="width:1em; height:1em;" /></span>
几年年子=>2022-07-19 16:29:44=>1=>支持住了!但是也别光嘴上说说
棉棉烊咩=>2022-07-19 16:29:20=>1=>支持，营造良好的网络环境
晦气垃圾玩意21=>2022-07-19 16:25:11=>1=><a  href="https://m.weibo.cn/search?containerid=231522type%3D1%26t%3D10%26q%3D%23%E9%9F%A9%E5%9B%BDn%E5%8F%B7%E6%88%BF%E5%9C%A8%E4%B8%AD%E5%9B%BD%E9%87%8D%E6%BC%94%23" data-hide=""><span class="surl-text">#韩国n号房在中国重演#</span></a>关注处理
晦气垃圾玩意21=>2022-07-19 16:24:51=>1=><a  href="https://m.weibo.cn/search?containerid=231522type%3D1%26t%3D10%26q%3D%23%E9%9F%A9%E5%9B%BDn%E5%8F%B7%E6%88%BF%E5%9C%A8%E4%B8%AD%E5%9B%BD%E9%87%8D%E6%BC%94%23" data-hide=""><span class="surl-text">#韩国n号房在中国重演#</span></a><span class="url-icon"><img alt="[冲刺]" src="https://face.t.sinajs.cn/t4/appstyle/expression/ext/normal/ac/2022_Sprint_org.png" style="width:1em; height:1em;" /></span><span class="url-icon"><img alt="[冲刺]" src="https://face.t.sinajs.cn/t4/appstyle/expression/ext/normal/ac/2022_Sprint_org.png" style="width:1em; height:1em;" /></span><span class="url-icon"><img alt="[冲刺]" src="https://face.t.sinajs.cn/t4/appstyle/expression/ext/normal/ac/2022_Sprint_org.png" style="width:1em; height:1em;" /></span>
想娶刘艳芬_=>2022-07-19 16:20:06=>1=>支持！！一定要严厉打击！！！
林林JL2004=>2022-07-19 16:09:49=>2=>这个太支持了，网上戾气太重了
海豹突击队长的猫二十=>2022-07-19 16:06:39=>1=>支持
蜗牛也很快啊=>2022-07-19 16:06:06=>1=>该管的不管<span class="url-icon"><img alt=[嘻嘻] src="https://h5.sinaimg.cn/m/emoticon/icon/default/d_xixi-643ef6e48d.png" style="width:1em; height:1em;" /></span><span class="url-icon"><img alt=[嘻嘻] src="https://h5.sinaimg.cn/m/emoticon/icon/default/d_xixi-643ef6e48d.png" style="width:1em; height:1em;" /></span><span class="url-icon"><img alt=[嘻嘻] src="https://h5.sinaimg.cn/m/emoticon/icon/default/d_xixi-643ef6e48d.png" style="width:1em; height:1em;" /></span>
一只困困羊o=>2022-07-19 16:04:48=>1=>支持!!
举头望明月亮膜=>2022-07-19 16:01:37=>2=>支持<span class="url-icon"><img alt=[抱一抱] src="https://h5.sinaimg.cn/m/emoticon/icon/default/co_a1hug-f3910d0e88.png" style="width:1em; height:1em;" /></span>
无敌小奶芙_=>2022-07-19 15:58:03=>3=>希望说到做到！
都在这说啥呢=>2022-07-19 15:50:42=>2=>刷明星后援团的
为爱持笔写诗=>2022-07-19 15:48:43=>1=>支持<span class="url-icon"><img alt=[打call] src="https://h5.sinaimg.cn/m/emoticon/icon/default/fb_a1dacall-1e0c4593fc.png" style="width:1em; height:1em;" /></span>
深夜偷偷长胖的唐梦渊=>2022-07-19 15:48:26=>1=>支持！！！
你先bi嘴=>2022-07-19 16:22:38=>1=>支持
盼梦中=>2022-07-19 16:09:03=>2=>支持支持！
碧雪冰莹=>2022-07-21 11:51:03=>1=>但凡真的整治了，现在网络也不会那么混乱。 每次都喊喊口号，实际上也没看到有什么改变。
Suzu_yamano=>2022-07-21 10:39:50=>1=>只会喊口号骗骗普通人，实际行动完全没有<span class="url-icon"><img alt="[交税]" src="https://face.t.sinajs.cn/t4/appstyle/expression/ext/normal/8e/2022_jiaoshui_org.png" style="width:1em; height:1em;" /></span><span class="url-icon"><img alt="[交税]" src="https://face.t.sinajs.cn/t4/appstyle/expression/ext/normal/8e/2022_jiaoshui_org.png" style="width:1em; height:1em;" /></span><span class="url-icon"><img alt="[交税]" src="https://face.t.sinajs.cn/t4/appstyle/expression/ext/normal/8e/2022_jiaoshui_org.png" style="width:1em; height:1em;" /></span>
LynchLayer=>2022-07-21 09:47:34=>2=>还记得去年的一片蓝v海洋
JuicyChen-星星点灯=>2022-07-21 06:09:02=>1=>别光喊口号<span class="url-icon"><img alt=[吃瓜] src="https://h5.sinaimg.cn/m/emoticon/icon/default/d_chigua-7a95e6efc4.png" style="width:1em; height:1em;" /></span>
白色苏西=>2022-07-20 08:54:07=>0=>让微博关半月吧，自行检查，天天乌烟瘴气的
木札无风奥=>2022-07-20 08:36:28=>0=>要做到哦
是姐姐呢喵=>2022-07-20 01:57:58=>0=>希望这次能真正整顿互联网风气，将造谣引流，舆论敲诈的营销号一网打尽
爱吃巧克力的iu=>2022-07-20 01:27:05=>0=>支持
Chiko_Kim=>2022-07-19 23:46:22=>0=>看看这评论区的建团空瓶<span class="url-icon"><img alt=[可爱] src="https://h5.sinaimg.cn/m/emoticon/icon/default/d_keai-9aae643ce8.png" style="width:1em; height:1em;" /></span><span class="url-icon"><img alt=[可爱] src="https://h5.sinaimg.cn/m/emoticon/icon/default/d_keai-9aae643ce8.png" style="width:1em; height:1em;" /></span>不觉得讽刺么
凛冬突然又下雨=>2022-07-19 23:01:01=>0=>你现在发不觉得好笑吗
妈咪不是喵=>2022-07-19 22:53:58=>0=>全力支持<span class="url-icon"><img alt=[赞] src="https://h5.sinaimg.cn/m/emoticon/icon/others/h_zan-44ddc70637.png" style="width:1em; height:1em;" /></span><span class="url-icon"><img alt=[赞] src="https://h5.sinaimg.cn/m/emoticon/icon/others/h_zan-44ddc70637.png" style="width:1em; height:1em;" /></span><span class="url-icon"><img alt=[赞] src="https://h5.sinaimg.cn/m/emoticon/icon/others/h_zan-44ddc70637.png" style="width:1em; height:1em;" /></span>
丶什么芋泥甜桃=>2022-07-19 22:34:39=>0=>希望你真的管管<span class="url-icon"><img alt="[揣手]" src="https://face.t.sinajs.cn/t4/appstyle/expression/ext/normal/af/2022_chuaishou_org.png" style="width:1em; height:1em;" /></span>
健康顺利没有烦恼=>2022-07-19 21:58:29=>0=>落实到行动中<span class="url-icon"><img alt=[晕] src="https://h5.sinaimg.cn/m/emoticon/icon/default/d_yun-3ca5d0a5b7.png" style="width:1em; height:1em;" /></span>净网那么长时间……太失望了
飞天的卡卡00=>2022-07-19 21:34:09=>0=>能不能实名啊，乌烟瘴气的
小六哥的梳子=>2022-07-19 21:02:07=>1=>团团，实名制真的这么难吗<span class="url-icon"><img alt=[泪] src="https://h5.sinaimg.cn/m/emoticon/icon/default/d_lei-4cdf6ee412.png" style="width:1em; height:1em;" /></span>
烹茶煮酒话桑麻的小确幸=>2022-07-19 20:44:24=>0=>天天严打，微博骂的厉害的还不如照样举报不掉
幽冥的佛爷=>2022-07-19 20:07:44=>0=>必须严惩！
简单ITS快乐=>2022-07-19 20:05:44=>0=>只说不做，有个P用
绮梦思诗=>2022-07-19 20:04:06=>0=>你好，还记得自己四月被女拳冲爆的事吗<span class="url-icon"><img alt=[疑问] src="https://h5.sinaimg.cn/m/emoticon/icon/default/d_yiwen-40c066d5c3.png" style="width:1em; height:1em;" /></span>
养乐多收藏家=>2022-07-19 19:47:43=>0=>支持
枝枝今天追星成功了吗=>2022-07-19 19:41:45=>0=>那你要不要处理一下后援会人民日报 ？
宛若丹青未干-819=>2022-07-19 19:04:07=>0=>嗯嗯，先管管伪装成正常人的邪教粉丝
爱好烊=>2022-07-19 18:58:59=>0=>支持🙏🙏🙏！！！
终南山下江南雨=>2022-07-19 18:44:09=>0=>支持！
暖暖旎笑=>2022-07-19 18:08:21=>0=>支持
重拾_狗狗祟祟的快乐=>2022-07-19 18:06:39=>0=>全力支持
Nalbasikee=>2022-07-19 17:59:04=>0=>请做到一视同仁。
海底家的小帅=>2022-07-19 17:55:08=>0=>不要光说不练呢
你是我心里的宝贝呀=>2022-07-19 17:47:39=>0=>支持
一只那兔SUN=>2022-07-19 17:44:36=>0=>全力支持<span class="url-icon"><img alt=[赞] src="https://h5.sinaimg.cn/m/emoticon/icon/others/h_zan-44ddc70637.png" style="width:1em; height:1em;" /></span>
北风吹_雪花飘=>2022-07-19 17:43:48=>0=>要看到效果才行
Ascorpii=>2022-07-19 17:43:09=>0=>支持！
梅丽莎19930502=>2022-07-19 17:36:56=>0=>营销号都应该标注属于哪个公司
麻辣miki=>2022-07-19 17:31:42=>0=>团团，你也发了？<span class="url-icon"><img alt=[并不简单] src="https://h5.sinaimg.cn/m/emoticon/icon/default/d_bingbujiandan-9955880b30.png" style="width:1em; height:1em;" /></span><span class="url-icon"><img alt=[并不简单] src="https://h5.sinaimg.cn/m/emoticon/icon/default/d_bingbujiandan-9955880b30.png" style="width:1em; height:1em;" /></span><span class="url-icon"><img alt=[并不简单] src="https://h5.sinaimg.cn/m/emoticon/icon/default/d_bingbujiandan-9955880b30.png" style="width:1em; height:1em;" /></span>
王曼宁wo=>2022-07-19 17:31:34=>0=>快整治网络造谣网络暴力
-__一个人的一朵云__-=>2022-07-19 17:29:29=>0=>严查！
小猪为大西洋探险=>2022-07-19 17:22:13=>0=>支持
小噗吃不饱=>2022-07-19 17:14:03=>0=>必须管！
咖泡泡1=>2022-07-19 17:10:45=>0=>先把营销号及其背后的资本彻底整顿吧！
只是路过的boy=>2022-07-19 17:10:07=>0=><a  href="https://m.weibo.cn/search?containerid=231522type%3D1%26t%3D10%26q%3D%23%E6%98%93%E7%83%8A%E5%8D%83%E7%8E%BA7%E5%A4%A9%E6%B6%A8%E4%BA%8650%E4%B8%87%E7%B2%89%E4%B8%9D%23&extparam=%23%E6%98%93%E7%83%8A%E5%8D%83%E7%8E%BA7%E5%A4%A9%E6%B6%A8%E4%BA%8650%E4%B8%87%E7%B2%89%E4%B8%9D%23" data-hide=""><span class="surl-text">#易烊千玺7天涨了50万粉丝#</span></a> <span class="url-icon"><img alt=[哆啦A梦微笑] src="https://h5.sinaimg.cn/m/emoticon/icon/doraemon/dr_04weixiao-865c810aba.png" style="width:1em; height:1em;" /></span>一点威慑力都没
读网思考=>2022-07-19 17:10:05=>0=>老喊打，喊了多少年了？
徐徐入盛=>2022-07-19 17:08:04=>0=>转发微博
宁夏银川人=>2022-07-19 17:06:47=>0=>希望是真的严查而不是说说而已
陌上清浅-=>2022-07-19 17:05:54=>0=>支持
珠海宝妈=>2022-07-19 17:05:20=>0=>大家好 可以帮我转发第一个微博吗 感谢你了 我女儿在幼儿园回来下体异常 监控线被剪 盲区周边监控不全 立不了案 求大家帮帮我吧🙏<a  href="https://m.weibo.cn/search?containerid=231522type%3D1%26t%3D10%26q%3D%23%E7%8F%A0%E6%B5%B7%E6%9F%90%E5%B9%BC%E5%84%BF%E5%9B%AD%E5%84%BF%E7%AB%A5%E4%B8%8B%E4%BD%93%E5%BC%82%E5%B8%B8+%E7%96%91%E8%A2%AB%E4%BE%B5%E5%AE%B3%23&extparam=%23%E7%8F%A0%E6%B5%B7%E6%9F%90%E5%B9%BC%E5%84%BF%E5%9B%AD%E5%84%BF%E7%AB%A5%E4%B8%8B%E4%BD%93%E5%BC%82%E5%B8%B8+%E7%96%91%E8%A2%AB%E4%BE%B5%E5%AE%B3%23" data-hide=""><span class="surl-text">#珠海某幼儿园儿童下体异常 疑被侵害#</span></a>
琥魄游魂=>2022-07-19 16:57:09=>0=>这是第几次了？
喳喳喳理苏=>2022-07-19 16:52:22=>0=>支持！
白昼独白-=>2022-07-19 16:45:01=>0=>支持
ForMySummer=>2022-07-19 16:44:55=>0=>暑假了，不要让青少年审核通过直播。特别是中学生！青少年好奇心过重，阅历过浅，易为利诱惑！
圈我的大解会亖拳佳哦=>2022-07-19 16:42:39=>0=>先把造谣的抓起来再说啊，从之前的春秋两不沾开始如何<span class="url-icon"><img alt=[嘻嘻] src="https://h5.sinaimg.cn/m/emoticon/icon/default/d_xixi-643ef6e48d.png" style="width:1em; height:1em;" /></span>
楚筱珃=>2022-07-19 16:42:37=>0=>微博最该取缔的是一些营销号，引导大众对立的舆论，戾气太重，特别是为此博取热度的营销拉踩，煽动舆论、造谣全凭揣测且如意引战的<span class="url-icon"><img alt=[作揖] src="https://h5.sinaimg.cn/m/emoticon/icon/others/h_zuoyi-519f80d31c.png" style="width:1em; height:1em;" /></span>
wendy爱吃提拉米苏=>2022-07-19 16:41:38=>0=>微博上造谣的yxh请问什么时候管啊<span class="url-icon"><img alt=[悲伤] src="https://h5.sinaimg.cn/m/emoticon/icon/default/d_beishang-c95268c034.png" style="width:1em; height:1em;" /></span>
Dieschwachen=>2022-07-19 16:39:34=>0=>务必查个彻彻底底<span class="url-icon"><img alt=[作揖] src="https://h5.sinaimg.cn/m/emoticon/icon/others/h_zuoyi-519f80d31c.png" style="width:1em; height:1em;" /></span><span class="url-icon"><img alt=[作揖] src="https://h5.sinaimg.cn/m/emoticon/icon/others/h_zuoyi-519f80d31c.png" style="width:1em; height:1em;" /></span>
duka=>2022-07-19 16:38:35=>0=>先打击某为某耀的海军吧
易烊惊囍=>2022-07-19 16:37:35=>0=>赶紧的吧
藏在口袋的表白_=>2022-07-19 16:36:35=>0=>支持！！网络暴力严查
派的第49500257位是你=>2022-07-19 16:34:00=>0=>支持，无良的yxh 和水jun管管吧
紫金铃铛啊=>2022-07-19 16:33:39=>0=>结果评论区又变成了粉黑大战
不许打烊xii=>2022-07-19 16:31:46=>1=>支持子  先从整治要流量热度不要真相的营销号开始吧<span class="url-icon"><img alt="[送花花]" src="https://face.t.sinajs.cn/t4/appstyle/expression/ext/normal/cb/2022_Flowers_org.png" style="width:1em; height:1em;" /></span>
柯柯兮夜yee=>2022-07-19 16:31:45=>1=>希望网络实名制，希望说到做到🙏
贝戋骨头别点我头像=>2022-07-19 16:31:23=>0=>直接去卖热搜的部门顺藤摸瓜就行了
顺手牵烊烊o=>2022-07-19 16:28:02=>0=>支持
吹落点点繁星=>2022-07-19 16:27:14=>0=>管管蹭热度 爱带节奏的yhx吧
野鹤长安yl=>2022-07-19 16:23:46=>0=>管管yxh吧<span class="url-icon"><img alt=[跪了] src="https://h5.sinaimg.cn/m/emoticon/icon/default/d_guile-a8a737d3a0.png" style="width:1em; height:1em;" /></span>
拉kiPUPPY=>2022-07-19 16:21:36=>1=>请落实吧  别光口嗨
拉kiPUPPY=>2022-07-19 16:21:23=>1=>请落实吧，别光口嗨
Affection-009=>2022-07-19 16:20:38=>0=>支持！！！！
最爱喝酸奶忘记了你呢=>2022-07-19 16:19:16=>0=>支持<span class="url-icon"><img alt=[赞] src="https://h5.sinaimg.cn/m/emoticon/icon/others/h_zan-44ddc70637.png" style="width:1em; height:1em;" /></span>
胡图图真没睡=>2022-07-19 16:17:03=>0=>管管易烊千玺吧
暮雨皆是欢喜=>2022-08-27 17:04:02=>0=>一查到底能不能行？一天天的呼弄老百姓
小日子必亡=>2022-07-22 13:23:48=>0=>支持
洁曦l=>2022-07-22 10:49:41=>0=>还有一个软件叫91短视频，里面也是淫秽视频，迷奸针孔偷拍之类的大家关注一下upup。，
谴责遛狗不牵绳=>2022-07-22 10:03:28=>1=>对，好好查查那些制造对立，没有证据瞎造谣，连官方的声明也不信的那些人吧，怀疑是被境外势力引导，质疑国家公信力的
呵呵helloworld=>2022-07-22 01:41:57=>0=>害，我就发帖表示我的存在，你们居然当真？
一个头头两个大=>2022-07-21 22:34:13=>0=>要不要从蓝V开始查？
老辣陈香=>2022-07-21 21:35:32=>0=>//点子正:老喊打，喊了多少年了？
-再逢=>2022-07-21 14:43:48=>0=><span class="url-icon"><img alt=[二哈] src="https://h5.sinaimg.cn/m/emoticon/icon/others/d_erha-139d0e07bd.png" style="width:1em; height:1em;" /></span>得了吧，你不敢。
我的开心不会碎=>2022-07-21 10:49:58=>0=>要不考虑一下管一下唯利是图的主流媒体<span class="url-icon"><img alt=[裂开] src="https://h5.sinaimg.cn/m/emoticon/icon/default/fc_liekai-9df295d44f.png" style="width:1em; height:1em;" /></span>
浪荡猫仔=>2022-07-21 10:43:33=>0=>我看你们就想打击老百姓
Needaboot=>2022-07-21 10:29:29=>0=>管管🦐吧<span class="url-icon"><img alt=[泪] src="https://h5.sinaimg.cn/m/emoticon/icon/default/d_lei-4cdf6ee412.png" style="width:1em; height:1em;" /></span><span class="url-icon"><img alt=[泪] src="https://h5.sinaimg.cn/m/emoticon/icon/default/d_lei-4cdf6ee412.png" style="width:1em; height:1em;" /></span>真的辣眼睛到不行了<span class="url-icon"><img alt=[泪] src="https://h5.sinaimg.cn/m/emoticon/icon/default/d_lei-4cdf6ee412.png" style="width:1em; height:1em;" /></span>全是🦐🦐🦐
半桶噜噜=>2022-07-21 10:03:41=>3=>大家都心知肚明，你就骗骗自己吧
起风了唯有努力试着生存92551=>2022-07-20 23:46:15=>2=>现在网上乱成什么了，你们真管了吗？别老是装腔作势
再看今朝ztt=>2022-07-20 20:38:25=>1=>说到做到，也希望你们管好现在一些破事。不是破事你们立马行动得比谁都快<span class="url-icon"><img alt=[怒] src="https://h5.sinaimg.cn/m/emoticon/icon/default/d_nu-0ddf642bed.png" style="width:1em; height:1em;" /></span>
灬店长8=>2022-07-20 19:18:58=>1=>说了多少次，先管来总<span class="url-icon"><img alt=[汗] src="https://h5.sinaimg.cn/m/emoticon/icon/default/d_han-d8ebda66d3.png" style="width:1em; height:1em;" /></span>
月半影Pisces=>2022-07-20 16:29:53=>0=>说的容易做的难
舆论阵地要守护=>2022-07-20 13:58:49=>0=>转发微博
X·小手冰凉=>2022-07-20 13:57:47=>0=>懂不懂什么叫刑不上士大夫，更何况太子哉？<span class="url-icon"><img alt=[doge] src="https://h5.sinaimg.cn/m/emoticon/icon/others/d_doge-be7f768d78.png" style="width:1em; height:1em;" /></span><span class="url-icon"><img alt=[doge] src="https://h5.sinaimg.cn/m/emoticon/icon/others/d_doge-be7f768d78.png" style="width:1em; height:1em;" /></span><span class="url-icon"><img alt=[doge] src="https://h5.sinaimg.cn/m/emoticon/icon/others/d_doge-be7f768d78.png" style="width:1em; height:1em;" /></span>
皎若云间月long=>2022-07-20 13:13:10=>0=>真要查哪有查不到的，只不过是装聋作哑。
