小心狡猾=>2022-02-18 10:19:35=>49=>高手竟在我身边<span class="url-icon"><img alt=[doge] src="https://h5.sinaimg.cn/m/emoticon/icon/others/d_doge-be7f768d78.png" style="width:1em; height:1em;" /></span>
HYH吴情=>2022-02-18 10:21:23=>21=>真扫地僧<span class="url-icon"><img alt=[打call] src="https://h5.sinaimg.cn/m/emoticon/icon/default/fb_a1dacall-1e0c4593fc.png" style="width:1em; height:1em;" /></span><span class="url-icon"><img alt=[打call] src="https://h5.sinaimg.cn/m/emoticon/icon/default/fb_a1dacall-1e0c4593fc.png" style="width:1em; height:1em;" /></span><span class="url-icon"><img alt=[打call] src="https://h5.sinaimg.cn/m/emoticon/icon/default/fb_a1dacall-1e0c4593fc.png" style="width:1em; height:1em;" /></span><span class="url-icon"><img alt=[打call] src="https://h5.sinaimg.cn/m/emoticon/icon/default/fb_a1dacall-1e0c4593fc.png" style="width:1em; height:1em;" /></span><span class="url-icon"><img alt=[打call] src="https://h5.sinaimg.cn/m/emoticon/icon/default/fb_a1dacall-1e0c4593fc.png" style="width:1em; height:1em;" /></span><span class="url-icon"><img alt=[打call] src="https://h5.sinaimg.cn/m/emoticon/icon/default/fb_a1dacall-1e0c4593fc.png" style="width:1em; height:1em;" /></span>
祁大祁=>2022-02-18 10:25:02=>6=>厉害了
T-北冥摸鱼君=>2022-02-18 10:21:16=>12=>那可不，炊事班的人，懂得都懂<span class="url-icon"><img alt=[doge] src="https://h5.sinaimg.cn/m/emoticon/icon/others/d_doge-be7f768d78.png" style="width:1em; height:1em;" /></span>
帕可散逸=>2022-02-18 10:20:24=>4=>我去？
丨遇见wuli所爱丨=>2022-02-18 10:19:37=>5=>卧虎藏龙！
桃浦美人=>2022-02-18 12:34:46=>1=>哇<span class="url-icon"><img alt=[打call] src="https://h5.sinaimg.cn/m/emoticon/icon/default/fb_a1dacall-1e0c4593fc.png" style="width:1em; height:1em;" /></span>
重拾_狗狗祟祟的快乐=>2022-02-18 11:45:06=>3=>卧虎藏龙啊
d镟嵂=>2022-02-18 11:00:54=>2=>玉兰、荟萃还是唐岛湾的大厨呀<span class="url-icon"><img alt=[笑而不语] src="https://h5.sinaimg.cn/m/emoticon/icon/default/d_heiheihei-5170f2f55c.png" style="width:1em; height:1em;" /></span>
奶迪不加冰_Cherry=>2022-02-18 10:24:06=>1=>高手在身边！
BOBOJANE-健康日记=>2022-02-18 10:22:16=>2=>“咱家厨子都能赢”系列<span class="url-icon"><img alt=[偷乐] src="https://h5.sinaimg.cn/m/emoticon/icon/lxh/lxh_toule-244c58c525.png" style="width:1em; height:1em;" /></span>
示木洛望JikiRakubou=>2022-02-18 10:48:46=>1=>这个场地是张家口，那我见过他
钢七连Unbreakable7=>2022-02-18 11:24:46=>0=>下次去食堂我要老实点儿了<span class="url-icon"><img alt=[doge] src="https://h5.sinaimg.cn/m/emoticon/icon/others/d_doge-be7f768d78.png" style="width:1em; height:1em;" /></span>
奶yiu奶yiu=>2022-02-18 11:05:58=>0=>牛哇
唯Love晨熙=>2022-02-18 10:40:23=>0=><span class="url-icon"><img alt=[good] src="https://h5.sinaimg.cn/m/emoticon/icon/others/h_good-0c51afc69c.png" style="width:1em; height:1em;" /></span>
zQr_zYr=>2022-02-18 10:20:32=>0=>666
自此封心不再爱=>2022-02-19 11:43:18=>0=>我也想低调啊
不正经的小武=>2022-02-19 01:48:10=>0=>这是高手<span class="url-icon"><img alt=[求饶] src="https://h5.sinaimg.cn/m/emoticon/icon/default/fb_a2qiurao-7ad34b9c84.png" style="width:1em; height:1em;" /></span>
盛世美颜王老板=>2022-02-18 23:13:03=>0=>哇塞
旺仔牛奶旺仔小馒头耶=>2022-02-18 17:13:07=>0=>厉害<span class="url-icon"><img alt=[good] src="https://h5.sinaimg.cn/m/emoticon/icon/others/h_good-0c51afc69c.png" style="width:1em; height:1em;" /></span>
灆知春=>2022-02-18 15:53:51=>0=>好牛
LIUQINGQIAN=>2022-02-18 15:46:23=>0=>牛的！
夜独醉不会醉=>2022-02-18 15:35:27=>0=>扫地僧<span class="url-icon"><img alt=[傻眼] src="https://h5.sinaimg.cn/m/emoticon/icon/default/d_shayan-4e8000eba9.png" style="width:1em; height:1em;" /></span>
不想被束缚着活着好难=>2022-02-18 14:32:53=>0=>中国的运动员在退役后都陆续考取国际裁判资格的话，在国际大赛上，咱就能有更多的话语权了，比如跳水
流年烟火热=>2022-02-18 13:15:52=>0=>啊，这次真的很厉害哦<span class="url-icon"><img alt=[心] src="https://h5.sinaimg.cn/m/emoticon/icon/others/l_xin-43af9086c0.png" style="width:1em; height:1em;" /></span><span class="url-icon"><img alt=[哈哈] src="https://h5.sinaimg.cn/m/emoticon/icon/default/d_haha-0ec05e6dad.png" style="width:1em; height:1em;" /></span><span class="url-icon"><img alt=[嘻嘻] src="https://h5.sinaimg.cn/m/emoticon/icon/default/d_xixi-643ef6e48d.png" style="width:1em; height:1em;" /></span>
这李子微微酸=>2022-02-18 12:58:48=>0=>牛
加油吧_2024=>2022-02-18 12:31:34=>0=>高手
热心市民小杨12345=>2022-02-18 11:21:22=>0=>中国石油大学华东 出圈了<span class="url-icon"><img alt=[doge] src="https://h5.sinaimg.cn/m/emoticon/icon/others/d_doge-be7f768d78.png" style="width:1em; height:1em;" /></span>
苍沧哥=>2022-02-18 11:15:27=>0=>明明是火工头陀<span class="url-icon"><img alt=[doge] src="https://h5.sinaimg.cn/m/emoticon/icon/others/d_doge-be7f768d78.png" style="width:1em; height:1em;" /></span>
抽中一条蛇=>2022-02-18 10:49:26=>0=><span class="url-icon"><img alt=[允悲] src="https://h5.sinaimg.cn/m/emoticon/icon/default/d_yunbei-a14a649db8.png" style="width:1em; height:1em;" /></span>牛啊
我要减肥199004=>2022-02-18 10:45:08=>1=>卧虎藏龙！真扫地僧！
无情月一片=>2022-02-18 10:43:50=>0=>转发微博
-幸运小狗椰-=>2022-02-18 10:35:53=>0=>好家伙，牛啊
包包Baoi=>2022-02-18 10:35:00=>0=>有些事是不是忘了<span class="url-icon"><img alt=[太开心] src="https://h5.sinaimg.cn/m/emoticon/icon/default/d_taikaixin-b7d86de3fd.png" style="width:1em; height:1em;" /></span>
招财童子=>2022-02-18 10:34:57=>0=>不想当裁判的厨师不是好运动员<span class="url-icon"><img alt=[哈哈] src="https://h5.sinaimg.cn/m/emoticon/icon/default/d_haha-0ec05e6dad.png" style="width:1em; height:1em;" /></span>
老虎哥来了=>2022-02-18 10:31:14=>0=>众所周知炊事班才是卧虎藏龙的所在
小奈卿卿卫淑卿=>2022-02-18 10:27:03=>0=><span class="url-icon"><img alt=[加油] src="https://h5.sinaimg.cn/m/emoticon/icon/default/d_jiayou-a34ced0409.png" style="width:1em; height:1em;" /></span>
栀子飘嫣然=>2022-02-18 10:24:00=>0=>隐藏的高手<span class="url-icon"><img alt=[赞] src="https://h5.sinaimg.cn/m/emoticon/icon/others/h_zan-44ddc70637.png" style="width:1em; height:1em;" /></span>
桃影子树=>2022-02-18 10:23:42=>0=>对生活有热情的人，真好，正能量<span class="url-icon"><img alt=[good] src="https://h5.sinaimg.cn/m/emoticon/icon/others/h_good-0c51afc69c.png" style="width:1em; height:1em;" /></span>
此储存卡不可用=>2022-02-18 10:22:30=>0=>好厉害！！！<span class="url-icon"><img alt="[冰墩墩]" src="https://face.t.sinajs.cn/t4/appstyle/expression/ext/normal/b3/bingdundun_org.png" style="width:1em; height:1em;" /></span>
雅双双双=>2022-02-18 10:21:30=>0=>好家伙
我就是我_84266=>2022-02-18 10:21:04=>1=>我母校？
叫我事多=>2022-02-18 10:20:19=>1=><span class="url-icon"><img alt=[doge] src="https://h5.sinaimg.cn/m/emoticon/icon/others/d_doge-be7f768d78.png" style="width:1em; height:1em;" /></span>能进炊事班的都是
AKA闰土在线找猹62=>2022-02-18 10:19:42=>1=>好家伙，我学校？
哆啦A小新梦=>2022-02-18 10:27:46=>1=>看看衡水桃城中学吧这个学校花1.8亿压热搜 我们为少年发声
HtDujia2020=>2022-02-18 10:53:02=>0=>煮饭僧<span class="url-icon"><img alt=[笑cry] src="https://h5.sinaimg.cn/m/emoticon/icon/default/d_xiaoku-f2bd11b506.png" style="width:1em; height:1em;" /></span>
不疑x=>2022-02-18 10:24:24=>0=>师傅手抖吗<span class="url-icon"><img alt=[doge] src="https://h5.sinaimg.cn/m/emoticon/icon/others/d_doge-be7f768d78.png" style="width:1em; height:1em;" /></span>
Hohmilk=>2022-02-18 23:29:25=>1=>Luaena_
今天吃饼饼了吗=>2022-02-18 13:36:42=>0=>和沈腾有点像啊
炸boom·=>2022-02-18 11:00:19=>0=><span class="url-icon"><img alt=[good] src="https://h5.sinaimg.cn/m/emoticon/icon/others/h_good-0c51afc69c.png" style="width:1em; height:1em;" /></span><span class="url-icon"><img alt=[good] src="https://h5.sinaimg.cn/m/emoticon/icon/others/h_good-0c51afc69c.png" style="width:1em; height:1em;" /></span>
关公门前舔大刀=>2022-02-18 10:53:08=>0=>不会做裁判的运动员不是好厨师<span class="url-icon"><img alt=[嘻嘻] src="https://h5.sinaimg.cn/m/emoticon/icon/default/d_xixi-643ef6e48d.png" style="width:1em; height:1em;" /></span>
Piaee=>2022-02-18 10:44:38=>0=><span class="url-icon"><img alt=[允悲] src="https://h5.sinaimg.cn/m/emoticon/icon/default/d_yunbei-a14a649db8.png" style="width:1em; height:1em;" /></span>
O胖胖圆墩墩O=>2022-02-18 10:32:05=>1=>大隐隐于市<span class="url-icon"><img alt="[开学季]" src="https://face.t.sinajs.cn/t4/appstyle/expression/ext/normal/72/2021_kaixueji_org.png" style="width:1em; height:1em;" /></span><span class="url-icon"><img alt="[春游家族]" src="https://face.t.sinajs.cn/t4/appstyle/expression/ext/normal/b6/2021_YoungFamily_org.png" style="width:1em; height:1em;" /></span>
孤独与诗___=>2022-02-18 10:29:42=>0=><span class="url-icon"><img alt=[good] src="https://h5.sinaimg.cn/m/emoticon/icon/others/h_good-0c51afc69c.png" style="width:1em; height:1em;" /></span><span class="url-icon"><img alt=[good] src="https://h5.sinaimg.cn/m/emoticon/icon/others/h_good-0c51afc69c.png" style="width:1em; height:1em;" /></span><span class="url-icon"><img alt=[good] src="https://h5.sinaimg.cn/m/emoticon/icon/others/h_good-0c51afc69c.png" style="width:1em; height:1em;" /></span>
soooomipark=>2022-02-18 10:27:32=>0=>我去 好厉害啊!!!干一行行一行！！！！！
AKA闰土在线找猹62=>2022-02-18 10:21:39=>0=>明叔叔，能不能代购几个冰墩儿<span class="url-icon"><img alt=[doge] src="https://h5.sinaimg.cn/m/emoticon/icon/others/d_doge-be7f768d78.png" style="width:1em; height:1em;" /></span>
