宁是我此生的眷恋=>2022-03-06 11:17:40=>11=>祝贺🎉你们最棒<span class="url-icon"><img alt=[打call] src="https://h5.sinaimg.cn/m/emoticon/icon/default/fb_a1dacall-1e0c4593fc.png" style="width:1em; height:1em;" /></span>
正在待机中_=>2022-03-06 11:26:25=>5=>祝贺<span class="url-icon"><img alt=[good] src="https://h5.sinaimg.cn/m/emoticon/icon/others/h_good-0c51afc69c.png" style="width:1em; height:1em;" /></span><span class="url-icon"><img alt=[good] src="https://h5.sinaimg.cn/m/emoticon/icon/others/h_good-0c51afc69c.png" style="width:1em; height:1em;" /></span><span class="url-icon"><img alt=[good] src="https://h5.sinaimg.cn/m/emoticon/icon/others/h_good-0c51afc69c.png" style="width:1em; height:1em;" /></span>
她入他城丿黄泉=>2022-03-06 11:22:39=>3=>你们是最棒的<span class="url-icon"><img alt=[嘻嘻] src="https://h5.sinaimg.cn/m/emoticon/icon/default/d_xixi-643ef6e48d.png" style="width:1em; height:1em;" /></span><span class="url-icon"><img alt=[嘻嘻] src="https://h5.sinaimg.cn/m/emoticon/icon/default/d_xixi-643ef6e48d.png" style="width:1em; height:1em;" /></span>
_樱川林酒=>2022-03-06 11:16:48=>2=>恭喜
王权富贵-小水=>2022-03-06 11:16:13=>2=>太棒了👏👏👏
Epiphany_ts13=>2022-03-06 13:41:56=>1=>中国队，你永远可以相信<span class="url-icon"><img alt=[打call] src="https://h5.sinaimg.cn/m/emoticon/icon/default/fb_a1dacall-1e0c4593fc.png" style="width:1em; height:1em;" /></span>
桃浦美人=>2022-03-06 12:39:33=>1=>祝贺🎉
微雨燕双飞0108=>2022-03-06 11:49:45=>1=>还没看懂比赛就赢了~<span class="url-icon"><img alt="[雪容融]" src="https://face.t.sinajs.cn/t4/appstyle/expression/ext/normal/80/2022_ShueyRhonRhon_org.png" style="width:1em; height:1em;" /></span>
重拾_狗狗祟祟的快乐=>2022-03-06 11:37:14=>1=>祝贺
不吃鱼的斗子=>2022-03-06 11:26:04=>2=>太棒了！中国加油！
天那么灰啊=>2022-03-06 11:24:30=>2=>好棒<span class="url-icon"><img alt="[雪容融]" src="https://face.t.sinajs.cn/t4/appstyle/expression/ext/normal/80/2022_ShueyRhonRhon_org.png" style="width:1em; height:1em;" /></span><span class="url-icon"><img alt="[雪容融]" src="https://face.t.sinajs.cn/t4/appstyle/expression/ext/normal/80/2022_ShueyRhonRhon_org.png" style="width:1em; height:1em;" /></span>
_氣泡水加檸檬=>2022-03-06 11:28:34=>1=><span class="url-icon"><img alt=[鼓掌] src="https://h5.sinaimg.cn/m/emoticon/icon/default/d_guzhang-cca8b296d9.png" style="width:1em; height:1em;" /></span><span class="url-icon"><img alt=[鼓掌] src="https://h5.sinaimg.cn/m/emoticon/icon/default/d_guzhang-cca8b296d9.png" style="width:1em; height:1em;" /></span><span class="url-icon"><img alt=[鼓掌] src="https://h5.sinaimg.cn/m/emoticon/icon/default/d_guzhang-cca8b296d9.png" style="width:1em; height:1em;" /></span>
puppy_小狗饲养日记=>2022-03-06 11:25:42=>1=>祝贺🎉
小丸糕=>2022-03-06 23:19:21=>0=>祝贺👏👏👏
愤怒的小怪兽i=>2022-03-06 13:08:32=>0=>太厉害了，加油<span class="url-icon"><img alt=[心] src="https://h5.sinaimg.cn/m/emoticon/icon/others/l_xin-43af9086c0.png" style="width:1em; height:1em;" /></span>
狂吃就胖的团子=>2022-03-06 12:49:03=>0=>好棒<span class="url-icon"><img alt="[雪容融]" src="https://face.t.sinajs.cn/t4/appstyle/expression/ext/normal/80/2022_ShueyRhonRhon_org.png" style="width:1em; height:1em;" /></span><span class="url-icon"><img alt="[雪容融]" src="https://face.t.sinajs.cn/t4/appstyle/expression/ext/normal/80/2022_ShueyRhonRhon_org.png" style="width:1em; height:1em;" /></span><span class="url-icon"><img alt="[雪容融]" src="https://face.t.sinajs.cn/t4/appstyle/expression/ext/normal/80/2022_ShueyRhonRhon_org.png" style="width:1em; height:1em;" /></span>
微微小的光=>2022-03-06 12:48:26=>0=><span class="url-icon"><img alt=[赞] src="https://h5.sinaimg.cn/m/emoticon/icon/others/h_zan-44ddc70637.png" style="width:1em; height:1em;" /></span><span class="url-icon"><img alt=[赞] src="https://h5.sinaimg.cn/m/emoticon/icon/others/h_zan-44ddc70637.png" style="width:1em; height:1em;" /></span><span class="url-icon"><img alt=[赞] src="https://h5.sinaimg.cn/m/emoticon/icon/others/h_zan-44ddc70637.png" style="width:1em; height:1em;" /></span>
唯Love晨熙=>2022-03-06 12:41:56=>0=><span class="url-icon"><img alt=[中国赞] src="https://h5.sinaimg.cn/m/emoticon/icon/others/d_chnlike-8fc550a807.png" style="width:1em; height:1em;" /></span><span class="url-icon"><img alt=[中国赞] src="https://h5.sinaimg.cn/m/emoticon/icon/others/d_chnlike-8fc550a807.png" style="width:1em; height:1em;" /></span><span class="url-icon"><img alt=[中国赞] src="https://h5.sinaimg.cn/m/emoticon/icon/others/d_chnlike-8fc550a807.png" style="width:1em; height:1em;" /></span>
颖恺仪谦=>2022-03-06 12:27:11=>0=>中国队牛！
戀愛心動記·=>2022-03-06 12:19:43=>0=>恭喜恭喜
ibbz0=>2022-03-06 12:06:15=>0=>祝贺🎉
天天开开心心3170808=>2022-03-06 11:57:26=>0=>祝贺祝贺<span class="url-icon"><img alt=[给力] src="https://h5.sinaimg.cn/m/emoticon/icon/others/f_geili-78be8d9152.png" style="width:1em; height:1em;" /></span>你们是最棒的<span class="url-icon"><img alt="[虎爪比心]" src="https://face.t.sinajs.cn/t4/appstyle/expression/ext/normal/2b/2022_handheart_org.png" style="width:1em; height:1em;" /></span><span class="url-icon"><img alt=[打call] src="https://h5.sinaimg.cn/m/emoticon/icon/default/fb_a1dacall-1e0c4593fc.png" style="width:1em; height:1em;" /></span>
百万吨喵喵拳=>2022-03-06 11:47:38=>0=>太牛了！！！！！
-远尼睡眠物语-=>2022-03-06 11:35:25=>0=>太棒了<span class="url-icon"><img alt=[鲜花] src="https://h5.sinaimg.cn/m/emoticon/icon/others/w_xianhua-f902c37199.png" style="width:1em; height:1em;" /></span>
五十弦Anita=>2022-03-06 11:34:34=>0=>恭喜恭喜！你们最棒了！
不会取名字的人是我=>2022-03-06 11:34:06=>0=>厉害👍🏻恭喜！
君如芳兰=>2022-03-06 11:32:51=>0=>厉害！！！！！！
任嘉的雪儿=>2022-03-06 11:25:34=>0=>祝贺中国健儿
10_浆豆_01=>2022-03-06 11:23:31=>0=><span class="url-icon"><img alt=[打call] src="https://h5.sinaimg.cn/m/emoticon/icon/default/fb_a1dacall-1e0c4593fc.png" style="width:1em; height:1em;" /></span><span class="url-icon"><img alt=[打call] src="https://h5.sinaimg.cn/m/emoticon/icon/default/fb_a1dacall-1e0c4593fc.png" style="width:1em; height:1em;" /></span><span class="url-icon"><img alt=[打call] src="https://h5.sinaimg.cn/m/emoticon/icon/default/fb_a1dacall-1e0c4593fc.png" style="width:1em; height:1em;" /></span>
馒头是一只喵喵=>2022-03-06 11:22:38=>0=><span class="url-icon"><img alt=[打call] src="https://h5.sinaimg.cn/m/emoticon/icon/default/fb_a1dacall-1e0c4593fc.png" style="width:1em; height:1em;" /></span><span class="url-icon"><img alt=[打call] src="https://h5.sinaimg.cn/m/emoticon/icon/default/fb_a1dacall-1e0c4593fc.png" style="width:1em; height:1em;" /></span><span class="url-icon"><img alt=[打call] src="https://h5.sinaimg.cn/m/emoticon/icon/default/fb_a1dacall-1e0c4593fc.png" style="width:1em; height:1em;" /></span>
嘉蓓-candy=>2022-03-06 11:22:12=>0=>恭喜<span class="url-icon"><img alt=[心] src="https://h5.sinaimg.cn/m/emoticon/icon/others/l_xin-43af9086c0.png" style="width:1em; height:1em;" /></span>
Na·_=>2022-03-06 11:21:53=>0=>恭喜<span class="url-icon"><img alt="[雪容融]" src="https://face.t.sinajs.cn/t4/appstyle/expression/ext/normal/80/2022_ShueyRhonRhon_org.png" style="width:1em; height:1em;" /></span>
肖兔纸要加油啊=>2022-03-06 11:20:57=>0=>真棒👍恭喜恭喜
换悸__=>2022-03-06 11:20:14=>1=>真的很想哭<span class="url-icon"><img alt=[泪] src="https://h5.sinaimg.cn/m/emoticon/icon/default/d_lei-4cdf6ee412.png" style="width:1em; height:1em;" /></span>
妖精大轩_靖=>2022-03-06 11:19:42=>1=>祝贺中国健儿
瞧_那颗红豆=>2022-03-06 11:17:58=>0=><span class="url-icon"><img alt=[心] src="https://h5.sinaimg.cn/m/emoticon/icon/others/l_xin-43af9086c0.png" style="width:1em; height:1em;" /></span>
PMEANY=>2022-03-06 11:17:35=>0=>恭喜
陌上清浅-=>2022-03-06 11:17:17=>0=><span class="url-icon"><img alt=[中国赞] src="https://h5.sinaimg.cn/m/emoticon/icon/others/d_chnlike-8fc550a807.png" style="width:1em; height:1em;" /></span><span class="url-icon"><img alt=[中国赞] src="https://h5.sinaimg.cn/m/emoticon/icon/others/d_chnlike-8fc550a807.png" style="width:1em; height:1em;" /></span><span class="url-icon"><img alt=[中国赞] src="https://h5.sinaimg.cn/m/emoticon/icon/others/d_chnlike-8fc550a807.png" style="width:1em; height:1em;" /></span>
一片果林23902=>2022-03-06 11:17:08=>0=><span class="url-icon"><img alt="[赢牛奶]" src="https://face.t.sinajs.cn/t4/appstyle/expression/ext/normal/9c/2021_yingniunai_org.png" style="width:1em; height:1em;" /></span><span class="url-icon"><img alt="[赢牛奶]" src="https://face.t.sinajs.cn/t4/appstyle/expression/ext/normal/9c/2021_yingniunai_org.png" style="width:1em; height:1em;" /></span><span class="url-icon"><img alt="[赢牛奶]" src="https://face.t.sinajs.cn/t4/appstyle/expression/ext/normal/9c/2021_yingniunai_org.png" style="width:1em; height:1em;" /></span><span class="url-icon"><img alt="[赢牛奶]" src="https://face.t.sinajs.cn/t4/appstyle/expression/ext/normal/9c/2021_yingniunai_org.png" style="width:1em; height:1em;" /></span><span class="url-icon"><img alt="[赢牛奶]" src="https://face.t.sinajs.cn/t4/appstyle/expression/ext/normal/9c/2021_yingniunai_org.png" style="width:1em; height:1em;" /></span>棒
Ronnie304=>2022-03-06 11:16:52=>0=>好棒<span class="url-icon"><img alt=[心] src="https://h5.sinaimg.cn/m/emoticon/icon/others/l_xin-43af9086c0.png" style="width:1em; height:1em;" /></span>
大红柿子_=>2022-03-06 11:16:49=>0=>加油
星月贩售机Myrtle=>2022-03-06 11:16:25=>0=>太棒啦！
时雨寄琴=>2022-03-06 11:16:20=>0=>棒！
饱饱抱金=>2022-03-06 11:16:21=>0=>恭喜<span class="url-icon"><img alt=[哈哈] src="https://h5.sinaimg.cn/m/emoticon/icon/default/d_haha-0ec05e6dad.png" style="width:1em; height:1em;" /></span><span class="url-icon"><img alt=[哈哈] src="https://h5.sinaimg.cn/m/emoticon/icon/default/d_haha-0ec05e6dad.png" style="width:1em; height:1em;" /></span><span class="url-icon"><img alt=[哈哈] src="https://h5.sinaimg.cn/m/emoticon/icon/default/d_haha-0ec05e6dad.png" style="width:1em; height:1em;" /></span>，加油
限定双眼皮=>2022-03-06 23:38:14=>0=>你们是最棒的
心中的霄贤=>2022-03-06 20:41:29=>0=>祝贺<span class="url-icon"><img alt=[good] src="https://h5.sinaimg.cn/m/emoticon/icon/others/h_good-0c51afc69c.png" style="width:1em; height:1em;" /></span><span class="url-icon"><img alt=[good] src="https://h5.sinaimg.cn/m/emoticon/icon/others/h_good-0c51afc69c.png" style="width:1em; height:1em;" /></span><span class="url-icon"><img alt=[good] src="https://h5.sinaimg.cn/m/emoticon/icon/others/h_good-0c51afc69c.png" style="width:1em; height:1em;" /></span><span class="url-icon"><img alt=[good] src="https://h5.sinaimg.cn/m/emoticon/icon/others/h_good-0c51afc69c.png" style="width:1em; height:1em;" /></span><span class="url-icon"><img alt=[good] src="https://h5.sinaimg.cn/m/emoticon/icon/others/h_good-0c51afc69c.png" style="width:1em; height:1em;" /></span><span class="url-icon"><img alt=[good] src="https://h5.sinaimg.cn/m/emoticon/icon/others/h_good-0c51afc69c.png" style="width:1em; height:1em;" /></span>
心中的霄贤=>2022-03-06 20:40:40=>0=>祝贺<span class="url-icon"><img alt=[good] src="https://h5.sinaimg.cn/m/emoticon/icon/others/h_good-0c51afc69c.png" style="width:1em; height:1em;" /></span><span class="url-icon"><img alt=[good] src="https://h5.sinaimg.cn/m/emoticon/icon/others/h_good-0c51afc69c.png" style="width:1em; height:1em;" /></span><span class="url-icon"><img alt=[good] src="https://h5.sinaimg.cn/m/emoticon/icon/others/h_good-0c51afc69c.png" style="width:1em; height:1em;" /></span><span class="url-icon"><img alt=[good] src="https://h5.sinaimg.cn/m/emoticon/icon/others/h_good-0c51afc69c.png" style="width:1em; height:1em;" /></span><span class="url-icon"><img alt=[good] src="https://h5.sinaimg.cn/m/emoticon/icon/others/h_good-0c51afc69c.png" style="width:1em; height:1em;" /></span>
最愉快的消磨X=>2022-03-06 20:26:39=>0=>恭喜恭喜啊！真是我们的骄傲！
春秋不知锦年换=>2022-03-06 18:30:51=>0=>棒棒棒<span class="url-icon"><img alt=[心] src="https://h5.sinaimg.cn/m/emoticon/icon/others/l_xin-43af9086c0.png" style="width:1em; height:1em;" /></span>
招财童子=>2022-03-06 16:08:32=>0=>越野滑雪中国队包揽金银牌<span class="url-icon"><img alt="[雪容融]" src="https://face.t.sinajs.cn/t4/appstyle/expression/ext/normal/80/2022_ShueyRhonRhon_org.png" style="width:1em; height:1em;" /></span>
Jeery朋友只tom=>2022-03-06 15:30:29=>0=><span class="url-icon"><img alt=[心] src="https://h5.sinaimg.cn/m/emoticon/icon/others/l_xin-43af9086c0.png" style="width:1em; height:1em;" /></span>
方糖子-晴空=>2022-03-06 14:55:49=>0=>祝贺！！
我还没有想出昵称就要修改了=>2022-03-06 14:52:35=>0=>好棒 祝贺🎉🎉
信殿下_=>2022-03-06 13:52:47=>0=>好厉害啊
HGH1126=>2022-03-06 13:19:18=>0=><span class="url-icon"><img alt=[打call] src="https://h5.sinaimg.cn/m/emoticon/icon/default/fb_a1dacall-1e0c4593fc.png" style="width:1em; height:1em;" /></span>
林颜黛子=>2022-03-06 13:08:56=>0=>祝贺残奥会健儿们
爱投三分的猪头=>2022-03-06 12:42:56=>0=>祝贺祝贺🎉🎉🎉
416-LOVE-929=>2022-03-06 12:27:25=>0=><span class="url-icon"><img alt=[哆啦A梦吃惊] src="https://h5.sinaimg.cn/m/emoticon/icon/doraemon/dr_01chijing-31d5542cca.png" style="width:1em; height:1em;" /></span><span class="url-icon"><img alt="[赢牛奶]" src="https://face.t.sinajs.cn/t4/appstyle/expression/ext/normal/9c/2021_yingniunai_org.png" style="width:1em; height:1em;" /></span><span class="url-icon"><img alt=[心] src="https://h5.sinaimg.cn/m/emoticon/icon/others/l_xin-43af9086c0.png" style="width:1em; height:1em;" /></span>
B牙绝弦了=>2022-03-06 12:20:27=>0=>祝贺<span class="url-icon"><img alt=[打call] src="https://h5.sinaimg.cn/m/emoticon/icon/default/fb_a1dacall-1e0c4593fc.png" style="width:1em; height:1em;" /></span>
zs木子sz=>2022-03-06 12:14:29=>0=><span class="url-icon"><img alt=[赞] src="https://h5.sinaimg.cn/m/emoticon/icon/others/h_zan-44ddc70637.png" style="width:1em; height:1em;" /></span><span class="url-icon"><img alt=[赞] src="https://h5.sinaimg.cn/m/emoticon/icon/others/h_zan-44ddc70637.png" style="width:1em; height:1em;" /></span>
Strawberry_tangerine=>2022-03-06 11:58:55=>0=>厉害👍🏻
Mr萌萌哒-=>2022-03-06 11:54:33=>0=>厉害了
子期的夫人=>2022-03-06 11:53:56=>0=>你们最棒<span class="url-icon"><img alt=[打call] src="https://h5.sinaimg.cn/m/emoticon/icon/default/fb_a1dacall-1e0c4593fc.png" style="width:1em; height:1em;" /></span>
似水年华人世间=>2022-03-06 11:52:57=>0=>棒<span class="url-icon"><img alt=[心] src="https://h5.sinaimg.cn/m/emoticon/icon/others/l_xin-43af9086c0.png" style="width:1em; height:1em;" /></span>
夏天雨满=>2022-03-06 11:38:20=>0=>祝贺<span class="url-icon"><img alt=[打call] src="https://h5.sinaimg.cn/m/emoticon/icon/default/fb_a1dacall-1e0c4593fc.png" style="width:1em; height:1em;" /></span><span class="url-icon"><img alt=[打call] src="https://h5.sinaimg.cn/m/emoticon/icon/default/fb_a1dacall-1e0c4593fc.png" style="width:1em; height:1em;" /></span><span class="url-icon"><img alt=[打call] src="https://h5.sinaimg.cn/m/emoticon/icon/default/fb_a1dacall-1e0c4593fc.png" style="width:1em; height:1em;" /></span>
芙蓉阳月=>2022-03-06 11:35:21=>0=>太棒了<span class="url-icon"><img alt=[good] src="https://h5.sinaimg.cn/m/emoticon/icon/others/h_good-0c51afc69c.png" style="width:1em; height:1em;" /></span>祝贺<span class="url-icon"><img alt=[鲜花] src="https://h5.sinaimg.cn/m/emoticon/icon/others/w_xianhua-f902c37199.png" style="width:1em; height:1em;" /></span>
嘉陵江边看风景=>2022-03-06 11:29:36=>0=>祝贺
楚蛮夷_=>2022-03-06 11:27:48=>0=>超厉害
De_紫醉金迷=>2022-03-06 11:26:30=>0=><span class="url-icon"><img alt=[鼓掌] src="https://h5.sinaimg.cn/m/emoticon/icon/default/d_guzhang-cca8b296d9.png" style="width:1em; height:1em;" /></span><span class="url-icon"><img alt=[鼓掌] src="https://h5.sinaimg.cn/m/emoticon/icon/default/d_guzhang-cca8b296d9.png" style="width:1em; height:1em;" /></span><span class="url-icon"><img alt=[鼓掌] src="https://h5.sinaimg.cn/m/emoticon/icon/default/d_guzhang-cca8b296d9.png" style="width:1em; height:1em;" /></span>
爱吃橘子的菠萝蜜=>2022-03-06 11:25:44=>0=>祝贺🎉
木易的救赎737=>2022-03-06 11:25:19=>0=>祝贺！✨中国最棒<span class="url-icon"><img alt=[心] src="https://h5.sinaimg.cn/m/emoticon/icon/others/l_xin-43af9086c0.png" style="width:1em; height:1em;" /></span>
大爷爱桃夭=>2022-03-06 11:24:21=>0=>这就是实力!<span class="url-icon"><img alt=[心] src="https://h5.sinaimg.cn/m/emoticon/icon/others/l_xin-43af9086c0.png" style="width:1em; height:1em;" /></span><span class="url-icon"><img alt=[心] src="https://h5.sinaimg.cn/m/emoticon/icon/others/l_xin-43af9086c0.png" style="width:1em; height:1em;" /></span><span class="url-icon"><img alt=[心] src="https://h5.sinaimg.cn/m/emoticon/icon/others/l_xin-43af9086c0.png" style="width:1em; height:1em;" /></span><span class="url-icon"><img alt=[鼓掌] src="https://h5.sinaimg.cn/m/emoticon/icon/default/d_guzhang-cca8b296d9.png" style="width:1em; height:1em;" /></span><span class="url-icon"><img alt=[鼓掌] src="https://h5.sinaimg.cn/m/emoticon/icon/default/d_guzhang-cca8b296d9.png" style="width:1em; height:1em;" /></span><span class="url-icon"><img alt=[鼓掌] src="https://h5.sinaimg.cn/m/emoticon/icon/default/d_guzhang-cca8b296d9.png" style="width:1em; height:1em;" /></span>
惊蛰云舒=>2022-03-06 11:24:03=>0=>🎉🎉🎉！但是没有直播……我真的会恨……家门口的残奥，今天的雪上都没有直播……🆘……我知道残奥关注度很低……但是都在家门口办了，能不能支持一点啊😥
不拧巴-小笼包=>2022-03-06 11:22:42=>0=>好牛啊<span class="url-icon"><img alt=[赞] src="https://h5.sinaimg.cn/m/emoticon/icon/others/h_zan-44ddc70637.png" style="width:1em; height:1em;" /></span><span class="url-icon"><img alt=[赞] src="https://h5.sinaimg.cn/m/emoticon/icon/others/h_zan-44ddc70637.png" style="width:1em; height:1em;" /></span><span class="url-icon"><img alt=[赞] src="https://h5.sinaimg.cn/m/emoticon/icon/others/h_zan-44ddc70637.png" style="width:1em; height:1em;" /></span><span class="url-icon"><img alt=[赞] src="https://h5.sinaimg.cn/m/emoticon/icon/others/h_zan-44ddc70637.png" style="width:1em; height:1em;" /></span><span class="url-icon"><img alt=[赞] src="https://h5.sinaimg.cn/m/emoticon/icon/others/h_zan-44ddc70637.png" style="width:1em; height:1em;" /></span>
-胖着笑=>2022-03-06 11:21:54=>0=>厉害👍
是七百不是七白=>2022-03-06 11:21:26=>0=>棒棒！！<span class="url-icon"><img alt=[给力] src="https://h5.sinaimg.cn/m/emoticon/icon/others/f_geili-78be8d9152.png" style="width:1em; height:1em;" /></span><span class="url-icon"><img alt=[给力] src="https://h5.sinaimg.cn/m/emoticon/icon/others/f_geili-78be8d9152.png" style="width:1em; height:1em;" /></span>
奈良小鹿公主=>2022-03-06 11:21:26=>0=>中国是最牛的！
辛了条束=>2022-03-06 11:18:39=>0=>恭喜！太棒啦！
z潘驴邓小闲=>2022-03-06 11:18:13=>0=>太厉害了
土话哥的一只little=>2022-03-06 11:18:00=>0=>厉害了，中国队🇨🇳
顧南衣yh=>2022-03-06 11:17:59=>0=>祝贺
排骨做成南瓜饼=>2022-03-06 11:16:39=>0=>好样的
coisini8号=>2022-03-06 11:16:39=>0=>恭喜！！！
熊猫丫丫回家=>2022-03-06 11:16:28=>0=>真棒<span class="url-icon"><img alt=[打call] src="https://h5.sinaimg.cn/m/emoticon/icon/default/fb_a1dacall-1e0c4593fc.png" style="width:1em; height:1em;" /></span>
每天都要氦铍=>2022-03-06 11:16:19=>0=>快去做图，团团<span class="url-icon"><img alt=[喵喵] src="https://h5.sinaimg.cn/m/emoticon/icon/others/d_miao-c1b3d563bd.png" style="width:1em; height:1em;" /></span>
夜空中最亮的星光灿烂=>2022-03-06 11:16:14=>0=>厉害
晒月光会变黑=>2022-03-06 11:16:12=>0=>你们超级棒
猫咪探险手记_=>2022-03-06 11:16:12=>0=>恭喜<span class="url-icon"><img alt=[打call] src="https://h5.sinaimg.cn/m/emoticon/icon/default/fb_a1dacall-1e0c4593fc.png" style="width:1em; height:1em;" /></span><span class="url-icon"><img alt=[打call] src="https://h5.sinaimg.cn/m/emoticon/icon/default/fb_a1dacall-1e0c4593fc.png" style="width:1em; height:1em;" /></span><span class="url-icon"><img alt=[打call] src="https://h5.sinaimg.cn/m/emoticon/icon/default/fb_a1dacall-1e0c4593fc.png" style="width:1em; height:1em;" /></span><span class="url-icon"><img alt=[打call] src="https://h5.sinaimg.cn/m/emoticon/icon/default/fb_a1dacall-1e0c4593fc.png" style="width:1em; height:1em;" /></span><span class="url-icon"><img alt=[打call] src="https://h5.sinaimg.cn/m/emoticon/icon/default/fb_a1dacall-1e0c4593fc.png" style="width:1em; height:1em;" /></span>
轻舟与好梦=>2022-03-07 11:01:37=>0=>祝贺
我是尴尬家_=>2022-03-06 21:45:52=>0=>牛恭喜
我是尴尬家_=>2022-03-06 21:45:49=>0=>牛
喝着养乐多追星=>2022-03-06 14:01:31=>0=>太棒了
曦兔无忧=>2022-03-06 12:25:54=>0=>恭喜，你们最棒<span class="url-icon"><img alt=[心] src="https://h5.sinaimg.cn/m/emoticon/icon/others/l_xin-43af9086c0.png" style="width:1em; height:1em;" /></span><span class="url-icon"><img alt=[偷乐] src="https://h5.sinaimg.cn/m/emoticon/icon/lxh/lxh_toule-244c58c525.png" style="width:1em; height:1em;" /></span><span class="url-icon"><img alt=[心] src="https://h5.sinaimg.cn/m/emoticon/icon/others/l_xin-43af9086c0.png" style="width:1em; height:1em;" /></span>
冰可乐就要冬天喝__=>2022-03-06 11:24:09=>0=>太牛了吧
依我看你就是傻子=>2022-03-06 11:18:58=>0=>恭喜<span class="url-icon"><img alt="[赢牛奶]" src="https://face.t.sinajs.cn/t4/appstyle/expression/ext/normal/9c/2021_yingniunai_org.png" style="width:1em; height:1em;" /></span><span class="url-icon"><img alt="[赢牛奶]" src="https://face.t.sinajs.cn/t4/appstyle/expression/ext/normal/9c/2021_yingniunai_org.png" style="width:1em; height:1em;" /></span>
是谁拿了我的养乐多=>2022-03-06 11:18:48=>0=>恭喜<span class="url-icon"><img alt=[给力] src="https://h5.sinaimg.cn/m/emoticon/icon/others/f_geili-78be8d9152.png" style="width:1em; height:1em;" /></span>
我巨好运111=>2022-03-07 14:30:33=>0=><span class="url-icon"><img alt=[good] src="https://h5.sinaimg.cn/m/emoticon/icon/others/h_good-0c51afc69c.png" style="width:1em; height:1em;" /></span><span class="url-icon"><img alt=[good] src="https://h5.sinaimg.cn/m/emoticon/icon/others/h_good-0c51afc69c.png" style="width:1em; height:1em;" /></span><span class="url-icon"><img alt=[good] src="https://h5.sinaimg.cn/m/emoticon/icon/others/h_good-0c51afc69c.png" style="width:1em; height:1em;" /></span>
cdxj519=>2022-03-06 19:06:31=>0=><span class="url-icon"><img alt=[心] src="https://h5.sinaimg.cn/m/emoticon/icon/others/l_xin-43af9086c0.png" style="width:1em; height:1em;" /></span><span class="url-icon"><img alt=[心] src="https://h5.sinaimg.cn/m/emoticon/icon/others/l_xin-43af9086c0.png" style="width:1em; height:1em;" /></span><span class="url-icon"><img alt=[心] src="https://h5.sinaimg.cn/m/emoticon/icon/others/l_xin-43af9086c0.png" style="width:1em; height:1em;" /></span>
洛七千溟zz=>2022-03-06 13:41:26=>0=>祝贺🎉
sLINCU=>2022-03-06 11:51:31=>0=>你们太棒啦<span class="url-icon"><img alt=[打call] src="https://h5.sinaimg.cn/m/emoticon/icon/default/fb_a1dacall-1e0c4593fc.png" style="width:1em; height:1em;" /></span>
kk-non=>2022-03-06 11:51:08=>0=>恭喜！<span class="url-icon"><img alt=[兔子] src="https://h5.sinaimg.cn/m/emoticon/icon/others/d_tuzi-d2b0222faa.png" style="width:1em; height:1em;" /></span>
天然心情--=>2022-03-06 11:39:04=>0=>祝贺中国健儿！<span class="url-icon"><img alt=[心] src="https://h5.sinaimg.cn/m/emoticon/icon/others/l_xin-43af9086c0.png" style="width:1em; height:1em;" /></span><span class="url-icon"><img alt=[鼓掌] src="https://h5.sinaimg.cn/m/emoticon/icon/default/d_guzhang-cca8b296d9.png" style="width:1em; height:1em;" /></span><span class="url-icon"><img alt=[中国赞] src="https://h5.sinaimg.cn/m/emoticon/icon/others/d_chnlike-8fc550a807.png" style="width:1em; height:1em;" /></span><span class="url-icon"><img alt=[加油] src="https://h5.sinaimg.cn/m/emoticon/icon/default/d_jiayou-a34ced0409.png" style="width:1em; height:1em;" /></span><span class="url-icon"><img alt="[雪容融]" src="https://face.t.sinajs.cn/t4/appstyle/expression/ext/normal/80/2022_ShueyRhonRhon_org.png" style="width:1em; height:1em;" /></span><span class="url-icon"><img alt="[福气虎]" src="https://face.t.sinajs.cn/t4/appstyle/expression/ext/normal/08/2022_AuspiciousTiger_org.png" style="width:1em; height:1em;" /></span>
蝶清之翼=>2022-03-06 11:38:27=>0=>牛啊
-狗狗派掌门人=>2022-03-06 11:29:46=>0=>厉害👍🏻🇨🇳
爱吃仙贝的雪饼yyy=>2022-03-06 11:27:10=>0=>好棒呀！
林家小朝夕=>2022-03-06 11:26:06=>0=>厉害<span class="url-icon"><img alt=[赞] src="https://h5.sinaimg.cn/m/emoticon/icon/others/h_zan-44ddc70637.png" style="width:1em; height:1em;" /></span>
hhhhhoovv=>2022-03-06 11:25:22=>0=>太棒了<span class="url-icon"><img alt=[赞] src="https://h5.sinaimg.cn/m/emoticon/icon/others/h_zan-44ddc70637.png" style="width:1em; height:1em;" /></span><span class="url-icon"><img alt=[赞] src="https://h5.sinaimg.cn/m/emoticon/icon/others/h_zan-44ddc70637.png" style="width:1em; height:1em;" /></span>
chenxiaopingW=>2022-03-06 11:25:19=>0=>恭喜<span class="url-icon"><img alt=[太开心] src="https://h5.sinaimg.cn/m/emoticon/icon/default/d_taikaixin-b7d86de3fd.png" style="width:1em; height:1em;" /></span>
桉柉-霖=>2022-03-06 11:17:56=>0=>棒棒棒<span class="url-icon"><img alt=[good] src="https://h5.sinaimg.cn/m/emoticon/icon/others/h_good-0c51afc69c.png" style="width:1em; height:1em;" /></span><span class="url-icon"><img alt=[good] src="https://h5.sinaimg.cn/m/emoticon/icon/others/h_good-0c51afc69c.png" style="width:1em; height:1em;" /></span><span class="url-icon"><img alt=[good] src="https://h5.sinaimg.cn/m/emoticon/icon/others/h_good-0c51afc69c.png" style="width:1em; height:1em;" /></span><span class="url-icon"><img alt=[good] src="https://h5.sinaimg.cn/m/emoticon/icon/others/h_good-0c51afc69c.png" style="width:1em; height:1em;" /></span>！
1021HY=>2022-03-06 11:17:44=>0=><span class="url-icon"><img alt=[good] src="https://h5.sinaimg.cn/m/emoticon/icon/others/h_good-0c51afc69c.png" style="width:1em; height:1em;" /></span><span class="url-icon"><img alt=[good] src="https://h5.sinaimg.cn/m/emoticon/icon/others/h_good-0c51afc69c.png" style="width:1em; height:1em;" /></span><span class="url-icon"><img alt=[good] src="https://h5.sinaimg.cn/m/emoticon/icon/others/h_good-0c51afc69c.png" style="width:1em; height:1em;" /></span>
_拜托超酷的诶=>2022-03-06 11:17:32=>0=><span class="url-icon"><img alt=[鼓掌] src="https://h5.sinaimg.cn/m/emoticon/icon/default/d_guzhang-cca8b296d9.png" style="width:1em; height:1em;" /></span>
飞吧ctp=>2022-03-06 11:16:38=>0=><span class="url-icon"><img alt=[打call] src="https://h5.sinaimg.cn/m/emoticon/icon/default/fb_a1dacall-1e0c4593fc.png" style="width:1em; height:1em;" /></span><span class="url-icon"><img alt=[打call] src="https://h5.sinaimg.cn/m/emoticon/icon/default/fb_a1dacall-1e0c4593fc.png" style="width:1em; height:1em;" /></span><span class="url-icon"><img alt=[打call] src="https://h5.sinaimg.cn/m/emoticon/icon/default/fb_a1dacall-1e0c4593fc.png" style="width:1em; height:1em;" /></span>
