爱你永远无绝期=>2022-08-20 12:44:35=>142=>还是那句老话，直接扔了吧？<span class="url-icon"><img alt=[doge] src="https://h5.sinaimg.cn/m/emoticon/icon/others/d_doge-be7f768d78.png" style="width:1em; height:1em;" /></span>
TheOnlyXYZ=>2022-08-20 12:47:08=>102=>祸害人类<span class="url-icon"><img alt=[怒] src="https://h5.sinaimg.cn/m/emoticon/icon/default/d_nu-0ddf642bed.png" style="width:1em; height:1em;" /></span>
娜娜真棒呀=>2022-08-20 12:43:55=>57=>什么时候能把美国从世界地图上删除呀<span class="url-icon"><img alt=[怒] src="https://h5.sinaimg.cn/m/emoticon/icon/default/d_nu-0ddf642bed.png" style="width:1em; height:1em;" /></span>
ICIQID卡通通给我mima=>2022-08-20 12:53:05=>45=>美国生物实验室=日本731细菌部队
写好论文去见想见的人=>2022-08-20 12:50:48=>36=>从事危险病原体研究需要极高的人类责任感，显然，老美的许多人不适合
龏奭嚻艸=>2022-08-20 14:24:30=>34=>反人类罪！
壹位不愿意透露姓名的民谣歌手=>2022-08-20 13:15:28=>21=>抗日战争结束之后 美国好像接管了731部队的实验资料
龙小呆他不呆=>2022-08-20 13:45:25=>6=>美国啥时候沉底
强国梦诗远方=>2022-08-20 18:25:21=>8=>堪比核弹！我国要提前应对。
冷萃吖=>2022-08-20 13:40:25=>7=>美国为了自己的霸权地位各种制毒!
spidor=>2022-08-20 12:58:15=>5=>你到墙外面去发啊，让世界人民看看
为你的名字心动=>2022-08-20 12:50:33=>5=><span class="url-icon"><img alt=[怒] src="https://h5.sinaimg.cn/m/emoticon/icon/default/d_nu-0ddf642bed.png" style="width:1em; height:1em;" /></span>祸害
曹痩子=>2022-08-20 13:22:14=>7=>美国就是地球的癌症
迷糊呆猪=>2022-10-18 16:57:30=>1=><span class="url-icon"><img alt=[跪了] src="https://h5.sinaimg.cn/m/emoticon/icon/default/d_guile-a8a737d3a0.png" style="width:1em; height:1em;" /></span>
啊---土=>2022-08-20 15:17:28=>3=>害人终害己
瓜霆七七呀=>2022-08-20 19:42:33=>1=>美国应该消失<span class="url-icon"><img alt=[怒] src="https://h5.sinaimg.cn/m/emoticon/icon/default/d_nu-0ddf642bed.png" style="width:1em; height:1em;" /></span>
阿普游记=>2022-08-22 08:43:53=>0=><a  href="https://m.weibo.cn/search?containerid=231522type%3D1%26t%3D10%26q%3D%23%E5%A4%9A%E5%9B%BD%E4%B8%93%E5%AE%B6%E8%B4%A8%E7%96%91%E7%BE%8E%E6%B5%B7%E5%A4%96%E7%94%9F%E7%89%A9%E5%AE%9E%E9%AA%8C%E5%AE%A4%23&extparam=%23%E5%A4%9A%E5%9B%BD%E4%B8%93%E5%AE%B6%E8%B4%A8%E7%96%91%E7%BE%8E%E6%B5%B7%E5%A4%96%E7%94%9F%E7%89%A9%E5%AE%9E%E9%AA%8C%E5%AE%A4%23" data-hide=""><span class="surl-text">#多国专家质疑美海外生物实验室#</span></a> 如果美方能公开这些实验室，公开让全球来监督这些实验室<span class="url-icon"><img alt=[哈哈] src="https://h5.sinaimg.cn/m/emoticon/icon/default/d_haha-0ec05e6dad.png" style="width:1em; height:1em;" /></span><span class="url-icon"><img alt=[哈哈] src="https://h5.sinaimg.cn/m/emoticon/icon/default/d_haha-0ec05e6dad.png" style="width:1em; height:1em;" /></span>藏着掖着就为了祸害全球啊
宇与余渔鱼=>2022-08-21 00:35:11=>0=><span class="url-icon"><img alt=[思考] src="https://h5.sinaimg.cn/m/emoticon/icon/default/d_sikao-ff9602dd08.png" style="width:1em; height:1em;" /></span>
简传媒=>2022-08-20 18:34:15=>1=>反人类//ICIQID卡通通给我mima:美国生物实验室=日本731细菌部队
慧眼识人066=>2022-08-20 16:19:50=>1=>他们要把全世界都渗透方便干坏事
棣逸_=>2022-08-20 15:31:49=>0=><span class="url-icon"><img alt=[怒] src="https://h5.sinaimg.cn/m/emoticon/icon/default/d_nu-0ddf642bed.png" style="width:1em; height:1em;" /></span><span class="url-icon"><img alt=[怒] src="https://h5.sinaimg.cn/m/emoticon/icon/default/d_nu-0ddf642bed.png" style="width:1em; height:1em;" /></span>
荼靡开至夏末=>2022-08-20 15:23:25=>0=>细思极恐 太可怕了  这没完没了的疫情全是美国研究的
跌入碳酸里=>2022-08-20 14:21:36=>0=>祸害别人<span class="url-icon"><img alt=[怒] src="https://h5.sinaimg.cn/m/emoticon/icon/default/d_nu-0ddf642bed.png" style="width:1em; height:1em;" /></span>
奶油黄梨xxx=>2022-08-20 13:56:36=>0=>什么时候能把美国从世界地图上删除就好了
_水晶吖=>2022-08-20 13:48:17=>0=>祸害!
朝暮岁辰伴非凡=>2022-08-20 13:42:30=>1=>一天到晚就知道霍霍别人
iiovo-_=>2022-08-20 13:39:23=>0=><span class="url-icon"><img alt=[晕] src="https://h5.sinaimg.cn/m/emoticon/icon/default/d_yun-3ca5d0a5b7.png" style="width:1em; height:1em;" /></span>
种花家的微表情=>2022-08-20 13:38:01=>1=>大家一起上，世界和平有望<span class="url-icon"><img alt=[doge] src="https://h5.sinaimg.cn/m/emoticon/icon/others/d_doge-be7f768d78.png" style="width:1em; height:1em;" /></span>
小猫咒语=>2022-08-20 13:33:15=>2=>美国🇺🇸病毒🦠
可爱鬼小圆脸=>2022-08-20 12:49:39=>0=><span class="url-icon"><img alt=[感冒] src="https://h5.sinaimg.cn/m/emoticon/icon/default/d_ganmao-286fc59b6d.png" style="width:1em; height:1em;" /></span><span class="url-icon"><img alt=[感冒] src="https://h5.sinaimg.cn/m/emoticon/icon/default/d_ganmao-286fc59b6d.png" style="width:1em; height:1em;" /></span><span class="url-icon"><img alt=[感冒] src="https://h5.sinaimg.cn/m/emoticon/icon/default/d_ganmao-286fc59b6d.png" style="width:1em; height:1em;" /></span>
原来是个小星星=>2022-08-20 12:48:17=>2=>美国病毒
Sureeeeee废话输出机器=>2022-08-20 12:54:04=>1=>别再作了，我3年没出过省了
健康管理模式=>2022-08-21 16:35:38=>0=>快点在地球上消失吧！
ly_小林子哥=>2022-08-21 11:35:32=>0=>举全世界力量消灭美国
一生指着world=>2022-08-21 11:16:00=>1=>美国就是病毒！
大概是汝不言吧=>2022-08-21 08:26:59=>0=>不怕敌人强大，就怕自己人跪久了站不起来，还在内捣乱
又一村人55881=>2022-08-21 07:41:42=>1=>现在的美国像极二战期间的日本鬼子！到处杀人、！
单纯的复杂98330=>2022-08-21 07:21:46=>0=>美国的生物武器已经成为世界的一个隐患！
绿色微尘2008=>2022-08-21 02:20:28=>1=>应该好好彻底查查美国全球生物实验室，都在做什么实验？！！？！？？
程序09=>2022-08-21 01:26:10=>0=>支持司马南，为正义伸张。
MiniMiss热热=>2022-08-20 22:55:40=>1=>就算是死，也要把美国这个邪恶的国家拉着一同坠入深渊
啊啊青188=>2022-08-20 21:03:15=>0=>清算美国
yyt2142=>2022-08-20 18:18:05=>0=>🇺🇸👉🏻💩
maggie7383=>2022-08-20 18:11:29=>0=>那又能如何？现时又有谁能对付得了它？
断桥孤影=>2022-08-20 17:58:39=>1=>新冠病毒就是美国制造并传播出来的
深中厚毒的娜娜=>2022-08-20 17:50:09=>0=>当年可是美国包庇日本，让731没有受到审判！
香芋紫奥=>2022-08-20 17:10:16=>0=>美国自己先原地爆炸吧
小疯疯囧囧鸥9_UX=>2022-08-20 16:23:02=>0=>除了告诉大家，国家需要做什么，人民需要做什么？
昙雾=>2022-08-20 16:22:58=>0=>霉国就是人类的祸害
洛米华=>2022-08-20 16:03:43=>0=>倡导富强、民主、文明、和谐，倡导自由、平等、公正、法治，倡导爱国、敬业、诚信、友善，积极培育和践行社会主义核心价值观，弘扬爱国主义精神，必须坚持立足民族又面向世界。
乐乐丁的微博=>2022-08-20 15:57:22=>0=>嗨呀，难道还指望美国科技共享
凡Lee=>2022-08-20 15:30:32=>0=>看侏罗纪公园3我觉得反应出美国很真实的样子
虎看投资=>2022-08-20 15:11:53=>0=>找机会把他们都端了
emilyzoeng=>2022-08-20 15:00:40=>0=>美国驻华大使馆  我实在忍不住再补充一句，祝  美帝早日归西<span class="url-icon"><img alt=[弱] src="https://h5.sinaimg.cn/m/emoticon/icon/others/h_ruo-d444cceb19.png" style="width:1em; height:1em;" /></span><span class="url-icon"><img alt=[弱] src="https://h5.sinaimg.cn/m/emoticon/icon/others/h_ruo-d444cceb19.png" style="width:1em; height:1em;" /></span><span class="url-icon"><img alt=[弱] src="https://h5.sinaimg.cn/m/emoticon/icon/others/h_ruo-d444cceb19.png" style="width:1em; height:1em;" /></span>
河帝d崽=>2022-08-20 14:50:44=>0=>这辈子我还能不能寿终正寝了<span class="url-icon"><img alt="[苦涩]" src="https://face.t.sinajs.cn/t4/appstyle/expression/ext/normal/7e/2021_bitter_org.png" style="width:1em; height:1em;" /></span>
蓝花甜甜=>2022-08-20 14:39:30=>0=>转发微博
LYZ阿狸=>2022-08-20 14:20:42=>0=>说美国病毒不是冤枉它们
好了再骂就烦了-=>2022-08-20 14:15:19=>0=>😱😱
你困不困我困zzZ=>2022-08-20 14:11:23=>0=><span class="url-icon"><img alt=[怒] src="https://h5.sinaimg.cn/m/emoticon/icon/default/d_nu-0ddf642bed.png" style="width:1em; height:1em;" /></span><span class="url-icon"><img alt=[怒] src="https://h5.sinaimg.cn/m/emoticon/icon/default/d_nu-0ddf642bed.png" style="width:1em; height:1em;" /></span>
sawtang1=>2022-08-20 14:03:33=>1=>公知呢？出来洗地
微生茉莉=>2022-08-20 13:56:24=>1=>我真的不理解美国<span class="url-icon"><img alt=[裂开] src="https://h5.sinaimg.cn/m/emoticon/icon/default/fc_liekai-9df295d44f.png" style="width:1em; height:1em;" /></span>
歪楼摘星辰=>2022-08-20 13:55:40=>0=><a  href="https://m.weibo.cn/search?containerid=231522type%3D1%26t%3D10%26q%3D%23%E7%BE%8E%E5%9B%BD%E6%98%AF%E5%9C%B0%E7%90%83%E4%B9%8B%E7%99%8C%23&extparam=%23%E7%BE%8E%E5%9B%BD%E6%98%AF%E5%9C%B0%E7%90%83%E4%B9%8B%E7%99%8C%23" data-hide=""><span class="surl-text">#美国是地球之癌#</span></a> 地球之癌罢了
糖里格甜=>2022-08-20 13:52:56=>0=>非洲老是有奇奇怪怪的病毒  懷疑是不是某国故意搞得
珊珊是柠檬吖=>2022-08-20 13:52:23=>0=>祸害
冻妖不直播给飘崽餐磕头不改名=>2022-08-20 13:43:04=>0=><span class="url-icon"><img alt=[哆啦A梦害怕] src="https://h5.sinaimg.cn/m/emoticon/icon/doraemon/dr_03haipa-32e9b53caf.png" style="width:1em; height:1em;" /></span>
无心问柳02=>2022-08-20 13:40:05=>2=>请他们公开德特里克堡周边的电子烟肺病例，那年九月的所谓提早的“流感”死了多少人？
我都想关了=>2022-08-20 13:07:50=>0=>威尔逊·爱德华兹教授的文章呢？团团补充一下吧
遥远的一亩三分地=>2022-08-20 13:04:16=>3=>目的很明确，勒索恐吓，不劳而获
只是一只杨1=>2022-08-20 13:03:12=>0=>三年没有出过省啦😓
反正很开心=>2022-08-20 13:00:28=>0=><span class="url-icon"><img alt=[怒] src="https://h5.sinaimg.cn/m/emoticon/icon/default/d_nu-0ddf642bed.png" style="width:1em; height:1em;" /></span><span class="url-icon"><img alt=[怒] src="https://h5.sinaimg.cn/m/emoticon/icon/default/d_nu-0ddf642bed.png" style="width:1em; height:1em;" /></span><span class="url-icon"><img alt=[怒] src="https://h5.sinaimg.cn/m/emoticon/icon/default/d_nu-0ddf642bed.png" style="width:1em; height:1em;" /></span>
短腿费时=>2022-08-20 12:57:24=>0=>团团怎么不关心一下你的青年今年就业怎么样啊<span class="url-icon"><img alt=[摊手] src="https://h5.sinaimg.cn/m/emoticon/icon/default/d_tanshou-fa05d4eacf.png" style="width:1em; height:1em;" /></span>
风的故事在哪里=>2022-08-20 12:49:02=>0=><span class="url-icon"><img alt=[吃瓜] src="https://h5.sinaimg.cn/m/emoticon/icon/default/d_chigua-7a95e6efc4.png" style="width:1em; height:1em;" /></span><span class="url-icon"><img alt=[吃瓜] src="https://h5.sinaimg.cn/m/emoticon/icon/default/d_chigua-7a95e6efc4.png" style="width:1em; height:1em;" /></span><span class="url-icon"><img alt=[吃瓜] src="https://h5.sinaimg.cn/m/emoticon/icon/default/d_chigua-7a95e6efc4.png" style="width:1em; height:1em;" /></span>
收复台湾的那天再改名=>2022-08-20 12:55:42=>2=>美国真的是地球之癌，早点灭亡吧
robin_14846=>2022-08-21 09:26:25=>0=>联合国调查
一场烟雨望江南=>2022-08-20 21:06:27=>0=>美国病毒
亚当陶华=>2022-08-20 19:47:13=>0=>全球各国应该联合起来毁灭美国<span class="url-icon"><img alt=[good] src="https://h5.sinaimg.cn/m/emoticon/icon/others/h_good-0c51afc69c.png" style="width:1em; height:1em;" /></span><span class="url-icon"><img alt=[good] src="https://h5.sinaimg.cn/m/emoticon/icon/others/h_good-0c51afc69c.png" style="width:1em; height:1em;" /></span><span class="url-icon"><img alt=[good] src="https://h5.sinaimg.cn/m/emoticon/icon/others/h_good-0c51afc69c.png" style="width:1em; height:1em;" /></span><span class="url-icon"><img alt=[good] src="https://h5.sinaimg.cn/m/emoticon/icon/others/h_good-0c51afc69c.png" style="width:1em; height:1em;" /></span><span class="url-icon"><img alt=[good] src="https://h5.sinaimg.cn/m/emoticon/icon/others/h_good-0c51afc69c.png" style="width:1em; height:1em;" /></span>
柳文摘要=>2022-08-20 17:32:48=>0=>难怪这疫情一直不消停的。万恶的油太人。
用户hdifituikb=>2022-08-20 16:56:19=>0=>美帝是人类的祸害。
想抽雨花石怕上瘾喜欢小酌怕伤肝=>2022-08-20 13:36:14=>0=>就是质疑，没点真格的
Bamboo想学习=>2022-09-01 16:17:26=>0=>求求了，美国狗能不能别搞事了啊，一整个无语住了
丹心映山河=>2022-08-21 15:24:25=>1=>美国病毒实验室和日本731部队是一脉相承的关系。
跨乐时空=>2022-08-21 10:21:06=>0=><span class="url-icon"><img alt=[鼓掌] src="https://h5.sinaimg.cn/m/emoticon/icon/default/d_guzhang-cca8b296d9.png" style="width:1em; height:1em;" /></span>
绝情保安_=>2022-08-20 23:42:48=>0=>！！！
轻词挽歌=>2022-08-20 23:05:19=>1=>之前有个英国的主编报道了COVID-19部分片段和美国德克里实验室专利片段一致，然后第二天就出车祸了🤗
水果榨汁hahahe=>2022-08-20 21:32:30=>0=>，
是你的小温柔4=>2022-08-20 20:31:53=>0=><span class="url-icon"><img alt=[怒] src="https://h5.sinaimg.cn/m/emoticon/icon/default/d_nu-0ddf642bed.png" style="width:1em; height:1em;" /></span>
怎么了is笑哈哈=>2022-08-20 19:11:51=>0=><span class="url-icon"><img alt=[微笑] src="https://h5.sinaimg.cn/m/emoticon/icon/default/d_hehe-0be7e6251f.png" style="width:1em; height:1em;" /></span>
想耀和文讲情话=>2022-08-20 17:06:32=>0=><span class="url-icon"><img alt=[鲜花] src="https://h5.sinaimg.cn/m/emoticon/icon/others/w_xianhua-f902c37199.png" style="width:1em; height:1em;" /></span><span class="url-icon"><img alt=[鲜花] src="https://h5.sinaimg.cn/m/emoticon/icon/others/w_xianhua-f902c37199.png" style="width:1em; height:1em;" /></span><span class="url-icon"><img alt=[鲜花] src="https://h5.sinaimg.cn/m/emoticon/icon/others/w_xianhua-f902c37199.png" style="width:1em; height:1em;" /></span>
重拾_狗狗祟祟的快乐=>2022-08-20 16:57:06=>0=>害人终害己
丹心映山河=>2022-08-20 16:39:26=>1=>美国病毒实验室和日本731部队一脉相承。
emilyzoeng=>2022-08-20 14:58:51=>0=>美国驻华大使馆   来来，看看你们每天都在干些什么。你们要是觉得地球不适合你们美狗，你们可以移居火星或任何星球，别祸害地球人类。有句老话比较适合你们：害人终害己。
Block-文=>2022-08-20 14:47:31=>0=>美国政府就是世界上合法的恐怖组织。
Mooncaakee=>2022-08-20 14:31:23=>0=><span class="url-icon"><img alt=[生病] src="https://h5.sinaimg.cn/m/emoticon/icon/default/d_shengbing-b740fa9852.png" style="width:1em; height:1em;" /></span>
被俊俊宠坏h=>2022-08-20 14:26:11=>1=>美国病毒
传说中的晓星=>2022-08-20 14:24:40=>0=><a  href="https://m.weibo.cn/search?containerid=231522type%3D1%26t%3D10%26q%3D%23%E7%BE%8E%E5%9B%BD%E7%97%85%E6%AF%92%23&extparam=%23%E7%BE%8E%E5%9B%BD%E7%97%85%E6%AF%92%23" data-hide=""><span class="surl-text">#美国病毒#</span></a> 祸乱全球！<span class="url-icon"><img alt=[怒] src="https://h5.sinaimg.cn/m/emoticon/icon/default/d_nu-0ddf642bed.png" style="width:1em; height:1em;" /></span><span class="url-icon"><img alt=[怒] src="https://h5.sinaimg.cn/m/emoticon/icon/default/d_nu-0ddf642bed.png" style="width:1em; height:1em;" /></span>
座山观虎=>2022-08-20 14:13:51=>0=><span class="url-icon"><img alt=[话筒] src="https://h5.sinaimg.cn/m/emoticon/icon/others/o_huatong-0a3e80b147.png" style="width:1em; height:1em;" /></span><span class="url-icon"><img alt=[话筒] src="https://h5.sinaimg.cn/m/emoticon/icon/others/o_huatong-0a3e80b147.png" style="width:1em; height:1em;" /></span><span class="url-icon"><img alt=[话筒] src="https://h5.sinaimg.cn/m/emoticon/icon/others/o_huatong-0a3e80b147.png" style="width:1em; height:1em;" /></span>
一只有刺的猛猬-=>2022-08-20 14:13:04=>0=>无语
唯Love晨熙=>2022-08-20 13:59:53=>0=><span class="url-icon"><img alt=[怒] src="https://h5.sinaimg.cn/m/emoticon/icon/default/d_nu-0ddf642bed.png" style="width:1em; height:1em;" /></span>
爱笑的可爱多a=>2022-08-20 13:43:18=>0=>！！！！！！
随缘相聚-随遇而安=>2022-08-20 13:37:27=>0=>美国病毒<span class="url-icon"><img alt=[怒骂] src="https://h5.sinaimg.cn/m/emoticon/icon/default/d_numa-462905d4fc.png" style="width:1em; height:1em;" /></span>
-哪吒阿颖-=>2022-08-20 13:32:46=>0=>美国病毒
xh与小欣=>2022-08-20 13:25:07=>0=>自信点 把可能去掉<span class="url-icon"><img alt=[doge] src="https://h5.sinaimg.cn/m/emoticon/icon/others/d_doge-be7f768d78.png" style="width:1em; height:1em;" /></span>
瀚卫整片晓宇宙=>2022-08-20 13:20:11=>0=><span class="url-icon"><img alt=[拜拜] src="https://h5.sinaimg.cn/m/emoticon/icon/default/d_baibai-8bfa9c2a4f.png" style="width:1em; height:1em;" /></span><span class="url-icon"><img alt=[拜拜] src="https://h5.sinaimg.cn/m/emoticon/icon/default/d_baibai-8bfa9c2a4f.png" style="width:1em; height:1em;" /></span><span class="url-icon"><img alt=[拜拜] src="https://h5.sinaimg.cn/m/emoticon/icon/default/d_baibai-8bfa9c2a4f.png" style="width:1em; height:1em;" /></span>美国就不能琢磨点好事么<span class="url-icon"><img alt="[揣手]" src="https://face.t.sinajs.cn/t4/appstyle/expression/ext/normal/af/2022_chuaishou_org.png" style="width:1em; height:1em;" /></span><span class="url-icon"><img alt=[顶] src="https://h5.sinaimg.cn/m/emoticon/icon/default/d_ding-0a935b6be1.png" style="width:1em; height:1em;" /></span><span class="url-icon"><img alt=[顶] src="https://h5.sinaimg.cn/m/emoticon/icon/default/d_ding-0a935b6be1.png" style="width:1em; height:1em;" /></span>
忆椿词_=>2022-08-20 13:07:13=>1=>😱😱
等待不可预知的未来=>2022-08-20 13:05:50=>0=>真是祸害
2024好运长城绕_=>2022-08-20 13:03:08=>0=>美国能不能从地球上消失<span class="url-icon"><img alt=[费解] src="https://h5.sinaimg.cn/m/emoticon/icon/default/d_feijie-c1df37ef03.png" style="width:1em; height:1em;" /></span><span class="url-icon"><img alt=[费解] src="https://h5.sinaimg.cn/m/emoticon/icon/default/d_feijie-c1df37ef03.png" style="width:1em; height:1em;" /></span>
潘多拉de森林=>2022-08-20 13:01:39=>0=>科学是为了造福人类，一旦被坏人掌握便危害人类
hahahahappy1127=>2022-08-20 13:01:09=>0=>真是个祸害
她与夏天-=>2022-08-20 13:00:19=>0=><span class="url-icon"><img alt=[哼] src="https://h5.sinaimg.cn/m/emoticon/icon/default/d_heng-3032fd08c2.png" style="width:1em; height:1em;" /></span>
清秋梨绘_aeriaki=>2022-08-20 12:57:45=>0=><span class="url-icon"><img alt="[苦涩]" src="https://face.t.sinajs.cn/t4/appstyle/expression/ext/normal/7e/2021_bitter_org.png" style="width:1em; height:1em;" /></span>
誰菓骰乐=>2022-08-20 12:57:32=>0=>可恶
芷怡o=>2022-08-20 12:49:33=>0=>！！！
许·愿·池=>2022-08-20 12:49:26=>0=>🍉🍉🍉
朗姆味雪球=>2022-08-20 12:47:19=>0=>四川限电，看看四川吧<span class="url-icon"><img alt=[跪了] src="https://h5.sinaimg.cn/m/emoticon/icon/default/d_guile-a8a737d3a0.png" style="width:1em; height:1em;" /></span><span class="url-icon"><img alt=[跪了] src="https://h5.sinaimg.cn/m/emoticon/icon/default/d_guile-a8a737d3a0.png" style="width:1em; height:1em;" /></span>
ye琳ly=>2022-08-20 12:46:16=>0=>!😱😱😱
月亮跌入梦里了=>2022-08-20 12:43:13=>0=><span class="url-icon"><img alt=[吃惊] src="https://h5.sinaimg.cn/m/emoticon/icon/default/d_chijing-59b444adb6.png" style="width:1em; height:1em;" /></span><span class="url-icon"><img alt=[吃惊] src="https://h5.sinaimg.cn/m/emoticon/icon/default/d_chijing-59b444adb6.png" style="width:1em; height:1em;" /></span><span class="url-icon"><img alt=[吃惊] src="https://h5.sinaimg.cn/m/emoticon/icon/default/d_chijing-59b444adb6.png" style="width:1em; height:1em;" /></span>
