Star--qi=>2022-10-01 20:17:20=>3=>致敬中国航天<span class="url-icon"><img alt=[航天员] src="https://h5.sinaimg.cn/m/emoticon/icon/default/cn_xyhy-1c8ac7b4d1.png" style="width:1em; height:1em;" /></span>
一挽解清愁=>2022-10-01 22:02:58=>2=>中华人民共和国万岁！<span class="url-icon"><img alt=[打call] src="https://h5.sinaimg.cn/m/emoticon/icon/default/fb_a1dacall-1e0c4593fc.png" style="width:1em; height:1em;" /></span>🇨🇳
慕蓝怡汐=>2022-10-01 21:30:34=>2=>致敬<span class="url-icon"><img alt=[心] src="https://h5.sinaimg.cn/m/emoticon/icon/others/l_xin-43af9086c0.png" style="width:1em; height:1em;" /></span><span class="url-icon"><img alt=[心] src="https://h5.sinaimg.cn/m/emoticon/icon/others/l_xin-43af9086c0.png" style="width:1em; height:1em;" /></span><span class="url-icon"><img alt=[心] src="https://h5.sinaimg.cn/m/emoticon/icon/others/l_xin-43af9086c0.png" style="width:1em; height:1em;" /></span>
7寻茉莉=>2022-10-01 21:27:21=>1=>致敬中国航天<span class="url-icon"><img alt=[心] src="https://h5.sinaimg.cn/m/emoticon/icon/others/l_xin-43af9086c0.png" style="width:1em; height:1em;" /></span>
赵毓麒的微博_=>2022-10-01 20:16:09=>1=>🇨🇳🇨🇳🇨🇳<span class="url-icon"><img alt=[心] src="https://h5.sinaimg.cn/m/emoticon/icon/others/l_xin-43af9086c0.png" style="width:1em; height:1em;" /></span><span class="url-icon"><img alt=[心] src="https://h5.sinaimg.cn/m/emoticon/icon/others/l_xin-43af9086c0.png" style="width:1em; height:1em;" /></span><span class="url-icon"><img alt=[心] src="https://h5.sinaimg.cn/m/emoticon/icon/others/l_xin-43af9086c0.png" style="width:1em; height:1em;" /></span>
糖炒栗子阿-=>2022-10-01 20:11:48=>1=>中国好棒🇨🇳🇨🇳🇨🇳。
时屿7711=>2022-10-01 20:25:13=>1=>致敬中国航天<span class="url-icon"><img alt="[赢牛奶]" src="https://face.t.sinajs.cn/t4/appstyle/expression/ext/normal/9c/2021_yingniunai_org.png" style="width:1em; height:1em;" /></span>
-白心白板儿-=>2022-10-01 20:12:03=>1=>就是中国红！
最爱茉莉香66=>2022-10-03 12:27:55=>1=>中国红<span class="url-icon"><img alt=[心] src="https://h5.sinaimg.cn/m/emoticon/icon/others/l_xin-43af9086c0.png" style="width:1em; height:1em;" /></span>
宇与余渔鱼=>2022-10-03 00:58:42=>0=>🇨🇳
Kasimiliety=>2022-10-02 06:36:54=>0=>致敬中国航天
一级美貌=>2022-10-02 00:17:41=>0=>致敬🇨🇳
青春正步走z=>2022-10-01 22:18:42=>0=>致敬中国航天<span class="url-icon"><img alt=[心] src="https://h5.sinaimg.cn/m/emoticon/icon/others/l_xin-43af9086c0.png" style="width:1em; height:1em;" /></span>
蓝蓝海洋2123=>2022-10-01 22:12:27=>0=><span class="url-icon"><img alt=[good] src="https://h5.sinaimg.cn/m/emoticon/icon/others/h_good-0c51afc69c.png" style="width:1em; height:1em;" /></span><span class="url-icon"><img alt=[good] src="https://h5.sinaimg.cn/m/emoticon/icon/others/h_good-0c51afc69c.png" style="width:1em; height:1em;" /></span><span class="url-icon"><img alt=[good] src="https://h5.sinaimg.cn/m/emoticon/icon/others/h_good-0c51afc69c.png" style="width:1em; height:1em;" /></span><span class="url-icon"><img alt=[航天员] src="https://h5.sinaimg.cn/m/emoticon/icon/default/cn_xyhy-1c8ac7b4d1.png" style="width:1em; height:1em;" /></span><span class="url-icon"><img alt=[航天员] src="https://h5.sinaimg.cn/m/emoticon/icon/default/cn_xyhy-1c8ac7b4d1.png" style="width:1em; height:1em;" /></span><span class="url-icon"><img alt=[航天员] src="https://h5.sinaimg.cn/m/emoticon/icon/default/cn_xyhy-1c8ac7b4d1.png" style="width:1em; height:1em;" /></span>
朝暮岁辰伴非凡=>2022-10-01 21:26:40=>0=>致敬中国航天，致敬中国红<span class="url-icon"><img alt=[心] src="https://h5.sinaimg.cn/m/emoticon/icon/others/l_xin-43af9086c0.png" style="width:1em; height:1em;" /></span>
椿屿祈念=>2022-10-01 21:22:46=>0=>致敬！
若初见Tanny=>2022-10-01 21:06:48=>0=>中国航天<span class="url-icon"><img alt=[耶] src="https://h5.sinaimg.cn/m/emoticon/icon/others/h_ye-8d6db3a711.png" style="width:1em; height:1em;" /></span>
海苔挺好吃的=>2022-10-01 20:56:01=>0=>致敬！<span class="url-icon"><img alt=[抱一抱] src="https://h5.sinaimg.cn/m/emoticon/icon/default/co_a1hug-f3910d0e88.png" style="width:1em; height:1em;" /></span>
私藏一个小月亮_=>2022-10-01 20:39:26=>0=>致敬！
啃双马尾=>2022-10-01 20:32:13=>0=>也闪耀了新一代人的梦<span class="url-icon"><img alt=[耶] src="https://h5.sinaimg.cn/m/emoticon/icon/others/h_ye-8d6db3a711.png" style="width:1em; height:1em;" /></span>
被窝拾宜在跑图=>2022-10-01 20:31:50=>0=>致敬中国航天
好多鱼饲养员=>2022-10-01 20:31:14=>0=>致敬🇨🇳
听闻铃杳秋=>2022-10-01 20:28:30=>0=>致敬
鲨鱼饲养员_=>2022-10-01 20:26:44=>0=><span class="url-icon"><img alt=[赞] src="https://h5.sinaimg.cn/m/emoticon/icon/others/h_zan-44ddc70637.png" style="width:1em; height:1em;" /></span>
七月如糖_=>2022-10-01 20:18:07=>0=><span class="url-icon"><img alt=[心] src="https://h5.sinaimg.cn/m/emoticon/icon/others/l_xin-43af9086c0.png" style="width:1em; height:1em;" /></span><span class="url-icon"><img alt=[心] src="https://h5.sinaimg.cn/m/emoticon/icon/others/l_xin-43af9086c0.png" style="width:1em; height:1em;" /></span>
湫萝=>2022-10-01 20:12:49=>0=><span class="url-icon"><img alt=[心] src="https://h5.sinaimg.cn/m/emoticon/icon/others/l_xin-43af9086c0.png" style="width:1em; height:1em;" /></span><span class="url-icon"><img alt=[心] src="https://h5.sinaimg.cn/m/emoticon/icon/others/l_xin-43af9086c0.png" style="width:1em; height:1em;" /></span><span class="url-icon"><img alt=[心] src="https://h5.sinaimg.cn/m/emoticon/icon/others/l_xin-43af9086c0.png" style="width:1em; height:1em;" /></span>
等到星期八就做作业=>2022-10-01 20:11:15=>0=>🇨🇳🇨🇳🇨🇳
努力努力再努力GFT=>2022-10-11 08:42:23=>0=>，
和风细雨于无声处=>2022-10-10 21:21:38=>0=>五星红旗高高飘扬
苏芝薇=>2022-10-09 13:24:35=>0=>五星红旗在太空中飘扬，致敬中国航天人<span class="url-icon"><img alt=[鲜花] src="https://h5.sinaimg.cn/m/emoticon/icon/others/w_xianhua-f902c37199.png" style="width:1em; height:1em;" /></span>
猪猪pigpigg=>2022-10-06 22:07:01=>0=><span class="url-icon"><img alt=[哈哈] src="https://h5.sinaimg.cn/m/emoticon/icon/default/d_haha-0ec05e6dad.png" style="width:1em; height:1em;" /></span>
鲜老师=>2022-10-06 09:49:58=>0=>航天人<span class="url-icon"><img alt=[赞] src="https://h5.sinaimg.cn/m/emoticon/icon/others/h_zan-44ddc70637.png" style="width:1em; height:1em;" /></span><span class="url-icon"><img alt=[赞] src="https://h5.sinaimg.cn/m/emoticon/icon/others/h_zan-44ddc70637.png" style="width:1em; height:1em;" /></span><span class="url-icon"><img alt=[赞] src="https://h5.sinaimg.cn/m/emoticon/icon/others/h_zan-44ddc70637.png" style="width:1em; height:1em;" /></span>
汪小人达=>2022-10-05 22:17:28=>0=>我爱我的国家<span class="url-icon"><img alt=[嘻嘻] src="https://h5.sinaimg.cn/m/emoticon/icon/default/d_xixi-643ef6e48d.png" style="width:1em; height:1em;" /></span><span class="url-icon"><img alt=[嘻嘻] src="https://h5.sinaimg.cn/m/emoticon/icon/default/d_xixi-643ef6e48d.png" style="width:1em; height:1em;" /></span>
你好卫兵=>2022-10-03 23:47:18=>0=><span class="url-icon"><img alt=[good] src="https://h5.sinaimg.cn/m/emoticon/icon/others/h_good-0c51afc69c.png" style="width:1em; height:1em;" /></span><span class="url-icon"><img alt=[good] src="https://h5.sinaimg.cn/m/emoticon/icon/others/h_good-0c51afc69c.png" style="width:1em; height:1em;" /></span><span class="url-icon"><img alt=[加油] src="https://h5.sinaimg.cn/m/emoticon/icon/default/d_jiayou-a34ced0409.png" style="width:1em; height:1em;" /></span><span class="url-icon"><img alt=[加油] src="https://h5.sinaimg.cn/m/emoticon/icon/default/d_jiayou-a34ced0409.png" style="width:1em; height:1em;" /></span>
未熟李=>2022-10-03 14:22:31=>0=>再接再厉，再创辉煌！<span class="url-icon"><img alt=[打call] src="https://h5.sinaimg.cn/m/emoticon/icon/default/fb_a1dacall-1e0c4593fc.png" style="width:1em; height:1em;" /></span><span class="url-icon"><img alt=[打call] src="https://h5.sinaimg.cn/m/emoticon/icon/default/fb_a1dacall-1e0c4593fc.png" style="width:1em; height:1em;" /></span>
中华天兵=>2022-10-03 08:01:56=>0=>中国航天加油<span class="url-icon"><img alt=[给力] src="https://h5.sinaimg.cn/m/emoticon/icon/others/f_geili-78be8d9152.png" style="width:1em; height:1em;" /></span>，我们的目标是到星辰大海去种菜<span class="url-icon"><img alt=[作揖] src="https://h5.sinaimg.cn/m/emoticon/icon/others/h_zuoyi-519f80d31c.png" style="width:1em; height:1em;" /></span>
三门峡市育才小学=>2022-10-02 14:49:18=>0=><a  href="https://m.weibo.cn/search?containerid=231522type%3D1%26t%3D10%26q%3D%23%E4%B8%AD%E5%9B%BD%E9%AA%84%E5%82%B2%23&isnewpage=1" data-hide=""><span class="surl-text">#中国骄傲#</span></a>
布朗峰环状线=>2022-10-02 08:18:54=>0=>《红星照耀下的太空》要安排上
蘑菇爱甘蔗=>2022-10-02 08:03:05=>0=><span class="url-icon"><img alt=[打call] src="https://h5.sinaimg.cn/m/emoticon/icon/default/fb_a1dacall-1e0c4593fc.png" style="width:1em; height:1em;" /></span>
FY简灵兰嘻=>2022-10-02 08:00:23=>0=><span class="url-icon"><img alt=[赞] src="https://h5.sinaimg.cn/m/emoticon/icon/others/h_zan-44ddc70637.png" style="width:1em; height:1em;" /></span>
今年夏天去哪儿=>2022-10-02 02:34:49=>0=>为中国航天人骄傲<span class="url-icon"><img alt=[赞] src="https://h5.sinaimg.cn/m/emoticon/icon/others/h_zan-44ddc70637.png" style="width:1em; height:1em;" /></span>
牧香=>2022-10-02 00:21:11=>0=>宇航员和红色国旗绝配～<span class="url-icon"><img alt=[加油] src="https://h5.sinaimg.cn/m/emoticon/icon/default/d_jiayou-a34ced0409.png" style="width:1em; height:1em;" /></span><span class="url-icon"><img alt=[泪] src="https://h5.sinaimg.cn/m/emoticon/icon/default/d_lei-4cdf6ee412.png" style="width:1em; height:1em;" /></span>
Aa_画不圆的圈=>2022-10-01 23:23:37=>0=>致敬中国航天<span class="url-icon"><img alt=[心] src="https://h5.sinaimg.cn/m/emoticon/icon/others/l_xin-43af9086c0.png" style="width:1em; height:1em;" /></span>
卡布星球管理员=>2022-10-01 23:06:07=>0=>致敬中国航天！！！<span class="url-icon"><img alt=[心] src="https://h5.sinaimg.cn/m/emoticon/icon/others/l_xin-43af9086c0.png" style="width:1em; height:1em;" /></span>
Anne安静的力量=>2022-10-01 22:44:06=>0=><span class="url-icon"><img alt=[心] src="https://h5.sinaimg.cn/m/emoticon/icon/others/l_xin-43af9086c0.png" style="width:1em; height:1em;" /></span>
椿嶼羨柚=>2022-10-01 21:32:36=>0=>致敬中国航天！
爱你不褪色=>2022-10-01 21:08:26=>0=>致敬！
御林菲=>2022-10-01 21:04:14=>0=>🇨🇳
雾芝予颂_=>2022-10-01 21:04:10=>0=>致敬
火树银花109=>2022-10-01 20:51:05=>0=>致敬航天员<span class="url-icon"><img alt=[给力] src="https://h5.sinaimg.cn/m/emoticon/icon/others/f_geili-78be8d9152.png" style="width:1em; height:1em;" /></span><span class="url-icon"><img alt=[给力] src="https://h5.sinaimg.cn/m/emoticon/icon/others/f_geili-78be8d9152.png" style="width:1em; height:1em;" /></span><span class="url-icon"><img alt=[给力] src="https://h5.sinaimg.cn/m/emoticon/icon/others/f_geili-78be8d9152.png" style="width:1em; height:1em;" /></span>
橘柚橙Y=>2022-10-01 20:45:35=>0=><span class="url-icon"><img alt=[心] src="https://h5.sinaimg.cn/m/emoticon/icon/others/l_xin-43af9086c0.png" style="width:1em; height:1em;" /></span><span class="url-icon"><img alt=[心] src="https://h5.sinaimg.cn/m/emoticon/icon/others/l_xin-43af9086c0.png" style="width:1em; height:1em;" /></span><span class="url-icon"><img alt=[心] src="https://h5.sinaimg.cn/m/emoticon/icon/others/l_xin-43af9086c0.png" style="width:1em; height:1em;" /></span>
菠萝奶妍=>2022-10-01 20:24:21=>0=>致敬
芝士碎_08=>2022-10-01 20:23:58=>0=>中国<span class="url-icon"><img alt=[心] src="https://h5.sinaimg.cn/m/emoticon/icon/others/l_xin-43af9086c0.png" style="width:1em; height:1em;" /></span>
天宇晨晨sky=>2022-10-01 20:17:16=>0=>中国红
爱酱肆源=>2022-10-01 20:12:53=>0=>🇨🇳
莲花池子里的一只贝=>2022-10-01 20:11:15=>0=><span class="url-icon"><img alt=[爱你] src="https://h5.sinaimg.cn/m/emoticon/icon/default/d_aini-09d5f3f870.png" style="width:1em; height:1em;" /></span>
海天凭鱼跃天高任鸟飞=>2022-10-11 11:38:28=>0=><span class="url-icon"><img alt=[赞] src="https://h5.sinaimg.cn/m/emoticon/icon/others/h_zan-44ddc70637.png" style="width:1em; height:1em;" /></span>
robin_14846=>2022-10-04 09:29:22=>0=>👍
小狗sai高=>2022-10-01 20:11:17=>0=>最鲜艳的颜色是中国红
楚楚怡烟Ginami=>2022-10-02 09:25:59=>0=>致敬
宏仔85=>2022-10-03 23:59:22=>0=><span class="url-icon"><img alt=[允悲] src="https://h5.sinaimg.cn/m/emoticon/icon/default/d_yunbei-a14a649db8.png" style="width:1em; height:1em;" /></span>
懷戀滴=>2022-10-03 09:58:57=>0=>致敬中国航天英雄🇨🇳
系修勾亚耶=>2022-10-02 10:23:56=>0=>致敬<span class="url-icon"><img alt=[心] src="https://h5.sinaimg.cn/m/emoticon/icon/others/l_xin-43af9086c0.png" style="width:1em; height:1em;" /></span><span class="url-icon"><img alt=[心] src="https://h5.sinaimg.cn/m/emoticon/icon/others/l_xin-43af9086c0.png" style="width:1em; height:1em;" /></span><span class="url-icon"><img alt=[心] src="https://h5.sinaimg.cn/m/emoticon/icon/others/l_xin-43af9086c0.png" style="width:1em; height:1em;" /></span>
4029舒心=>2022-10-02 06:18:08=>0=>致敬中国航天
朝露朝拾=>2022-10-02 00:04:50=>0=>让中国红闪耀太空
重拾_狗狗祟祟的快乐=>2022-10-01 23:55:32=>0=><span class="url-icon"><img alt=[心] src="https://h5.sinaimg.cn/m/emoticon/icon/others/l_xin-43af9086c0.png" style="width:1em; height:1em;" /></span><span class="url-icon"><img alt=[心] src="https://h5.sinaimg.cn/m/emoticon/icon/others/l_xin-43af9086c0.png" style="width:1em; height:1em;" /></span><span class="url-icon"><img alt=[心] src="https://h5.sinaimg.cn/m/emoticon/icon/others/l_xin-43af9086c0.png" style="width:1em; height:1em;" /></span>
航北薄荷熙=>2022-10-01 23:52:10=>0=>致敬！！
伊甸园的阿修罗=>2022-10-01 23:43:27=>0=>致敬中国航天！
明月在望123=>2022-10-01 21:49:06=>0=>致敬中国航天！祖国万岁<span class="url-icon"><img alt=[抱一抱] src="https://h5.sinaimg.cn/m/emoticon/icon/default/co_a1hug-f3910d0e88.png" style="width:1em; height:1em;" /></span>
糊衣的牛角=>2022-10-01 21:36:30=>0=>致敬<span class="url-icon"><img alt=[心] src="https://h5.sinaimg.cn/m/emoticon/icon/others/l_xin-43af9086c0.png" style="width:1em; height:1em;" /></span><span class="url-icon"><img alt=[心] src="https://h5.sinaimg.cn/m/emoticon/icon/others/l_xin-43af9086c0.png" style="width:1em; height:1em;" /></span><span class="url-icon"><img alt=[心] src="https://h5.sinaimg.cn/m/emoticon/icon/others/l_xin-43af9086c0.png" style="width:1em; height:1em;" /></span>
-职业摆烂选手=>2022-10-01 21:19:16=>0=>好棒<span class="url-icon"><img alt="[收到]" src="https://face.t.sinajs.cn/t4/appstyle/expression/ext/normal/8b/2022_get_org.png" style="width:1em; height:1em;" /></span>
军粉姐姐V=>2022-10-01 21:16:00=>1=>歌唱我们敬爱的祖国，从今走向繁荣富强。<span class="url-icon"><img alt=[心] src="https://h5.sinaimg.cn/m/emoticon/icon/others/l_xin-43af9086c0.png" style="width:1em; height:1em;" /></span>🇨🇳🇨🇳🇨🇳
花筱阳yu=>2022-10-01 21:14:44=>0=>致敬中国航天<span class="url-icon"><img alt=[心] src="https://h5.sinaimg.cn/m/emoticon/icon/others/l_xin-43af9086c0.png" style="width:1em; height:1em;" /></span>
栀酒笙柚-=>2022-10-01 21:14:11=>0=>致敬！！！！
top_banana=>2022-10-01 21:01:53=>0=>致敬<span class="url-icon"><img alt="[哇]" src="https://face.t.sinajs.cn/t4/appstyle/expression/ext/normal/3d/2022_wow_org.png" style="width:1em; height:1em;" /></span>
独斟烈酒M=>2022-10-01 20:39:04=>0=>中国棒棒哒🇨🇳
来怡份炒年糕=>2022-10-01 20:30:50=>0=>🇨🇳🇨🇳🇨🇳
麋鹿失眠·=>2022-10-01 20:29:48=>0=>好棒！
乧氷=>2022-10-01 20:19:31=>0=><span class="url-icon"><img alt=[心] src="https://h5.sinaimg.cn/m/emoticon/icon/others/l_xin-43af9086c0.png" style="width:1em; height:1em;" /></span><span class="url-icon"><img alt=[心] src="https://h5.sinaimg.cn/m/emoticon/icon/others/l_xin-43af9086c0.png" style="width:1em; height:1em;" /></span>
DirtyBullet=>2022-10-01 20:19:09=>1=><span class="url-icon"><img alt=[心] src="https://h5.sinaimg.cn/m/emoticon/icon/others/l_xin-43af9086c0.png" style="width:1em; height:1em;" /></span><span class="url-icon"><img alt=[心] src="https://h5.sinaimg.cn/m/emoticon/icon/others/l_xin-43af9086c0.png" style="width:1em; height:1em;" /></span><span class="url-icon"><img alt=[心] src="https://h5.sinaimg.cn/m/emoticon/icon/others/l_xin-43af9086c0.png" style="width:1em; height:1em;" /></span>
言稚颂夏之氧气的狗版=>2022-10-01 20:14:33=>0=>🇨🇳！
祁大祁=>2022-10-01 20:12:39=>1=><span class="url-icon"><img alt=[good] src="https://h5.sinaimg.cn/m/emoticon/icon/others/h_good-0c51afc69c.png" style="width:1em; height:1em;" /></span><span class="url-icon"><img alt=[good] src="https://h5.sinaimg.cn/m/emoticon/icon/others/h_good-0c51afc69c.png" style="width:1em; height:1em;" /></span><span class="url-icon"><img alt=[good] src="https://h5.sinaimg.cn/m/emoticon/icon/others/h_good-0c51afc69c.png" style="width:1em; height:1em;" /></span>
wy诗和远方=>2022-10-01 20:11:36=>0=>骄傲点赞<span class="url-icon"><img alt=[心] src="https://h5.sinaimg.cn/m/emoticon/icon/others/l_xin-43af9086c0.png" style="width:1em; height:1em;" /></span><span class="url-icon"><img alt=[加油] src="https://h5.sinaimg.cn/m/emoticon/icon/default/d_jiayou-a34ced0409.png" style="width:1em; height:1em;" /></span><span class="url-icon"><img alt=[加油] src="https://h5.sinaimg.cn/m/emoticon/icon/default/d_jiayou-a34ced0409.png" style="width:1em; height:1em;" /></span>
