爱你永远无绝期=>2022-10-12 15:29:17=>96=>他们可能还需要手摇发电机<span class="url-icon"><img alt=[doge] src="https://h5.sinaimg.cn/m/emoticon/icon/others/d_doge-be7f768d78.png" style="width:1em; height:1em;" /></span>
俺是公道人=>2022-10-12 15:26:15=>45=>欧洲有了电热毯就一定会有电吗<span class="url-icon"><img alt=[允悲] src="https://h5.sinaimg.cn/m/emoticon/icon/default/d_yunbei-a14a649db8.png" style="width:1em; height:1em;" /></span>
柯柯不可=>2022-10-12 15:26:46=>33=>所以说世乒最后给选手送的礼物还是很暖的<span class="url-icon"><img alt="[春游家族]" src="https://face.t.sinajs.cn/t4/appstyle/expression/ext/normal/b6/2021_YoungFamily_org.png" style="width:1em; height:1em;" /></span>
星夜伴你行-=>2022-10-12 15:55:30=>31=><span class="url-icon"><img alt=[哆啦A梦害怕] src="https://h5.sinaimg.cn/m/emoticon/icon/doraemon/dr_03haipa-32e9b53caf.png" style="width:1em; height:1em;" /></span>义乌小商品厂:世界经济晴雨表
小兔5678=>2022-10-12 17:16:53=>9=>电热毯便宜，电贵啊<span class="url-icon"><img alt=[doge] src="https://h5.sinaimg.cn/m/emoticon/icon/others/d_doge-be7f768d78.png" style="width:1em; height:1em;" /></span>
知足常乐的小蜗牛=>2022-10-12 15:45:23=>5=>电够用吗？<span class="url-icon"><img alt=[笑cry] src="https://h5.sinaimg.cn/m/emoticon/icon/default/d_xiaoku-f2bd11b506.png" style="width:1em; height:1em;" /></span>
青春青白江=>2022-10-12 15:30:03=>0=>转发微博
cdxj519=>2022-10-12 15:25:05=>1=><span class="url-icon"><img alt=[笑而不语] src="https://h5.sinaimg.cn/m/emoticon/icon/default/d_heiheihei-5170f2f55c.png" style="width:1em; height:1em;" /></span>
人之出__=>2022-10-12 15:24:20=>9=>美国（北约）送战争，中国送温暖。<span class="url-icon"><img alt=[加油] src="https://h5.sinaimg.cn/m/emoticon/icon/default/d_jiayou-a34ced0409.png" style="width:1em; height:1em;" /></span>
飞翔的虎兔=>2022-10-12 15:24:14=>6=>一直没弄明白，欧洲买辣么多电暖气，可是没有电，咋整？真用爱发电么？
