TiAmo-mmm=>2022-10-26 12:30:11=>2=>跟党走 <span class="url-icon"><img alt=[打call] src="https://h5.sinaimg.cn/m/emoticon/icon/default/fb_a1dacall-1e0c4593fc.png" style="width:1em; height:1em;" /></span>
富贵雪梨=>2022-10-26 11:49:06=>0=>永远跟党走
秋季日落明霞=>2022-10-26 11:39:42=>0=>跟着党走🇨🇳
臨水照川=>2022-10-26 11:35:05=>0=>永远跟党走<span class="url-icon"><img alt=[心] src="https://h5.sinaimg.cn/m/emoticon/icon/others/l_xin-43af9086c0.png" style="width:1em; height:1em;" /></span>
晴明的小可爱=>2022-10-26 12:16:34=>0=>永远跟党走，祝福祖国繁荣富强！
岁月静好10262022=>2022-10-26 11:46:23=>0=>祝福伟大的祖国繁荣昌盛。
小小_胖鱼=>2022-10-26 11:47:15=>0=>收藏
老公唯一指定梦女=>2022-10-26 11:45:03=>0=>永远跟党走
黑夜星空i=>2022-10-26 13:48:38=>0=>收藏
幽兰拿铁my-上岸版=>2022-10-26 12:28:19=>0=>跟党走<span class="url-icon"><img alt=[鲜花] src="https://h5.sinaimg.cn/m/emoticon/icon/others/w_xianhua-f902c37199.png" style="width:1em; height:1em;" /></span>
Lroizo=>2022-10-26 11:44:23=>0=>收藏起来<span class="url-icon"><img alt="[送花花]" src="https://face.t.sinajs.cn/t4/appstyle/expression/ext/normal/cb/2022_Flowers_org.png" style="width:1em; height:1em;" /></span>
