河南农业大学团委=>2022-12-28 17:45:38=>31=>用生命护卫生命，晓晓向英烈致敬！<span class="url-icon"><img alt=[心] src="https://h5.sinaimg.cn/m/emoticon/icon/others/l_xin-43af9086c0.png" style="width:1em; height:1em;" /></span>
左慈大仙儿=>2022-12-28 17:31:15=>32=>人民英雄永垂不朽
辽宁共青团=>2022-12-28 23:45:38=>3=>向英雄致敬！ <span class="url-icon"><img alt=[泪] src="https://h5.sinaimg.cn/m/emoticon/icon/default/d_lei-4cdf6ee412.png" style="width:1em; height:1em;" /></span>
塞口大饼=>2022-12-28 17:32:48=>7=>致敬
羽林参钧=>2022-12-28 17:37:05=>8=>记住这些在2022守护我们的消防战士的名字，向英雄致敬！ 
温简言--=>2022-12-28 18:52:10=>3=>致敬英雄！英雄永垂不朽！
小雪凛歌=>2022-12-28 18:38:41=>2=>致敬
落日野烊=>2022-12-28 18:20:50=>3=>致敬
小九北鼻呀=>2022-12-28 17:33:49=>2=>致敬英雄！
看ID就知道是个纯情少男=>2022-12-28 18:15:59=>1=>人民英雄永垂不朽
korea00820082=>2022-12-28 17:38:12=>2=>致敬
熙熙丸子汤=>2022-12-28 17:33:32=>1=>致敬英雄！
哈喽-XX=>2022-12-28 17:33:05=>2=>致敬
风陵渡fenglingdu=>2022-12-28 19:36:28=>1=><span class="url-icon"><img alt=[蜡烛] src="https://h5.sinaimg.cn/m/emoticon/icon/others/o_lazhu-afb8e4fbdc.png" style="width:1em; height:1em;" /></span><span class="url-icon"><img alt=[蜡烛] src="https://h5.sinaimg.cn/m/emoticon/icon/others/o_lazhu-afb8e4fbdc.png" style="width:1em; height:1em;" /></span><span class="url-icon"><img alt=[蜡烛] src="https://h5.sinaimg.cn/m/emoticon/icon/others/o_lazhu-afb8e4fbdc.png" style="width:1em; height:1em;" /></span>让烛光照亮天国之路，人间留有铁血丹心。
频率失效=>2023-02-26 09:04:07=>0=>致敬
知不只只露=>2023-01-03 13:15:02=>0=>人民英雄永垂不朽 致敬<span class="url-icon"><img alt=[泪] src="https://h5.sinaimg.cn/m/emoticon/icon/default/d_lei-4cdf6ee412.png" style="width:1em; height:1em;" /></span>
第1001个茂茂=>2022-12-29 16:50:51=>0=>向英雄致敬！
重庆建川博物馆聚落=>2022-12-29 14:57:06=>0=>向英雄致敬！
草帽xz霓=>2022-12-29 12:27:43=>0=>致敬<span class="url-icon"><img alt=[心] src="https://h5.sinaimg.cn/m/emoticon/icon/others/l_xin-43af9086c0.png" style="width:1em; height:1em;" /></span>
星月藍天1003=>2022-12-29 07:16:44=>0=>致敬
谢小面儿啊啊啊=>2022-12-29 01:23:40=>0=>🌹🌹🌹🌹🌹🌹
包公收了这孽障=>2022-12-29 01:06:57=>0=>当的起生的伟大死的光荣。<span class="url-icon"><img alt=[鲜花] src="https://h5.sinaimg.cn/m/emoticon/icon/others/w_xianhua-f902c37199.png" style="width:1em; height:1em;" /></span>
肉霸蟹堡好运版=>2022-12-29 00:35:18=>0=>致敬<span class="url-icon"><img alt=[泪] src="https://h5.sinaimg.cn/m/emoticon/icon/default/d_lei-4cdf6ee412.png" style="width:1em; height:1em;" /></span>
天天都美式=>2022-12-28 22:50:14=>0=>永志不忘
小象布鲁Blue=>2022-12-28 21:29:55=>0=>致敬
Melissa850=>2022-12-28 20:23:51=>0=>致敬<span class="url-icon"><img alt=[心] src="https://h5.sinaimg.cn/m/emoticon/icon/others/l_xin-43af9086c0.png" style="width:1em; height:1em;" /></span>
见一_次_面吧=>2022-12-28 20:21:56=>0=>致敬
入梦指南=>2022-12-28 20:01:23=>0=>致敬
酱油铺辣椒兔=>2022-12-28 19:55:58=>0=>致敬！！
云云土豆泥=>2022-12-28 19:46:35=>0=>致敬英雄，人民英雄永垂不朽
苏打脆脆鲨_=>2022-12-28 19:36:02=>0=>致敬英雄
W下个秋天=>2022-12-28 19:35:56=>0=>致敬
终有弱水替沧海zx=>2022-12-28 19:27:17=>0=>有人在替我们负重前行......<span class="url-icon"><img alt=[泪] src="https://h5.sinaimg.cn/m/emoticon/icon/default/d_lei-4cdf6ee412.png" style="width:1em; height:1em;" /></span>
幸运非常有=>2022-12-28 19:24:35=>0=>致敬
考试前一周紫砂=>2022-12-28 19:22:02=>0=>为众人抱薪者，不可使其冻毙于风雪
一头江湖嘚鲸=>2022-12-28 19:15:53=>0=>致敬！
傅诗淇的白小糖=>2022-12-28 19:15:36=>0=>永志不忘！
袅袅莲花香=>2022-12-28 19:12:53=>0=>永志不忘
千里千寻语=>2022-12-28 19:11:07=>0=>🙏🙏🙏🙏
今天欧气满满=>2022-12-28 18:58:09=>0=><span class="url-icon"><img alt=[蜡烛] src="https://h5.sinaimg.cn/m/emoticon/icon/others/o_lazhu-afb8e4fbdc.png" style="width:1em; height:1em;" /></span><span class="url-icon"><img alt=[蜡烛] src="https://h5.sinaimg.cn/m/emoticon/icon/others/o_lazhu-afb8e4fbdc.png" style="width:1em; height:1em;" /></span><span class="url-icon"><img alt=[蜡烛] src="https://h5.sinaimg.cn/m/emoticon/icon/others/o_lazhu-afb8e4fbdc.png" style="width:1em; height:1em;" /></span>
凯棣3=>2022-12-28 18:53:36=>0=>致敬
那年夏天一眼万年199306=>2022-12-28 18:45:24=>0=>向英雄致敬！<span class="url-icon"><img alt=[心] src="https://h5.sinaimg.cn/m/emoticon/icon/others/l_xin-43af9086c0.png" style="width:1em; height:1em;" /></span>
兔子和修勾_3064=>2022-12-28 18:36:37=>1=>烈士走好<span class="url-icon"><img alt=[心] src="https://h5.sinaimg.cn/m/emoticon/icon/others/l_xin-43af9086c0.png" style="width:1em; height:1em;" /></span>
醒时亦未眠=>2022-12-28 18:27:12=>0=>致敬英雄们<span class="url-icon"><img alt=[泪] src="https://h5.sinaimg.cn/m/emoticon/icon/default/d_lei-4cdf6ee412.png" style="width:1em; height:1em;" /></span><span class="url-icon"><img alt=[泪] src="https://h5.sinaimg.cn/m/emoticon/icon/default/d_lei-4cdf6ee412.png" style="width:1em; height:1em;" /></span>
Lucifer橙子=>2022-12-28 18:27:02=>0=>致敬！
_阿辣辣辣=>2022-12-28 18:17:35=>0=>致敬
花园里有佩7=>2022-12-28 18:12:59=>1=>人民英雄永垂不朽<span class="url-icon"><img alt=[蜡烛] src="https://h5.sinaimg.cn/m/emoticon/icon/others/o_lazhu-afb8e4fbdc.png" style="width:1em; height:1em;" /></span><span class="url-icon"><img alt=[蜡烛] src="https://h5.sinaimg.cn/m/emoticon/icon/others/o_lazhu-afb8e4fbdc.png" style="width:1em; height:1em;" /></span><span class="url-icon"><img alt=[蜡烛] src="https://h5.sinaimg.cn/m/emoticon/icon/others/o_lazhu-afb8e4fbdc.png" style="width:1em; height:1em;" /></span>
嬖鸷子6888=>2022-12-28 18:09:58=>0=>致敬英雄
简传媒=>2022-12-28 18:03:58=>2=>向不朽的青春 致敬<span class="url-icon"><img alt=[蜡烛] src="https://h5.sinaimg.cn/m/emoticon/icon/others/o_lazhu-afb8e4fbdc.png" style="width:1em; height:1em;" /></span> 感恩华夏儿女<span class="url-icon"><img alt=[心] src="https://h5.sinaimg.cn/m/emoticon/icon/others/l_xin-43af9086c0.png" style="width:1em; height:1em;" /></span>
脸红奇怪吗i_溺爱汪新版=>2022-12-28 17:56:57=>1=>致敬！
淺陌1984=>2022-12-28 17:53:57=>1=>致敬英雄!
陌上清浅-=>2022-12-28 17:53:13=>0=>🙏🙏🙏
漉晓=>2022-12-28 17:47:26=>0=>致敬
虾滑真的猾=>2022-12-28 17:46:21=>0=>英雄已远走，精神永流传
在下冉某-已上线=>2022-12-28 17:45:43=>0=>致敬
初见的圆味鸡-尖叫版=>2022-12-28 17:45:27=>0=>缅怀我们的大英雄
坠落的白色=>2022-12-28 17:44:21=>0=>致敬
小张大娃=>2022-12-28 17:37:47=>0=>致敬
上岸榴莲好运连连=>2022-12-28 17:37:35=>0=>永志不忘！致敬！
咕噜咕噜车轱辘呀=>2022-12-28 17:32:32=>0=>致敬
AI筱薇DI=>2022-12-28 17:32:23=>0=>致敬！
葡萄摇摇冻L=>2022-12-28 17:32:23=>0=>致敬英雄<span class="url-icon"><img alt=[泪] src="https://h5.sinaimg.cn/m/emoticon/icon/default/d_lei-4cdf6ee412.png" style="width:1em; height:1em;" /></span><span class="url-icon"><img alt=[泪] src="https://h5.sinaimg.cn/m/emoticon/icon/default/d_lei-4cdf6ee412.png" style="width:1em; height:1em;" /></span>
橹少少撸点-=>2022-12-28 17:31:45=>0=>致敬
人性艽野上的赴死客=>2022-12-28 17:31:24=>0=>致敬
Purinomus=>2022-12-28 17:31:04=>0=>致敬英雄！
新声曲=>2022-12-28 17:30:47=>0=>致敬
藤期半至=>2022-12-28 17:30:47=>0=>致敬英雄！
Zeroscentedagain_杨震版=>2022-12-28 17:30:37=>0=>致敬
简单的小幸福1106=>2022-12-29 21:57:43=>0=>向英雄致敬！ 
_H哈哈哈H_=>2022-12-29 16:42:24=>0=>致敬
你最重要_zzy=>2022-12-29 14:02:58=>0=>致敬
诗意早早=>2022-12-29 13:56:41=>0=>向英雄致敬
小蘑菇三只=>2022-12-29 12:52:47=>0=><span class="url-icon"><img alt=[蜡烛] src="https://h5.sinaimg.cn/m/emoticon/icon/others/o_lazhu-afb8e4fbdc.png" style="width:1em; height:1em;" /></span><span class="url-icon"><img alt=[蜡烛] src="https://h5.sinaimg.cn/m/emoticon/icon/others/o_lazhu-afb8e4fbdc.png" style="width:1em; height:1em;" /></span><span class="url-icon"><img alt=[蜡烛] src="https://h5.sinaimg.cn/m/emoticon/icon/others/o_lazhu-afb8e4fbdc.png" style="width:1em; height:1em;" /></span>
塔麗班公主=>2022-12-29 12:31:56=>0=>民族英雄
语出添情=>2022-12-29 10:34:34=>0=>向英雄致敬<span class="url-icon"><img alt=[蜡烛] src="https://h5.sinaimg.cn/m/emoticon/icon/others/o_lazhu-afb8e4fbdc.png" style="width:1em; height:1em;" /></span>
浸泡在爱里的小飞啊象=>2022-12-29 09:55:46=>0=>🙏🙏🙏人民的英雄永垂不朽
尛淼Michelle=>2022-12-29 09:54:06=>0=>人民英雄永垂不朽<span class="url-icon"><img alt=[泪] src="https://h5.sinaimg.cn/m/emoticon/icon/default/d_lei-4cdf6ee412.png" style="width:1em; height:1em;" /></span>
汪伟平SIR=>2022-12-29 09:07:46=>0=>致敬！
小飞侠宇宙漫游记=>2022-12-29 08:20:55=>0=><span class="url-icon"><img alt=[心] src="https://h5.sinaimg.cn/m/emoticon/icon/others/l_xin-43af9086c0.png" style="width:1em; height:1em;" /></span><span class="url-icon"><img alt=[心] src="https://h5.sinaimg.cn/m/emoticon/icon/others/l_xin-43af9086c0.png" style="width:1em; height:1em;" /></span><span class="url-icon"><img alt=[心] src="https://h5.sinaimg.cn/m/emoticon/icon/others/l_xin-43af9086c0.png" style="width:1em; height:1em;" /></span>
南宫绾琏=>2022-12-29 08:08:12=>0=>此致敬礼
澍的简岑韫=>2022-12-29 07:32:23=>0=>致敬
低調Club=>2022-12-29 01:40:59=>0=>🙏🙏🙏
藏不住野__=>2022-12-29 01:40:07=>0=>致敬
AAayaa_=>2022-12-29 01:10:42=>0=><span class="url-icon"><img alt=[泪] src="https://h5.sinaimg.cn/m/emoticon/icon/default/d_lei-4cdf6ee412.png" style="width:1em; height:1em;" /></span><span class="url-icon"><img alt=[泪] src="https://h5.sinaimg.cn/m/emoticon/icon/default/d_lei-4cdf6ee412.png" style="width:1em; height:1em;" /></span><span class="url-icon"><img alt=[泪] src="https://h5.sinaimg.cn/m/emoticon/icon/default/d_lei-4cdf6ee412.png" style="width:1em; height:1em;" /></span>
默默潜伏看SUN=>2022-12-29 00:33:06=>0=><span class="url-icon"><img alt=[蜡烛] src="https://h5.sinaimg.cn/m/emoticon/icon/others/o_lazhu-afb8e4fbdc.png" style="width:1em; height:1em;" /></span><span class="url-icon"><img alt=[蜡烛] src="https://h5.sinaimg.cn/m/emoticon/icon/others/o_lazhu-afb8e4fbdc.png" style="width:1em; height:1em;" /></span><span class="url-icon"><img alt=[蜡烛] src="https://h5.sinaimg.cn/m/emoticon/icon/others/o_lazhu-afb8e4fbdc.png" style="width:1em; height:1em;" /></span><span class="url-icon"><img alt=[蜡烛] src="https://h5.sinaimg.cn/m/emoticon/icon/others/o_lazhu-afb8e4fbdc.png" style="width:1em; height:1em;" /></span>
悟亦鸣=>2022-12-29 00:04:58=>0=>最美的人
吉祥三宝0520=>2022-12-29 00:00:40=>0=><span class="url-icon"><img alt=[蜡烛] src="https://h5.sinaimg.cn/m/emoticon/icon/others/o_lazhu-afb8e4fbdc.png" style="width:1em; height:1em;" /></span><span class="url-icon"><img alt=[蜡烛] src="https://h5.sinaimg.cn/m/emoticon/icon/others/o_lazhu-afb8e4fbdc.png" style="width:1em; height:1em;" /></span><span class="url-icon"><img alt=[蜡烛] src="https://h5.sinaimg.cn/m/emoticon/icon/others/o_lazhu-afb8e4fbdc.png" style="width:1em; height:1em;" /></span>人民英雄，永垂不朽！
彝人幽灵=>2022-12-28 23:53:59=>0=>致敬
天蝎猫猫逗逗=>2022-12-28 23:46:30=>0=>🙏🙏🙏<span class="url-icon"><img alt=[蜡烛] src="https://h5.sinaimg.cn/m/emoticon/icon/others/o_lazhu-afb8e4fbdc.png" style="width:1em; height:1em;" /></span><span class="url-icon"><img alt=[蜡烛] src="https://h5.sinaimg.cn/m/emoticon/icon/others/o_lazhu-afb8e4fbdc.png" style="width:1em; height:1em;" /></span><span class="url-icon"><img alt=[蜡烛] src="https://h5.sinaimg.cn/m/emoticon/icon/others/o_lazhu-afb8e4fbdc.png" style="width:1em; height:1em;" /></span>
妖苡凝=>2022-12-28 23:14:07=>0=>有人把“赴汤蹈火”做到了生命最后一刻<span class="url-icon"><img alt=[泪] src="https://h5.sinaimg.cn/m/emoticon/icon/default/d_lei-4cdf6ee412.png" style="width:1em; height:1em;" /></span>谢谢英雄，一路走好
黄黄怒涛=>2022-12-28 22:39:43=>0=>致敬英雄<span class="url-icon"><img alt=[蜡烛] src="https://h5.sinaimg.cn/m/emoticon/icon/others/o_lazhu-afb8e4fbdc.png" style="width:1em; height:1em;" /></span><span class="url-icon"><img alt=[蜡烛] src="https://h5.sinaimg.cn/m/emoticon/icon/others/o_lazhu-afb8e4fbdc.png" style="width:1em; height:1em;" /></span>
HANGZHOU007=>2022-12-28 22:39:30=>0=>🙏英雄们永垂不朽
林阿花s=>2022-12-28 22:36:55=>0=><span class="url-icon"><img alt=[蜡烛] src="https://h5.sinaimg.cn/m/emoticon/icon/others/o_lazhu-afb8e4fbdc.png" style="width:1em; height:1em;" /></span><span class="url-icon"><img alt=[蜡烛] src="https://h5.sinaimg.cn/m/emoticon/icon/others/o_lazhu-afb8e4fbdc.png" style="width:1em; height:1em;" /></span><span class="url-icon"><img alt=[蜡烛] src="https://h5.sinaimg.cn/m/emoticon/icon/others/o_lazhu-afb8e4fbdc.png" style="width:1em; height:1em;" /></span>
肥鹅睡不饱_=>2022-12-28 22:05:52=>0=>致敬英雄们！！！
不是阿wu是嗷呜=>2022-12-28 22:04:26=>0=><span class="url-icon"><img alt=[泪] src="https://h5.sinaimg.cn/m/emoticon/icon/default/d_lei-4cdf6ee412.png" style="width:1em; height:1em;" /></span><span class="url-icon"><img alt=[泪] src="https://h5.sinaimg.cn/m/emoticon/icon/default/d_lei-4cdf6ee412.png" style="width:1em; height:1em;" /></span><span class="url-icon"><img alt=[泪] src="https://h5.sinaimg.cn/m/emoticon/icon/default/d_lei-4cdf6ee412.png" style="width:1em; height:1em;" /></span><span class="url-icon"><img alt=[泪] src="https://h5.sinaimg.cn/m/emoticon/icon/default/d_lei-4cdf6ee412.png" style="width:1em; height:1em;" /></span>
我是一颗丸子大人=>2022-12-28 21:41:58=>0=><span class="url-icon"><img alt=[蜡烛] src="https://h5.sinaimg.cn/m/emoticon/icon/others/o_lazhu-afb8e4fbdc.png" style="width:1em; height:1em;" /></span><span class="url-icon"><img alt=[蜡烛] src="https://h5.sinaimg.cn/m/emoticon/icon/others/o_lazhu-afb8e4fbdc.png" style="width:1em; height:1em;" /></span><span class="url-icon"><img alt=[蜡烛] src="https://h5.sinaimg.cn/m/emoticon/icon/others/o_lazhu-afb8e4fbdc.png" style="width:1em; height:1em;" /></span>永垂不朽
一眼看不够=>2022-12-28 21:35:37=>0=>消防为什么不是军人了？
最初的风信子=>2022-12-28 21:34:05=>0=>🙏🙏🙏<span class="url-icon"><img alt=[蜡烛] src="https://h5.sinaimg.cn/m/emoticon/icon/others/o_lazhu-afb8e4fbdc.png" style="width:1em; height:1em;" /></span><span class="url-icon"><img alt=[蜡烛] src="https://h5.sinaimg.cn/m/emoticon/icon/others/o_lazhu-afb8e4fbdc.png" style="width:1em; height:1em;" /></span>
炽天使的赞美诗=>2022-12-28 21:30:37=>0=>消防战士！<span class="url-icon"><img alt=[泪] src="https://h5.sinaimg.cn/m/emoticon/icon/default/d_lei-4cdf6ee412.png" style="width:1em; height:1em;" /></span>
EL_蝦仔=>2022-12-28 21:20:15=>0=>致敬
第二层是关怀=>2022-12-28 21:17:06=>0=>照顾好英雄的家人
浪漫允宇=>2022-12-28 21:11:18=>0=>致敬
零余子十七=>2022-12-28 20:54:02=>0=>致敬！
壹加1等于几=>2022-12-28 20:53:31=>0=><span class="url-icon"><img alt=[蜡烛] src="https://h5.sinaimg.cn/m/emoticon/icon/others/o_lazhu-afb8e4fbdc.png" style="width:1em; height:1em;" /></span><span class="url-icon"><img alt=[蜡烛] src="https://h5.sinaimg.cn/m/emoticon/icon/others/o_lazhu-afb8e4fbdc.png" style="width:1em; height:1em;" /></span><span class="url-icon"><img alt=[蜡烛] src="https://h5.sinaimg.cn/m/emoticon/icon/others/o_lazhu-afb8e4fbdc.png" style="width:1em; height:1em;" /></span>致敬
Z娜---=>2022-12-28 20:41:37=>0=>人民英雄永垂不朽，致敬！
可乐aij=>2022-12-28 20:39:52=>0=>致敬
kiriyeon=>2022-12-28 20:38:08=>0=>致敬<span class="url-icon"><img alt=[泪] src="https://h5.sinaimg.cn/m/emoticon/icon/default/d_lei-4cdf6ee412.png" style="width:1em; height:1em;" /></span>
宝A啊宝A=>2022-12-28 20:37:48=>0=>致敬！真正的英雄！
梦慕靖=>2022-12-28 20:32:31=>0=>人民英雄永垂不朽
Joy_小闲=>2022-12-28 20:31:57=>0=><span class="url-icon"><img alt=[蜡烛] src="https://h5.sinaimg.cn/m/emoticon/icon/others/o_lazhu-afb8e4fbdc.png" style="width:1em; height:1em;" /></span><span class="url-icon"><img alt=[蜡烛] src="https://h5.sinaimg.cn/m/emoticon/icon/others/o_lazhu-afb8e4fbdc.png" style="width:1em; height:1em;" /></span><span class="url-icon"><img alt=[蜡烛] src="https://h5.sinaimg.cn/m/emoticon/icon/others/o_lazhu-afb8e4fbdc.png" style="width:1em; height:1em;" /></span>
梦慕靖=>2022-12-28 20:31:42=>0=>致敬
仙人-抚我顶=>2022-12-28 20:29:22=>0=>向英雄致敬！
布噜噜jimi=>2022-12-28 20:28:28=>0=>致敬英雄
·丸子猪赖赖·=>2022-12-28 20:14:16=>0=>致敬
我想认识27岁的你=>2022-12-28 19:59:13=>0=>致敬英雄！永垂不朽！
邵嘉辉=>2022-12-28 19:54:35=>0=>阳了后很担心消防战士们的体能啊
灵魂在高处0921=>2022-12-28 19:53:38=>0=>愿天堂里没有火灾<span class="url-icon"><img alt=[心] src="https://h5.sinaimg.cn/m/emoticon/icon/others/l_xin-43af9086c0.png" style="width:1em; height:1em;" /></span>
伊襄TH=>2022-12-28 19:47:10=>0=>只求有些人别作，自己作死还害人的就是魔鬼
桃花豆豆41041=>2022-12-28 19:43:29=>0=>谢谢英雄<span class="url-icon"><img alt=[鲜花] src="https://h5.sinaimg.cn/m/emoticon/icon/others/w_xianhua-f902c37199.png" style="width:1em; height:1em;" /></span>
易只眠烊la=>2022-12-28 19:41:44=>0=>致敬<span class="url-icon"><img alt=[蜡烛] src="https://h5.sinaimg.cn/m/emoticon/icon/others/o_lazhu-afb8e4fbdc.png" style="width:1em; height:1em;" /></span>
山川为名=>2022-12-28 19:34:37=>0=>致敬英雄们！🇨🇳
千江月0215=>2022-12-28 19:19:48=>0=>心疼！致敬烈士！
喧嚣夜半风=>2022-12-28 19:19:31=>0=>永垂不朽！
縱有熱鐵輪=>2022-12-28 19:13:29=>0=>🙏🙏🙏
迟想想=>2022-12-28 19:13:04=>0=>致敬<span class="url-icon"><img alt=[蜡烛] src="https://h5.sinaimg.cn/m/emoticon/icon/others/o_lazhu-afb8e4fbdc.png" style="width:1em; height:1em;" /></span><span class="url-icon"><img alt=[蜡烛] src="https://h5.sinaimg.cn/m/emoticon/icon/others/o_lazhu-afb8e4fbdc.png" style="width:1em; height:1em;" /></span><span class="url-icon"><img alt=[蜡烛] src="https://h5.sinaimg.cn/m/emoticon/icon/others/o_lazhu-afb8e4fbdc.png" style="width:1em; height:1em;" /></span>
wx9751525=>2022-12-28 19:12:36=>0=>致敬英雄
爱篮球的游戏肥宅=>2022-12-28 19:09:49=>0=>永垂不朽🕯🕯🕯🕯🕯🕯🕯🕯🕯🕯🕯🕯
看猪在天上飞=>2022-12-28 19:01:44=>0=>向英雄致敬<span class="url-icon"><img alt=[鲜花] src="https://h5.sinaimg.cn/m/emoticon/icon/others/w_xianhua-f902c37199.png" style="width:1em; height:1em;" /></span><span class="url-icon"><img alt=[鲜花] src="https://h5.sinaimg.cn/m/emoticon/icon/others/w_xianhua-f902c37199.png" style="width:1em; height:1em;" /></span><span class="url-icon"><img alt=[鲜花] src="https://h5.sinaimg.cn/m/emoticon/icon/others/w_xianhua-f902c37199.png" style="width:1em; height:1em;" /></span>
紫薯糍粑8=>2022-12-28 18:59:38=>1=>致敬英雄
MxnGa=>2022-12-28 18:59:12=>0=>划着照片念英雄的名字，是真的希望划不到下一张…… 英雄永垂不朽。
寻找根之旅=>2022-12-28 18:57:06=>0=><span class="url-icon"><img alt=[蜡烛] src="https://h5.sinaimg.cn/m/emoticon/icon/others/o_lazhu-afb8e4fbdc.png" style="width:1em; height:1em;" /></span>
小椰烤肠=>2022-12-28 18:54:04=>0=>人民英雄永垂不朽<span class="url-icon"><img alt=[泪] src="https://h5.sinaimg.cn/m/emoticon/icon/default/d_lei-4cdf6ee412.png" style="width:1em; height:1em;" /></span>
什么也不让吃吗=>2022-12-28 18:45:17=>0=><span class="url-icon"><img alt=[心] src="https://h5.sinaimg.cn/m/emoticon/icon/others/l_xin-43af9086c0.png" style="width:1em; height:1em;" /></span>
待到东风从天降=>2022-12-28 18:29:42=>0=><span class="url-icon"><img alt=[蜡烛] src="https://h5.sinaimg.cn/m/emoticon/icon/others/o_lazhu-afb8e4fbdc.png" style="width:1em; height:1em;" /></span><span class="url-icon"><img alt=[蜡烛] src="https://h5.sinaimg.cn/m/emoticon/icon/others/o_lazhu-afb8e4fbdc.png" style="width:1em; height:1em;" /></span><span class="url-icon"><img alt=[蜡烛] src="https://h5.sinaimg.cn/m/emoticon/icon/others/o_lazhu-afb8e4fbdc.png" style="width:1em; height:1em;" /></span>
小已猛猛冲_=>2022-12-28 18:24:57=>0=>致敬英雄
年年有鱼-C=>2022-12-28 18:24:51=>0=>致敬 精神永垂不朽！
不要别人只要礼=>2022-12-28 18:23:06=>0=>致敬
素面微颜=>2022-12-28 18:18:01=>0=>一路走好，我们的英雄🙏<span class="url-icon"><img alt=[心] src="https://h5.sinaimg.cn/m/emoticon/icon/others/l_xin-43af9086c0.png" style="width:1em; height:1em;" /></span>
nb微微的星=>2022-12-28 18:14:57=>0=>人民英雄永垂不朽，致敬人民的英雄。
温柔又晚起了=>2022-12-28 18:14:40=>0=>致敬英雄！
YUAN0071310628=>2022-12-28 18:12:27=>0=>致敬🫡
YongPinYinBa=>2022-12-28 18:12:01=>0=>致敬<span class="url-icon"><img alt=[心] src="https://h5.sinaimg.cn/m/emoticon/icon/others/l_xin-43af9086c0.png" style="width:1em; height:1em;" /></span>
l青洛=>2022-12-28 18:10:36=>0=>致敬
毅淇愛_=>2022-12-28 18:09:44=>0=>致敬英雄
遛哒大叔强哥=>2022-12-28 18:08:50=>0=>致敬英雄一路走好！
赵三岁的丸子=>2022-12-28 18:04:21=>0=>致敬
是璐璐欧尼啊9565=>2022-12-28 18:00:08=>0=>致敬<span class="url-icon"><img alt=[蜡烛] src="https://h5.sinaimg.cn/m/emoticon/icon/others/o_lazhu-afb8e4fbdc.png" style="width:1em; height:1em;" /></span>
风过心放开=>2022-12-28 17:59:37=>0=><span class="url-icon"><img alt=[蜡烛] src="https://h5.sinaimg.cn/m/emoticon/icon/others/o_lazhu-afb8e4fbdc.png" style="width:1em; height:1em;" /></span><span class="url-icon"><img alt=[蜡烛] src="https://h5.sinaimg.cn/m/emoticon/icon/others/o_lazhu-afb8e4fbdc.png" style="width:1em; height:1em;" /></span><span class="url-icon"><img alt=[蜡烛] src="https://h5.sinaimg.cn/m/emoticon/icon/others/o_lazhu-afb8e4fbdc.png" style="width:1em; height:1em;" /></span>致敬英雄烈士！
薅羊毛小分队1122=>2022-12-28 17:58:42=>0=><span class="url-icon"><img alt=[蜡烛] src="https://h5.sinaimg.cn/m/emoticon/icon/others/o_lazhu-afb8e4fbdc.png" style="width:1em; height:1em;" /></span><span class="url-icon"><img alt=[蜡烛] src="https://h5.sinaimg.cn/m/emoticon/icon/others/o_lazhu-afb8e4fbdc.png" style="width:1em; height:1em;" /></span>
一吱小酥饼=>2022-12-28 17:58:16=>0=>缅怀致敬
果仁巍巍=>2022-12-28 17:56:48=>0=><span class="url-icon"><img alt=[蜡烛] src="https://h5.sinaimg.cn/m/emoticon/icon/others/o_lazhu-afb8e4fbdc.png" style="width:1em; height:1em;" /></span><span class="url-icon"><img alt=[蜡烛] src="https://h5.sinaimg.cn/m/emoticon/icon/others/o_lazhu-afb8e4fbdc.png" style="width:1em; height:1em;" /></span><span class="url-icon"><img alt=[蜡烛] src="https://h5.sinaimg.cn/m/emoticon/icon/others/o_lazhu-afb8e4fbdc.png" style="width:1em; height:1em;" /></span>
变形金艳的佛系呢喃=>2022-12-28 17:55:06=>0=><span class="url-icon"><img alt=[蜡烛] src="https://h5.sinaimg.cn/m/emoticon/icon/others/o_lazhu-afb8e4fbdc.png" style="width:1em; height:1em;" /></span><span class="url-icon"><img alt=[蜡烛] src="https://h5.sinaimg.cn/m/emoticon/icon/others/o_lazhu-afb8e4fbdc.png" style="width:1em; height:1em;" /></span><span class="url-icon"><img alt=[蜡烛] src="https://h5.sinaimg.cn/m/emoticon/icon/others/o_lazhu-afb8e4fbdc.png" style="width:1em; height:1em;" /></span>
霓霓云裳=>2022-12-28 17:53:13=>0=>致敬英雄<span class="url-icon"><img alt=[鲜花] src="https://h5.sinaimg.cn/m/emoticon/icon/others/w_xianhua-f902c37199.png" style="width:1em; height:1em;" /></span>
YU-0511=>2022-12-28 17:53:13=>0=>送别<span class="url-icon"><img alt=[蜡烛] src="https://h5.sinaimg.cn/m/emoticon/icon/others/o_lazhu-afb8e4fbdc.png" style="width:1em; height:1em;" /></span>向英雄致敬！<span class="url-icon"><img alt=[作揖] src="https://h5.sinaimg.cn/m/emoticon/icon/others/h_zuoyi-519f80d31c.png" style="width:1em; height:1em;" /></span>
米米早安=>2022-12-28 17:51:40=>0=>致敬英雄
香雪兰_42432=>2022-12-28 17:50:37=>0=>🙏
加油吧_2024=>2022-12-28 17:50:10=>0=><span class="url-icon"><img alt=[蜡烛] src="https://h5.sinaimg.cn/m/emoticon/icon/others/o_lazhu-afb8e4fbdc.png" style="width:1em; height:1em;" /></span>
木辛wzs=>2022-12-28 17:48:28=>0=>致敬英雄
一池芭乐=>2022-12-28 17:47:38=>0=><span class="url-icon"><img alt=[蜡烛] src="https://h5.sinaimg.cn/m/emoticon/icon/others/o_lazhu-afb8e4fbdc.png" style="width:1em; height:1em;" /></span>
CherrytreeSue=>2022-12-28 17:45:25=>0=><span class="url-icon"><img alt=[蜡烛] src="https://h5.sinaimg.cn/m/emoticon/icon/others/o_lazhu-afb8e4fbdc.png" style="width:1em; height:1em;" /></span><span class="url-icon"><img alt=[蜡烛] src="https://h5.sinaimg.cn/m/emoticon/icon/others/o_lazhu-afb8e4fbdc.png" style="width:1em; height:1em;" /></span><span class="url-icon"><img alt=[蜡烛] src="https://h5.sinaimg.cn/m/emoticon/icon/others/o_lazhu-afb8e4fbdc.png" style="width:1em; height:1em;" /></span>🙏🙏🙏
MrSagacity=>2022-12-28 17:44:50=>0=><span class="url-icon"><img alt=[蜡烛] src="https://h5.sinaimg.cn/m/emoticon/icon/others/o_lazhu-afb8e4fbdc.png" style="width:1em; height:1em;" /></span>
起名字好Q烦999=>2022-12-28 17:44:31=>0=>致敬
水瓶座小鱼儿=>2022-12-28 17:42:39=>0=>致敬<span class="url-icon"><img alt=[蜡烛] src="https://h5.sinaimg.cn/m/emoticon/icon/others/o_lazhu-afb8e4fbdc.png" style="width:1em; height:1em;" /></span><span class="url-icon"><img alt=[蜡烛] src="https://h5.sinaimg.cn/m/emoticon/icon/others/o_lazhu-afb8e4fbdc.png" style="width:1em; height:1em;" /></span>
哎哟喂哎哟-=>2022-12-28 17:42:29=>0=>致敬
阿木爱唱歌=>2022-12-28 17:42:10=>0=><span class="url-icon"><img alt=[蜡烛] src="https://h5.sinaimg.cn/m/emoticon/icon/others/o_lazhu-afb8e4fbdc.png" style="width:1em; height:1em;" /></span>
0416星球的圆子=>2022-12-28 17:41:47=>0=>致敬
顾二喜喜=>2022-12-28 17:40:32=>0=>致敬
_一闪一闪亮欣欣_=>2022-12-28 17:40:20=>0=>致敬
椰啵向着有钱=>2022-12-28 17:40:17=>0=>致敬
尔东木袂栐=>2022-12-28 17:38:03=>0=><span class="url-icon"><img alt=[蜡烛] src="https://h5.sinaimg.cn/m/emoticon/icon/others/o_lazhu-afb8e4fbdc.png" style="width:1em; height:1em;" /></span><span class="url-icon"><img alt=[蜡烛] src="https://h5.sinaimg.cn/m/emoticon/icon/others/o_lazhu-afb8e4fbdc.png" style="width:1em; height:1em;" /></span><span class="url-icon"><img alt=[蜡烛] src="https://h5.sinaimg.cn/m/emoticon/icon/others/o_lazhu-afb8e4fbdc.png" style="width:1em; height:1em;" /></span>
嘉陵公安=>2022-12-28 17:37:12=>0=>中国消防
雅yr_=>2022-12-28 17:37:03=>0=>致敬🙏🙏🙏
XWHYS=>2022-12-28 17:35:49=>0=>致敬
元气满满的靓女=>2022-12-28 17:35:34=>0=>致敬英雄
Z-MJK=>2022-12-28 17:35:18=>0=>致敬！
镜子说男孩别哭=>2022-12-28 17:35:18=>0=>人民英雄永垂不朽
白果林bgl=>2022-12-28 17:34:34=>0=>致敬
小狗狐狸-=>2022-12-28 17:34:23=>0=><span class="url-icon"><img alt=[蜡烛] src="https://h5.sinaimg.cn/m/emoticon/icon/others/o_lazhu-afb8e4fbdc.png" style="width:1em; height:1em;" /></span><span class="url-icon"><img alt=[蜡烛] src="https://h5.sinaimg.cn/m/emoticon/icon/others/o_lazhu-afb8e4fbdc.png" style="width:1em; height:1em;" /></span><span class="url-icon"><img alt=[蜡烛] src="https://h5.sinaimg.cn/m/emoticon/icon/others/o_lazhu-afb8e4fbdc.png" style="width:1em; height:1em;" /></span>
冰城的九尾天狐=>2022-12-28 17:33:18=>0=>致敬
170兰州号驱逐舰=>2022-12-28 17:33:13=>0=><span class="url-icon"><img alt=[蜡烛] src="https://h5.sinaimg.cn/m/emoticon/icon/others/o_lazhu-afb8e4fbdc.png" style="width:1em; height:1em;" /></span><span class="url-icon"><img alt=[蜡烛] src="https://h5.sinaimg.cn/m/emoticon/icon/others/o_lazhu-afb8e4fbdc.png" style="width:1em; height:1em;" /></span><span class="url-icon"><img alt=[蜡烛] src="https://h5.sinaimg.cn/m/emoticon/icon/others/o_lazhu-afb8e4fbdc.png" style="width:1em; height:1em;" /></span>
麦苗Silvia=>2022-12-28 17:32:23=>0=>致敬！缅怀最可爱的人
湛卢要充电=>2022-12-28 17:40:44=>1=>致敬人民英雄
传说中的一撰梅=>2022-12-28 23:04:54=>0=><span class="url-icon"><img alt=[蜡烛] src="https://h5.sinaimg.cn/m/emoticon/icon/others/o_lazhu-afb8e4fbdc.png" style="width:1em; height:1em;" /></span><span class="url-icon"><img alt=[蜡烛] src="https://h5.sinaimg.cn/m/emoticon/icon/others/o_lazhu-afb8e4fbdc.png" style="width:1em; height:1em;" /></span><span class="url-icon"><img alt=[蜡烛] src="https://h5.sinaimg.cn/m/emoticon/icon/others/o_lazhu-afb8e4fbdc.png" style="width:1em; height:1em;" /></span>这一年…唉<span class="url-icon"><img alt=[伤心] src="https://h5.sinaimg.cn/m/emoticon/icon/others/l_shangxin-49b2fe44a6.png" style="width:1em; height:1em;" /></span>
快乐吃瓜wy=>2022-12-28 17:56:06=>0=><span class="url-icon"><img alt=[蜡烛] src="https://h5.sinaimg.cn/m/emoticon/icon/others/o_lazhu-afb8e4fbdc.png" style="width:1em; height:1em;" /></span><span class="url-icon"><img alt=[蜡烛] src="https://h5.sinaimg.cn/m/emoticon/icon/others/o_lazhu-afb8e4fbdc.png" style="width:1em; height:1em;" /></span>
细雨梦回之猪的马甲之三=>2022-12-28 17:35:00=>0=><span class="url-icon"><img alt=[蜡烛] src="https://h5.sinaimg.cn/m/emoticon/icon/others/o_lazhu-afb8e4fbdc.png" style="width:1em; height:1em;" /></span><span class="url-icon"><img alt=[蜡烛] src="https://h5.sinaimg.cn/m/emoticon/icon/others/o_lazhu-afb8e4fbdc.png" style="width:1em; height:1em;" /></span><span class="url-icon"><img alt=[蜡烛] src="https://h5.sinaimg.cn/m/emoticon/icon/others/o_lazhu-afb8e4fbdc.png" style="width:1em; height:1em;" /></span>
风吹白云688=>2022-12-28 17:32:24=>0=>消防是真的英雄<span class="url-icon"><img alt="[白蜡烛]" src="https://face.t.sinajs.cn/t4/appstyle/expression/ext/normal/64/qingminngjie_bailazhu_org.png" style="width:1em; height:1em;" /></span>
宝记酥心糖=>2023-01-03 00:00:29=>0=>致敬英雄<span class="url-icon"><img alt=[泪] src="https://h5.sinaimg.cn/m/emoticon/icon/default/d_lei-4cdf6ee412.png" style="width:1em; height:1em;" /></span>
-映亦焳相别-=>2023-01-02 13:17:26=>0=>致敬英雄
喜欢她的坚持不懈=>2022-12-29 22:11:07=>0=>致敬
南风与猫4=>2022-12-29 06:47:37=>0=>致敬
雪儿无意=>2022-12-29 03:45:17=>0=>致敬
再见萧瑟郎=>2022-12-28 20:02:06=>0=><span class="url-icon"><img alt=[蜡烛] src="https://h5.sinaimg.cn/m/emoticon/icon/others/o_lazhu-afb8e4fbdc.png" style="width:1em; height:1em;" /></span><span class="url-icon"><img alt=[蜡烛] src="https://h5.sinaimg.cn/m/emoticon/icon/others/o_lazhu-afb8e4fbdc.png" style="width:1em; height:1em;" /></span><span class="url-icon"><img alt=[蜡烛] src="https://h5.sinaimg.cn/m/emoticon/icon/others/o_lazhu-afb8e4fbdc.png" style="width:1em; height:1em;" /></span>敬礼！
SHAO大法师=>2022-12-28 19:34:39=>0=>致敬英雄
兔兔今天笑了吗=>2022-12-28 19:02:45=>0=>致敬
李佐辉312467797=>2022-12-28 19:02:24=>0=>致敬英雄
shenyunhua520=>2022-12-28 18:38:54=>0=>向英烈致敬！人民英雄永垂不朽！
要如何翻译我爱你们=>2022-12-28 18:34:27=>0=>唉 致敬
快快脱离这个exss=>2022-12-28 18:27:19=>0=>致敬
三山四海朋相携=>2022-12-28 18:22:23=>0=>曾有灼灼火光中不后退的魂魄
地锅炖烧白=>2022-12-28 18:16:37=>0=>致敬
软软峰=>2022-12-28 17:52:03=>0=>致敬
限定版_冬圆=>2023-01-02 17:16:34=>0=>致敬
m7323=>2022-12-29 22:38:21=>0=><span class="url-icon"><img alt=[心] src="https://h5.sinaimg.cn/m/emoticon/icon/others/l_xin-43af9086c0.png" style="width:1em; height:1em;" /></span>
ZW惜秋=>2022-12-29 18:20:55=>0=>都好年轻啊<span class="url-icon"><img alt=[泪] src="https://h5.sinaimg.cn/m/emoticon/icon/default/d_lei-4cdf6ee412.png" style="width:1em; height:1em;" /></span>
年似若水=>2022-12-29 15:23:05=>0=>永志不忘
非法汉堡包=>2022-12-29 13:26:57=>0=>致敬
BAOLi1965=>2022-12-29 13:04:02=>0=><span class="url-icon"><img alt=[鲜花] src="https://h5.sinaimg.cn/m/emoticon/icon/others/w_xianhua-f902c37199.png" style="width:1em; height:1em;" /></span>
云彩都是红的1128=>2022-12-29 12:51:40=>0=>向英雄致敬
蜜蜂布丁狗=>2022-12-29 11:29:16=>0=>致敬英雄
你也来自外星球吗=>2022-12-29 09:32:28=>0=>人民英雄永垂不朽
为你在所不辞201410=>2022-12-29 08:34:07=>0=>向英雄致敬
钱都放我兜李·=>2022-12-29 01:43:16=>0=>致敬<span class="url-icon"><img alt=[伤心] src="https://h5.sinaimg.cn/m/emoticon/icon/others/l_shangxin-49b2fe44a6.png" style="width:1em; height:1em;" /></span>
在星星上微笑着o=>2022-12-29 00:10:36=>0=>致敬英雄
青衣狂士=>2022-12-28 23:54:50=>0=>致敬英雄
Ines2023=>2022-12-28 23:53:04=>0=>逆向而行，唯有心中牵挂着人民！<span class="url-icon"><img alt=[泪] src="https://h5.sinaimg.cn/m/emoticon/icon/default/d_lei-4cdf6ee412.png" style="width:1em; height:1em;" /></span><span class="url-icon"><img alt=[蜡烛] src="https://h5.sinaimg.cn/m/emoticon/icon/others/o_lazhu-afb8e4fbdc.png" style="width:1em; height:1em;" /></span><span class="url-icon"><img alt=[蜡烛] src="https://h5.sinaimg.cn/m/emoticon/icon/others/o_lazhu-afb8e4fbdc.png" style="width:1em; height:1em;" /></span><span class="url-icon"><img alt=[蜡烛] src="https://h5.sinaimg.cn/m/emoticon/icon/others/o_lazhu-afb8e4fbdc.png" style="width:1em; height:1em;" /></span>
喵喵草莓派1920=>2022-12-28 23:30:40=>0=>提高他们的待遇吧
爱死小小白兔plus=>2022-12-28 22:53:56=>0=><span class="url-icon"><img alt=[蜡烛] src="https://h5.sinaimg.cn/m/emoticon/icon/others/o_lazhu-afb8e4fbdc.png" style="width:1em; height:1em;" /></span><span class="url-icon"><img alt=[蜡烛] src="https://h5.sinaimg.cn/m/emoticon/icon/others/o_lazhu-afb8e4fbdc.png" style="width:1em; height:1em;" /></span><span class="url-icon"><img alt=[蜡烛] src="https://h5.sinaimg.cn/m/emoticon/icon/others/o_lazhu-afb8e4fbdc.png" style="width:1em; height:1em;" /></span><span class="url-icon"><img alt=[蜡烛] src="https://h5.sinaimg.cn/m/emoticon/icon/others/o_lazhu-afb8e4fbdc.png" style="width:1em; height:1em;" /></span><span class="url-icon"><img alt=[蜡烛] src="https://h5.sinaimg.cn/m/emoticon/icon/others/o_lazhu-afb8e4fbdc.png" style="width:1em; height:1em;" /></span><span class="url-icon"><img alt=[蜡烛] src="https://h5.sinaimg.cn/m/emoticon/icon/others/o_lazhu-afb8e4fbdc.png" style="width:1em; height:1em;" /></span>
重拾_狗狗祟祟的快乐=>2022-12-28 22:11:54=>0=>致敬
VIC_晴天毒蘑菇=>2022-12-28 20:41:08=>0=>永志不忘
IAMFLOMO是LYN的吸管儿=>2022-12-28 19:55:27=>0=>感恩英雄的守护🙏
转圈吃饼子=>2022-12-28 19:45:12=>0=>缅怀各位英雄
雅典娜之影=>2022-12-28 19:34:15=>1=>致敬！！
蓁蓁卿卿=>2022-12-28 19:21:51=>0=>感恩<span class="url-icon"><img alt=[鲜花] src="https://h5.sinaimg.cn/m/emoticon/icon/others/w_xianhua-f902c37199.png" style="width:1em; height:1em;" /></span><span class="url-icon"><img alt=[鲜花] src="https://h5.sinaimg.cn/m/emoticon/icon/others/w_xianhua-f902c37199.png" style="width:1em; height:1em;" /></span><span class="url-icon"><img alt=[鲜花] src="https://h5.sinaimg.cn/m/emoticon/icon/others/w_xianhua-f902c37199.png" style="width:1em; height:1em;" /></span>
橼君=>2022-12-28 19:14:29=>0=>致敬
Y小狗院长y=>2022-12-28 19:03:17=>0=>致敬
寒璐兮兮=>2022-12-28 19:01:32=>0=>致敬英雄<span class="url-icon"><img alt=[心] src="https://h5.sinaimg.cn/m/emoticon/icon/others/l_xin-43af9086c0.png" style="width:1em; height:1em;" /></span>
寒璐_棣棣=>2022-12-28 18:59:35=>0=>致敬英雄<span class="url-icon"><img alt=[心] src="https://h5.sinaimg.cn/m/emoticon/icon/others/l_xin-43af9086c0.png" style="width:1em; height:1em;" /></span>
心有_芊芊结=>2022-12-28 18:57:04=>0=>致敬英雄<span class="url-icon"><img alt=[心] src="https://h5.sinaimg.cn/m/emoticon/icon/others/l_xin-43af9086c0.png" style="width:1em; height:1em;" /></span>
Z--perfect=>2022-12-28 18:55:40=>0=>致敬英雄
宝棣呀=>2022-12-28 18:52:30=>0=>人民英雄一路走好<span class="url-icon"><img alt="[苦涩]" src="https://face.t.sinajs.cn/t4/appstyle/expression/ext/normal/7e/2021_bitter_org.png" style="width:1em; height:1em;" /></span>
与夢為西=>2022-12-28 18:51:48=>0=><span class="url-icon"><img alt=[悲伤] src="https://h5.sinaimg.cn/m/emoticon/icon/default/d_beishang-c95268c034.png" style="width:1em; height:1em;" /></span><span class="url-icon"><img alt=[悲伤] src="https://h5.sinaimg.cn/m/emoticon/icon/default/d_beishang-c95268c034.png" style="width:1em; height:1em;" /></span>
傅诗淇的沪上小甜心=>2022-12-28 18:43:30=>0=>致敬英雄！
半块香菜_y=>2022-12-28 18:40:54=>1=>致敬英雄
春冷紀-=>2022-12-28 18:33:28=>0=>致敬
一扇窗2248178125=>2022-12-28 18:30:33=>0=><span class="url-icon"><img alt=[蜡烛] src="https://h5.sinaimg.cn/m/emoticon/icon/others/o_lazhu-afb8e4fbdc.png" style="width:1em; height:1em;" /></span><span class="url-icon"><img alt=[蜡烛] src="https://h5.sinaimg.cn/m/emoticon/icon/others/o_lazhu-afb8e4fbdc.png" style="width:1em; height:1em;" /></span><span class="url-icon"><img alt=[蜡烛] src="https://h5.sinaimg.cn/m/emoticon/icon/others/o_lazhu-afb8e4fbdc.png" style="width:1em; height:1em;" /></span>
m7323=>2022-12-28 18:21:39=>0=>致敬
抱着童话的猫咪=>2022-12-28 18:19:37=>0=>致敬英雄
爱晒太阳的鱼C=>2022-12-28 18:18:16=>0=>向英雄致敬！
洋葱炒蛋真好吃=>2022-12-28 18:16:52=>0=>致敬
发帖机器的草稿箱=>2022-12-28 18:16:45=>0=>致敬英雄！
苓芩岺岑=>2022-12-28 18:16:24=>0=>致敬英雄
-初璃兮微-=>2022-12-28 18:15:24=>0=>致敬
美哉少女=>2022-12-28 18:14:06=>0=>致敬英雄！
露紫泡泡=>2022-12-28 18:11:56=>0=>致敬！<span class="url-icon"><img alt=[心] src="https://h5.sinaimg.cn/m/emoticon/icon/others/l_xin-43af9086c0.png" style="width:1em; height:1em;" /></span>
露紫泡泡=>2022-12-28 18:11:38=>0=>致致！
算是个路人甲-=>2022-12-28 18:11:29=>0=>致敬🕯🕯🕯
海盐蜜桃季风=>2022-12-28 18:10:24=>0=>致敬
如颖随形5557=>2022-12-28 18:09:08=>0=>致敬<span class="url-icon"><img alt=[心] src="https://h5.sinaimg.cn/m/emoticon/icon/others/l_xin-43af9086c0.png" style="width:1em; height:1em;" /></span>
娜个Angel是女神=>2022-12-28 18:06:39=>0=>致敬
南风不解恋轩意=>2022-12-28 18:02:43=>0=>致敬<span class="url-icon"><img alt=[加油] src="https://h5.sinaimg.cn/m/emoticon/icon/default/d_jiayou-a34ced0409.png" style="width:1em; height:1em;" /></span>
甜樱瑶落糖=>2022-12-28 18:01:00=>0=>致敬
爱耀记事簿=>2022-12-28 17:58:54=>0=>致敬<span class="url-icon"><img alt=[心] src="https://h5.sinaimg.cn/m/emoticon/icon/others/l_xin-43af9086c0.png" style="width:1em; height:1em;" /></span>
小狗特工oxo=>2022-12-28 17:58:42=>1=>致敬
嫣然的壳壳=>2022-12-28 17:58:18=>0=><span class="url-icon"><img alt=[心] src="https://h5.sinaimg.cn/m/emoticon/icon/others/l_xin-43af9086c0.png" style="width:1em; height:1em;" /></span>
纸小千a=>2022-12-28 17:58:16=>0=>致敬
星宸梦绾=>2022-12-28 17:55:05=>1=>致敬
木浔以迹=>2022-12-28 17:54:02=>0=>致敬！
