青年湖南=>2023-01-04 10:04:11=>323=>2023向梦想出发！<span class="url-icon"><img alt=[打call] src="https://h5.sinaimg.cn/m/emoticon/icon/default/fb_a1dacall-1e0c4593fc.png" style="width:1em; height:1em;" /></span><span class="url-icon"><img alt=[打call] src="https://h5.sinaimg.cn/m/emoticon/icon/default/fb_a1dacall-1e0c4593fc.png" style="width:1em; height:1em;" /></span><span class="url-icon"><img alt=[打call] src="https://h5.sinaimg.cn/m/emoticon/icon/default/fb_a1dacall-1e0c4593fc.png" style="width:1em; height:1em;" /></span>
苏苏苏浅忆=>2023-01-04 10:04:10=>293=>2023要如少年版绚烂<span class="url-icon"><img alt="[哇]" src="https://face.t.sinajs.cn/t4/appstyle/expression/ext/normal/3d/2022_wow_org.png" style="width:1em; height:1em;" /></span><span class="url-icon"><img alt="[哇]" src="https://face.t.sinajs.cn/t4/appstyle/expression/ext/normal/3d/2022_wow_org.png" style="width:1em; height:1em;" /></span><span class="url-icon"><img alt="[哇]" src="https://face.t.sinajs.cn/t4/appstyle/expression/ext/normal/3d/2022_wow_org.png" style="width:1em; height:1em;" /></span>
丘比特的伊甸园=>2023-01-04 10:06:35=>253=>去做少年，去翻万重山<span class="url-icon"><img alt="[收到]" src="https://face.t.sinajs.cn/t4/appstyle/expression/ext/normal/8b/2022_get_org.png" style="width:1em; height:1em;" /></span>
silence苏筱筱=>2023-01-04 10:04:35=>209=>少年啊去追梦，去闯用汗水作伴
秋天不甜m日记=>2023-01-04 10:04:56=>176=>把自己立成帆，才能招来风，踏着闪耀星辰铺开的路，我昂首阔步
不能熬夜要早起=>2023-01-04 10:05:34=>152=>2023一起勇敢前行！
丘比特的伊甸园=>2023-01-04 10:05:47=>144=>少年啊，是如此的绚丽<span class="url-icon"><img alt="[哇]" src="https://face.t.sinajs.cn/t4/appstyle/expression/ext/normal/3d/2022_wow_org.png" style="width:1em; height:1em;" /></span>
釉色JS=>2023-01-04 10:04:02=>166=>看着画面，配合着汪苏泷的歌声，看得我热血澎湃，热泪盈眶
汪酥脆的麦克风=>2023-01-04 10:07:54=>123=>2023向梦想出发<span class="url-icon"><img alt=[抱一抱] src="https://h5.sinaimg.cn/m/emoticon/icon/default/co_a1hug-f3910d0e88.png" style="width:1em; height:1em;" /></span>！！！！！
听嫋嫋碎碎念=>2023-01-04 10:07:02=>113=>少女勇敢追梦
秋刀鱼快丢了的月野兔=>2023-01-04 10:05:22=>103=>愿新的一年爱与勇气作伴！
砃LDX-发疯版=>2023-01-04 10:00:38=>99=>一起踏遍江河，筑梦四方
我有许多丰富又有趣的表情=>2023-01-04 10:03:41=>84=>少年般绚丽<span class="url-icon"><img alt="[送花花]" src="https://face.t.sinajs.cn/t4/appstyle/expression/ext/normal/cb/2022_Flowers_org.png" style="width:1em; height:1em;" /></span><span class="url-icon"><img alt="[送花花]" src="https://face.t.sinajs.cn/t4/appstyle/expression/ext/normal/cb/2022_Flowers_org.png" style="width:1em; height:1em;" /></span>
汪汪碎冰冰zzz=>2023-01-04 10:02:16=>78=>少年勇敢追梦<span class="url-icon"><img alt="[赢牛奶]" src="https://face.t.sinajs.cn/t4/appstyle/expression/ext/normal/9c/2021_yingniunai_org.png" style="width:1em; height:1em;" /></span><span class="url-icon"><img alt="[赢牛奶]" src="https://face.t.sinajs.cn/t4/appstyle/expression/ext/normal/9c/2021_yingniunai_org.png" style="width:1em; height:1em;" /></span>
范范就是稀饭=>2023-01-04 10:10:35=>72=>2023我们一起并肩<span class="url-icon"><img alt=[打call] src="https://h5.sinaimg.cn/m/emoticon/icon/default/fb_a1dacall-1e0c4593fc.png" style="width:1em; height:1em;" /></span>
Mitty_n橙皮=>2023-01-04 10:09:05=>70=>2023怀梦想出发<span class="url-icon"><img alt="[赢牛奶]" src="https://face.t.sinajs.cn/t4/appstyle/expression/ext/normal/9c/2021_yingniunai_org.png" style="width:1em; height:1em;" /></span>
小然花_=>2023-01-04 10:03:26=>68=>2023 一起跨越山海 勇敢追梦！
圆圆满分甜=>2023-01-04 10:08:54=>61=>2023 为梦想勇敢出发
用我一生守护你wsl=>2023-01-04 10:10:16=>52=>去闯去盛开
折了耳朵_=>2023-01-04 10:09:22=>50=>勇敢追梦
用我一生守护你wsl=>2023-01-04 10:10:34=>48=>跨越每一个山海
-章桂珊=>2023-01-04 10:10:11=>47=>愿你如少年般绚丽<span class="url-icon"><img alt=[心] src="https://h5.sinaimg.cn/m/emoticon/icon/others/l_xin-43af9086c0.png" style="width:1em; height:1em;" /></span>
汪酥脆的麦克风=>2023-01-04 10:09:02=>47=><span class="url-icon"><img alt=[抱一抱] src="https://h5.sinaimg.cn/m/emoticon/icon/default/co_a1hug-f3910d0e88.png" style="width:1em; height:1em;" /></span><span class="url-icon"><img alt=[抱一抱] src="https://h5.sinaimg.cn/m/emoticon/icon/default/co_a1hug-f3910d0e88.png" style="width:1em; height:1em;" /></span><span class="url-icon"><img alt=[抱一抱] src="https://h5.sinaimg.cn/m/emoticon/icon/default/co_a1hug-f3910d0e88.png" style="width:1em; height:1em;" /></span>
小小小_butterfly=>2023-01-04 10:01:21=>49=>这个不会就是今个儿都mv吧汪苏泷
共青团福建省委=>2023-01-04 10:54:06=>28=>去闯，去盛开！献给每一个跨越山海追梦的你，愿新的一年爱与勇气作伴！<span class="url-icon"><img alt=[心] src="https://h5.sinaimg.cn/m/emoticon/icon/others/l_xin-43af9086c0.png" style="width:1em; height:1em;" /></span>
猫猫鈤和=>2023-01-04 10:02:24=>39=><span class="url-icon"><img alt=[心] src="https://h5.sinaimg.cn/m/emoticon/icon/others/l_xin-43af9086c0.png" style="width:1em; height:1em;" /></span>
辽宁共青团=>2023-01-04 10:53:05=>26=>愿新的一年爱与勇气作伴！<span class="url-icon"><img alt=[心] src="https://h5.sinaimg.cn/m/emoticon/icon/others/l_xin-43af9086c0.png" style="width:1em; height:1em;" /></span>
江苏共青团=>2023-01-04 10:58:53=>22=><span class="url-icon"><img alt="[2023]" src="https://face.t.sinajs.cn/t4/appstyle/expression/ext/normal/f0/2022_2023_org.png" style="width:1em; height:1em;" /></span>勇敢追梦！
silence-周周不喝粥=>2023-01-04 10:07:16=>34=>像少年般绚烂！勇敢追逐梦想！
我有许多丰富又有趣的表情=>2023-01-04 10:05:52=>31=>你的绚丽就是时代的璀璨<span class="url-icon"><img alt=[心] src="https://h5.sinaimg.cn/m/emoticon/icon/others/l_xin-43af9086c0.png" style="width:1em; height:1em;" /></span>
愛师大爱国画=>2023-01-04 10:05:46=>28=>半年两专创作人用高质量作品实力诠释努力奋斗的意义<a  href="https://m.weibo.cn/search?containerid=231522type%3D1%26t%3D10%26q%3D%23%E6%B1%AA%E8%8B%8F%E6%B3%B7%E5%B0%91%E5%B9%B4%E8%88%AC%E7%BB%9A%E4%B8%BD%E5%A5%BD%E7%87%83%23&extparam=%23%E6%B1%AA%E8%8B%8F%E6%B3%B7%E5%B0%91%E5%B9%B4%E8%88%AC%E7%BB%9A%E4%B8%BD%E5%A5%BD%E7%87%83%23" data-hide=""><span class="surl-text">#汪苏泷少年般绚丽好燃#</span></a> <span class="url-icon"><img alt=[威武] src="https://h5.sinaimg.cn/m/emoticon/icon/others/f_v5-bbd6f199c2.png" style="width:1em; height:1em;" /></span>
青春湖北=>2023-01-04 10:46:10=>19=>2023向梦想出发！<span class="url-icon"><img alt=[打call] src="https://h5.sinaimg.cn/m/emoticon/icon/default/fb_a1dacall-1e0c4593fc.png" style="width:1em; height:1em;" /></span><span class="url-icon"><img alt=[打call] src="https://h5.sinaimg.cn/m/emoticon/icon/default/fb_a1dacall-1e0c4593fc.png" style="width:1em; height:1em;" /></span><span class="url-icon"><img alt=[打call] src="https://h5.sinaimg.cn/m/emoticon/icon/default/fb_a1dacall-1e0c4593fc.png" style="width:1em; height:1em;" /></span>
我有许多丰富又有趣的表情=>2023-01-04 10:04:11=>25=>生而澎湃 如繁华盛开<span class="url-icon"><img alt=[心] src="https://h5.sinaimg.cn/m/emoticon/icon/others/l_xin-43af9086c0.png" style="width:1em; height:1em;" /></span>
silence的star=>2023-01-04 10:06:14=>20=>2023向梦想出发
甘肃共青团=>2023-01-04 10:56:59=>14=>2023，如少年般绚丽，勇敢前行！<span class="url-icon"><img alt=[心] src="https://h5.sinaimg.cn/m/emoticon/icon/others/l_xin-43af9086c0.png" style="width:1em; height:1em;" /></span><span class="url-icon"><img alt=[打call] src="https://h5.sinaimg.cn/m/emoticon/icon/default/fb_a1dacall-1e0c4593fc.png" style="width:1em; height:1em;" /></span><span class="url-icon"><img alt=[打call] src="https://h5.sinaimg.cn/m/emoticon/icon/default/fb_a1dacall-1e0c4593fc.png" style="width:1em; height:1em;" /></span><a  href="https://m.weibo.cn/2633651743/4854140717498507" data-hide=""><span class='url-icon'><img style='width: 1rem;height: 1rem' src='https://h5.sinaimg.cn/upload/2015/09/25/3/timeline_card_small_web_default.png'></span><span class="surl-text">网页链接</span></a>
仙女也摆烂-=>2023-01-04 10:03:59=>14=>2023勇敢去闯，青春奋斗<span class="url-icon"><img alt="[赢牛奶]" src="https://face.t.sinajs.cn/t4/appstyle/expression/ext/normal/9c/2021_yingniunai_org.png" style="width:1em; height:1em;" /></span>
脆酥苏=>2023-01-04 10:04:18=>16=><span class="url-icon"><img alt="[彩虹屁]" src="https://face.t.sinajs.cn/t4/appstyle/expression/ext/normal/4b/2022_praise_org.png" style="width:1em; height:1em;" /></span>愿大家都如少年般绚丽多彩
Dane-ming=>2023-01-04 10:04:39=>14=>为了梦想，敢闯，敢拼搏<span class="url-icon"><img alt=[good] src="https://h5.sinaimg.cn/m/emoticon/icon/others/h_good-0c51afc69c.png" style="width:1em; height:1em;" /></span>
还是想念-Silence=>2023-01-04 10:06:39=>12=>冲
久别_何时重逢-半退网=>2023-01-04 10:03:59=>8=>去找心中的答案 去翻万重山<span class="url-icon"><img alt="[收到]" src="https://face.t.sinajs.cn/t4/appstyle/expression/ext/normal/8b/2022_get_org.png" style="width:1em; height:1em;" /></span>
仙女也摆烂-=>2023-01-04 10:04:59=>8=>2023如少年般绚丽，寻求内心答案，无畏前行
田田爱泷泷=>2023-01-04 10:21:52=>7=>如少年般绚烂
喜怒哀乐都很随便=>2023-01-04 10:10:17=>8=>如少年般绚烂<span class="url-icon"><img alt=[心] src="https://h5.sinaimg.cn/m/emoticon/icon/others/l_xin-43af9086c0.png" style="width:1em; height:1em;" /></span>
宝鸡团市委=>2023-01-04 11:39:34=>2=>2023，去闯，去盛开！<a  href="https://m.weibo.cn/search?containerid=231522type%3D1%26t%3D10%26q%3D%23%E6%84%BF%E4%BD%A0%E5%A6%82%E5%B0%91%E5%B9%B4%E8%88%AC%E7%BB%9A%E4%B8%BD%23&extparam=%23%E6%84%BF%E4%BD%A0%E5%A6%82%E5%B0%91%E5%B9%B4%E8%88%AC%E7%BB%9A%E4%B8%BD%23" data-hide=""><span class="surl-text">#愿你如少年般绚丽#</span></a><span class="url-icon"><img alt=[心] src="https://h5.sinaimg.cn/m/emoticon/icon/others/l_xin-43af9086c0.png" style="width:1em; height:1em;" /></span>
圆圆满分甜=>2023-01-04 10:17:59=>7=>2023 让我们去爱，去追，去跨越山海，去见见心中挚爱<span class="url-icon"><img alt=[好爱哦] src="https://h5.sinaimg.cn/m/emoticon/icon/lxh/lxh_haoaio-bd64a94751.png" style="width:1em; height:1em;" /></span>
四川省地震局=>2023-01-04 14:57:36=>2=>致敬每一个不屈又热烈的灵魂，新的一年继续与爱和勇气为伴，共同跨越山海，追逐梦想<span class="url-icon"><img alt=[心] src="https://h5.sinaimg.cn/m/emoticon/icon/others/l_xin-43af9086c0.png" style="width:1em; height:1em;" /></span><a  href="https://m.weibo.cn/search?containerid=231522type%3D1%26t%3D10%26q%3D%23%E5%BD%93%E4%BB%A3%E9%9D%92%E5%B9%B4%E4%B8%BA%E6%A2%A6%E6%83%B3%E8%83%BD%E6%9C%89%E5%A4%9A%E6%8B%BC%23&extparam=%23%E5%BD%93%E4%BB%A3%E9%9D%92%E5%B9%B4%E4%B8%BA%E6%A2%A6%E6%83%B3%E8%83%BD%E6%9C%89%E5%A4%9A%E6%8B%BC%23" data-hide=""><span class="surl-text">#当代青年为梦想能有多拼#</span></a> <a  href="https://m.weibo.cn/search?containerid=231522type%3D1%26t%3D10%26q%3D%23%E5%8E%9F%E5%88%9B%E6%AD%8C%E6%9B%B2%E5%B0%91%E5%B9%B4%E8%88%AC%E7%BB%9A%E4%B8%BD%23&extparam=%23%E5%8E%9F%E5%88%9B%E6%AD%8C%E6%9B%B2%E5%B0%91%E5%B9%B4%E8%88%AC%E7%BB%9A%E4%B8%BD%23" data-hide=""><span class="surl-text">#原创歌曲少年般绚丽#</span></a> <a  href="https://m.weibo.cn/search?containerid=231522type%3D1%26t%3D10%26q%3D%23%E6%84%BF%E4%BD%A0%E5%A6%82%E5%B0%91%E5%B9%B4%E8%88%AC%E7%BB%9A%E4%B8%BD%23&extparam=%23%E6%84%BF%E4%BD%A0%E5%A6%82%E5%B0%91%E5%B9%B4%E8%88%AC%E7%BB%9A%E4%B8%BD%23" data-hide=""><span class="surl-text">#愿你如少年般绚丽#</span></a>
霁月墨尘=>2023-01-04 10:27:02=>4=>生而澎湃，如繁花盛开
砃LDX-发疯版=>2023-01-04 10:20:45=>5=>2023，向梦想出发
砃LDX-发疯版=>2023-01-04 10:20:29=>5=>一起为梦想加油
杨欣黎-碎片姐版=>2023-01-04 10:15:55=>5=>去翻山 去越岭 去寻众生 去找自己 少年再出发<span class="url-icon"><img alt="[赢牛奶]" src="https://face.t.sinajs.cn/t4/appstyle/expression/ext/normal/9c/2021_yingniunai_org.png" style="width:1em; height:1em;" /></span>
Iris_silence=>2023-01-04 10:12:49=>5=>2023 去盛开 去绽放
korea00820082=>2023-01-04 10:13:34=>6=>勇敢前行
小昵躏儿=>2023-01-04 10:09:11=>6=>少年啊去盛开去爱像极光绚烂<span class="url-icon"><img alt=[打call] src="https://h5.sinaimg.cn/m/emoticon/icon/default/fb_a1dacall-1e0c4593fc.png" style="width:1em; height:1em;" /></span>
杨欣黎-碎片姐版=>2023-01-04 10:16:51=>8=>感谢团团和泷泷合作 写出这样美好的歌<span class="url-icon"><img alt="[赢牛奶]" src="https://face.t.sinajs.cn/t4/appstyle/expression/ext/normal/9c/2021_yingniunai_org.png" style="width:1em; height:1em;" /></span>
是六日同学耶=>2023-01-04 10:09:26=>5=>2023向前冲<span class="url-icon"><img alt=[打call] src="https://h5.sinaimg.cn/m/emoticon/icon/default/fb_a1dacall-1e0c4593fc.png" style="width:1em; height:1em;" /></span>
是六日同学耶=>2023-01-04 10:09:00=>4=>2023为梦想奋斗<span class="url-icon"><img alt=[打call] src="https://h5.sinaimg.cn/m/emoticon/icon/default/fb_a1dacall-1e0c4593fc.png" style="width:1em; height:1em;" /></span>
方脑壳邓铂鋆=>2023-01-05 07:55:57=>0=><span class="url-icon"><img alt=[泪] src="https://h5.sinaimg.cn/m/emoticon/icon/default/d_lei-4cdf6ee412.png" style="width:1em; height:1em;" /></span>
南网50Hz=>2023-01-04 18:01:17=>1=>【去闯，去盛开！<a  href="https://m.weibo.cn/search?containerid=231522type%3D1%26t%3D10%26q%3D%23%E5%BD%93%E4%BB%A3%E9%9D%92%E5%B9%B4%E4%B8%BA%E6%A2%A6%E6%83%B3%E8%83%BD%E6%9C%89%E5%A4%9A%E6%8B%BC%23&extparam=%23%E5%BD%93%E4%BB%A3%E9%9D%92%E5%B9%B4%E4%B8%BA%E6%A2%A6%E6%83%B3%E8%83%BD%E6%9C%89%E5%A4%9A%E6%8B%BC%23" data-hide=""><span class="surl-text">#当代青年为梦想能有多拼#</span></a>】为万家灯火常亮不懈奋斗！<span class="url-icon"><img alt="[奋斗]" src="https://face.t.sinajs.cn/t4/appstyle/expression/ext/normal/23/2022_Struggle_org.png" style="width:1em; height:1em;" /></span>
Silence_7sl=>2023-01-04 10:22:13=>4=>2023愿大家都如少年般绚丽，向梦想出发<span class="url-icon"><img alt=[打call] src="https://h5.sinaimg.cn/m/emoticon/icon/default/fb_a1dacall-1e0c4593fc.png" style="width:1em; height:1em;" /></span><span class="url-icon"><img alt=[心] src="https://h5.sinaimg.cn/m/emoticon/icon/others/l_xin-43af9086c0.png" style="width:1em; height:1em;" /></span>
至慕柠morning=>2023-01-04 11:21:20=>3=>勇敢追梦
人最重要的就是开心嘛=>2023-01-04 18:13:11=>2=>向梦想出发！
L第十二夜=>2023-01-04 16:31:37=>2=>不忘初心 勇敢前行 2023新征程我们并肩
本人在嗑才子类型的帅哥=>2023-01-04 10:27:47=>2=>好燃好热血<span class="url-icon"><img alt=[抱一抱] src="https://h5.sinaimg.cn/m/emoticon/icon/default/co_a1hug-f3910d0e88.png" style="width:1em; height:1em;" /></span><span class="url-icon"><img alt=[抱一抱] src="https://h5.sinaimg.cn/m/emoticon/icon/default/co_a1hug-f3910d0e88.png" style="width:1em; height:1em;" /></span><span class="url-icon"><img alt=[抱一抱] src="https://h5.sinaimg.cn/m/emoticon/icon/default/co_a1hug-f3910d0e88.png" style="width:1em; height:1em;" /></span>
-恋鑫屿皓-=>2023-01-09 02:06:18=>1=>一起向梦想出发
你脑子被烧了=>2023-01-08 03:44:07=>1=>追梦!一起加油<span class="url-icon"><img alt=[鲜花] src="https://h5.sinaimg.cn/m/emoticon/icon/others/w_xianhua-f902c37199.png" style="width:1em; height:1em;" /></span>
dreamcai=>2023-01-07 21:52:41=>1=>向着梦想出发<span class="url-icon"><img alt=[赞] src="https://h5.sinaimg.cn/m/emoticon/icon/others/h_zan-44ddc70637.png" style="width:1em; height:1em;" /></span><span class="url-icon"><img alt=[赞] src="https://h5.sinaimg.cn/m/emoticon/icon/others/h_zan-44ddc70637.png" style="width:1em; height:1em;" /></span><span class="url-icon"><img alt=[赞] src="https://h5.sinaimg.cn/m/emoticon/icon/others/h_zan-44ddc70637.png" style="width:1em; height:1em;" /></span>
我行我素ky=>2023-01-07 19:58:47=>1=>去闯，去盛开！
Refhorizon=>2023-01-07 17:36:05=>1=>2023继续追梦
冬什雾子=>2023-01-07 13:17:56=>1=>2023一起勇敢前行！加油！<span class="url-icon"><img alt=[打call] src="https://h5.sinaimg.cn/m/emoticon/icon/default/fb_a1dacall-1e0c4593fc.png" style="width:1em; height:1em;" /></span>
冬什雾子=>2023-01-07 11:54:08=>1=>2023要如少年版绚烂<span class="url-icon"><img alt="[哇]" src="https://face.t.sinajs.cn/t4/appstyle/expression/ext/normal/3d/2022_wow_org.png" style="width:1em; height:1em;" /></span><span class="url-icon"><img alt="[哇]" src="https://face.t.sinajs.cn/t4/appstyle/expression/ext/normal/3d/2022_wow_org.png" style="width:1em; height:1em;" /></span><span class="url-icon"><img alt="[哇]" src="https://face.t.sinajs.cn/t4/appstyle/expression/ext/normal/3d/2022_wow_org.png" style="width:1em; height:1em;" /></span>
麻辣绿茶星遥=>2023-01-06 21:23:15=>1=>🎐人生简简单单就好 🎐生命健健康康就好 🎐生活快快乐乐就好
dreamcai=>2023-01-06 09:17:56=>1=>向着2023进发<span class="url-icon"><img alt=[赞] src="https://h5.sinaimg.cn/m/emoticon/icon/others/h_zan-44ddc70637.png" style="width:1em; height:1em;" /></span><span class="url-icon"><img alt=[赞] src="https://h5.sinaimg.cn/m/emoticon/icon/others/h_zan-44ddc70637.png" style="width:1em; height:1em;" /></span><span class="url-icon"><img alt=[赞] src="https://h5.sinaimg.cn/m/emoticon/icon/others/h_zan-44ddc70637.png" style="width:1em; height:1em;" /></span><span class="url-icon"><img alt=[赞] src="https://h5.sinaimg.cn/m/emoticon/icon/others/h_zan-44ddc70637.png" style="width:1em; height:1em;" /></span>
时耀开心芽=>2023-01-05 21:06:59=>1=>2023加油
凝娱=>2023-01-05 19:44:19=>1=>去闯，去盛开
叽叽_源=>2023-01-05 16:50:06=>1=>2023勇敢追梦
小晨同学LYW=>2023-01-05 16:22:37=>1=>去做少年，去追梦，2023年新的一年新的开始
愿有人真的爱你=>2023-01-05 11:12:40=>1=><span class="url-icon"><img alt="[努力]" src="https://face.t.sinajs.cn/t4/appstyle/expression/ext/normal/7c/2022_Keepgoing_org.png" style="width:1em; height:1em;" /></span><span class="url-icon"><img alt="[努力]" src="https://face.t.sinajs.cn/t4/appstyle/expression/ext/normal/7c/2022_Keepgoing_org.png" style="width:1em; height:1em;" /></span><span class="url-icon"><img alt="[努力]" src="https://face.t.sinajs.cn/t4/appstyle/expression/ext/normal/7c/2022_Keepgoing_org.png" style="width:1em; height:1em;" /></span>
限定草莓芝士奶盖=>2023-01-05 09:25:33=>1=>向梦想出发
会飞的鱼02号=>2023-01-05 08:21:30=>1=>2023一起努力向前<span class="url-icon"><img alt=[打call] src="https://h5.sinaimg.cn/m/emoticon/icon/default/fb_a1dacall-1e0c4593fc.png" style="width:1em; height:1em;" /></span>
九尾幺=>2023-01-05 07:03:33=>1=>奔跑吧少年，不负时光，不负自己<span class="url-icon"><img alt=[拳头] src="https://h5.sinaimg.cn/m/emoticon/icon/others/h_quantou-81f684d5ed.png" style="width:1em; height:1em;" /></span><span class="url-icon"><img alt=[拳头] src="https://h5.sinaimg.cn/m/emoticon/icon/others/h_quantou-81f684d5ed.png" style="width:1em; height:1em;" /></span><span class="url-icon"><img alt=[拳头] src="https://h5.sinaimg.cn/m/emoticon/icon/others/h_quantou-81f684d5ed.png" style="width:1em; height:1em;" /></span>
82个白蔡猪肉饺子-=>2023-01-05 01:50:35=>1=>2023 为梦想前行<span class="url-icon"><img alt=[打call] src="https://h5.sinaimg.cn/m/emoticon/icon/default/fb_a1dacall-1e0c4593fc.png" style="width:1em; height:1em;" /></span>
Lynn27_=>2023-01-04 23:24:57=>1=>青春须早为，岂能长少年。
55坠可爱=>2023-01-04 21:41:07=>1=>一起加油<span class="url-icon"><img alt=[哈哈] src="https://h5.sinaimg.cn/m/emoticon/icon/default/d_haha-0ec05e6dad.png" style="width:1em; height:1em;" /></span><span class="url-icon"><img alt=[哈哈] src="https://h5.sinaimg.cn/m/emoticon/icon/default/d_haha-0ec05e6dad.png" style="width:1em; height:1em;" /></span><span class="url-icon"><img alt=[哈哈] src="https://h5.sinaimg.cn/m/emoticon/icon/default/d_haha-0ec05e6dad.png" style="width:1em; height:1em;" /></span>
兰_Melody=>2023-01-04 21:09:03=>1=>生而澎湃，如繁花盛开！
爱霖人-=>2023-01-04 21:01:11=>1=>勇敢追逐梦想
呆毛奶黄包=>2023-01-04 20:51:27=>1=><span class="url-icon"><img alt=[心] src="https://h5.sinaimg.cn/m/emoticon/icon/others/l_xin-43af9086c0.png" style="width:1em; height:1em;" /></span>
D叶子姑娘C=>2023-01-04 14:19:30=>1=>2023向梦想出发！<span class="url-icon"><img alt=[打call] src="https://h5.sinaimg.cn/m/emoticon/icon/default/fb_a1dacall-1e0c4593fc.png" style="width:1em; height:1em;" /></span>
落_Roxanne=>2023-01-04 14:12:53=>1=>向梦想出发！！加油
可爱的人呀_tina=>2023-01-04 13:27:48=>1=>去做少年般如此绚烂！！
冰岛思念俊=>2023-01-04 12:54:39=>1=>少年勇敢追梦！
又逢鸢临时=>2023-01-04 12:46:04=>1=>追梦少年 冲！
排骨芸豆炖土豆=>2023-01-04 11:34:43=>1=>少年绚丽 勇敢追梦<span class="url-icon"><img alt=[心] src="https://h5.sinaimg.cn/m/emoticon/icon/others/l_xin-43af9086c0.png" style="width:1em; height:1em;" /></span>
蜗牛在追王心凌=>2023-01-04 11:20:58=>1=>去追逐<span class="url-icon"><img alt=[打call] src="https://h5.sinaimg.cn/m/emoticon/icon/default/fb_a1dacall-1e0c4593fc.png" style="width:1em; height:1em;" /></span>
买不到后悔药_=>2023-01-04 11:19:04=>1=>2023冲冲冲
米里米衣=>2023-01-04 11:15:51=>1=>向梦想出发
我有许多丰富又有趣的表情=>2023-01-04 11:06:34=>1=>去爱，去追，去跨越山海，万重山后答案自会到来。<span class="url-icon"><img alt=[心] src="https://h5.sinaimg.cn/m/emoticon/icon/others/l_xin-43af9086c0.png" style="width:1em; height:1em;" /></span><span class="url-icon"><img alt=[心] src="https://h5.sinaimg.cn/m/emoticon/icon/others/l_xin-43af9086c0.png" style="width:1em; height:1em;" /></span>
活物=>2023-01-04 10:57:13=>1=>做勇敢的少年！
猴子在睡觉=>2023-01-04 10:50:12=>1=>勇敢追梦<span class="url-icon"><img alt=[心] src="https://h5.sinaimg.cn/m/emoticon/icon/others/l_xin-43af9086c0.png" style="width:1em; height:1em;" /></span>
汪汪有点甜_=>2023-01-04 10:47:12=>1=><a  href="https://m.weibo.cn/search?containerid=231522type%3D1%26t%3D10%26q%3D%23%E6%84%BF%E4%BD%A0%E5%A6%82%E5%B0%91%E5%B9%B4%E8%88%AC%E7%BB%9A%E4%B8%BD%23&extparam=%23%E6%84%BF%E4%BD%A0%E5%A6%82%E5%B0%91%E5%B9%B4%E8%88%AC%E7%BB%9A%E4%B8%BD%23" data-hide=""><span class="surl-text">#愿你如少年般绚丽#</span></a> 少年是希望<span class="url-icon"><img alt=[打call] src="https://h5.sinaimg.cn/m/emoticon/icon/default/fb_a1dacall-1e0c4593fc.png" style="width:1em; height:1em;" /></span><span class="url-icon"><img alt=[打call] src="https://h5.sinaimg.cn/m/emoticon/icon/default/fb_a1dacall-1e0c4593fc.png" style="width:1em; height:1em;" /></span><span class="url-icon"><img alt=[打call] src="https://h5.sinaimg.cn/m/emoticon/icon/default/fb_a1dacall-1e0c4593fc.png" style="width:1em; height:1em;" /></span>歌曲和MV都非常热血<span class="url-icon"><img alt=[赞啊] src="https://h5.sinaimg.cn/m/emoticon/icon/lxh/lxh_zana-dd20c7bed2.png" style="width:1em; height:1em;" /></span><span class="url-icon"><img alt=[赞啊] src="https://h5.sinaimg.cn/m/emoticon/icon/lxh/lxh_zana-dd20c7bed2.png" style="width:1em; height:1em;" /></span><span class="url-icon"><img alt=[赞啊] src="https://h5.sinaimg.cn/m/emoticon/icon/lxh/lxh_zana-dd20c7bed2.png" style="width:1em; height:1em;" /></span>
祝你快乐Q_在发癫了=>2023-01-04 10:44:41=>2=>愿你如少年般绚丽，勇敢前行<span class="url-icon"><img alt=[心] src="https://h5.sinaimg.cn/m/emoticon/icon/others/l_xin-43af9086c0.png" style="width:1em; height:1em;" /></span>
祝你快乐Q_在发癫了=>2023-01-04 10:43:36=>2=>不忘初心，勇往直前<span class="url-icon"><img alt=[心] src="https://h5.sinaimg.cn/m/emoticon/icon/others/l_xin-43af9086c0.png" style="width:1em; height:1em;" /></span>
我家猫猫是最可爱的=>2023-01-04 10:33:52=>2=>即使在平凡的角落也要开出属于自己绚烂的花
龙蛋烤地瓜=>2023-01-04 10:33:15=>2=>2023为梦勇敢出发
林12134=>2023-01-04 10:24:16=>2=>拼搏奋进，不负少年
星隐月落V_V=>2023-01-04 10:21:35=>2=>愿大家都如少年般绚丽
星隐月落V_V=>2023-01-04 10:21:16=>2=>少年就该奋斗<span class="url-icon"><img alt=[打call] src="https://h5.sinaimg.cn/m/emoticon/icon/default/fb_a1dacall-1e0c4593fc.png" style="width:1em; height:1em;" /></span>
星隐月落V_V=>2023-01-04 10:21:04=>2=>去追梦！去翻万重山！
星隐月落V_V=>2023-01-04 10:20:51=>2=>新的一年 新的灿烂
臭屁小航zh=>2023-01-04 10:09:41=>1=>2023 勇敢前行
皆坦途EW=>2023-01-04 10:08:19=>1=>勇敢前行
汪苏泷的医医=>2023-01-04 10:38:25=>2=>找汪苏泷唱算是找对人了
奶糖小泷包=>2023-01-04 12:23:37=>1=>2023我们并肩前行
一向倾城唯爱泷=>2023-01-04 12:22:17=>1=>唱出了少年的感觉
茉莉真不错ai=>2023-01-04 12:15:14=>1=>向梦想出发<span class="url-icon"><img alt=[打call] src="https://h5.sinaimg.cn/m/emoticon/icon/default/fb_a1dacall-1e0c4593fc.png" style="width:1em; height:1em;" /></span>
要杯啵啵奶茶=>2023-01-04 12:07:29=>1=>少年勇敢追梦!
Silence_guoguo=>2023-01-04 12:05:20=>1=><span class="url-icon"><img alt=[打call] src="https://h5.sinaimg.cn/m/emoticon/icon/default/fb_a1dacall-1e0c4593fc.png" style="width:1em; height:1em;" /></span><span class="url-icon"><img alt=[打call] src="https://h5.sinaimg.cn/m/emoticon/icon/default/fb_a1dacall-1e0c4593fc.png" style="width:1em; height:1em;" /></span><span class="url-icon"><img alt=[打call] src="https://h5.sinaimg.cn/m/emoticon/icon/default/fb_a1dacall-1e0c4593fc.png" style="width:1em; height:1em;" /></span>
星星不坠落的银河=>2023-01-04 12:03:55=>1=>少年啊，追梦吧
天津大学团委=>2023-01-04 12:03:17=>1=>献给每一个跨越山海追梦的你，愿新的一年爱与勇气作伴！天津大学
关于你You_=>2023-01-04 11:55:52=>1=>2023一起去闯，去盛开
苏艺璕=>2023-01-04 11:53:37=>1=>少年就应该是恣意昂扬的<span class="url-icon"><img alt=[打call] src="https://h5.sinaimg.cn/m/emoticon/icon/default/fb_a1dacall-1e0c4593fc.png" style="width:1em; height:1em;" /></span><span class="url-icon"><img alt=[打call] src="https://h5.sinaimg.cn/m/emoticon/icon/default/fb_a1dacall-1e0c4593fc.png" style="width:1em; height:1em;" /></span>
全世界陪我失眠CC=>2023-01-04 11:50:48=>1=>2023勇敢追梦
汪苏泷的红色话筒=>2023-01-04 11:49:32=>1=>去做少年，绽放绚烂<span class="url-icon"><img alt=[好喜欢] src="https://h5.sinaimg.cn/m/emoticon/icon/lxh/lxh_haoxihuan-51860b62e6.png" style="width:1em; height:1em;" /></span>
秃头选拔大使=>2023-01-04 11:46:26=>1=><span class="url-icon"><img alt=[心] src="https://h5.sinaimg.cn/m/emoticon/icon/others/l_xin-43af9086c0.png" style="width:1em; height:1em;" /></span>
是翊姝呀=>2023-01-04 11:46:07=>1=>少年啊勇敢追梦
AH-Heratttwsl=>2023-01-04 11:44:16=>1=>太棒啦<span class="url-icon"><img alt=[赞] src="https://h5.sinaimg.cn/m/emoticon/icon/others/h_zan-44ddc70637.png" style="width:1em; height:1em;" /></span>
摆烂小鱼丸=>2023-01-04 11:44:04=>1=>少年勇敢追梦
FiSHeepXI=>2023-01-04 11:42:02=>1=>汪苏泷<span class="url-icon"><img alt=[鼓掌] src="https://h5.sinaimg.cn/m/emoticon/icon/default/d_guzhang-cca8b296d9.png" style="width:1em; height:1em;" /></span>向2023出发
高冷王子要快乐呀=>2023-01-04 11:39:04=>1=>少年啊去追梦，去闯用汗水作伴
安硕偷乐=>2023-01-04 11:38:50=>1=><span class="url-icon"><img alt=[心] src="https://h5.sinaimg.cn/m/emoticon/icon/others/l_xin-43af9086c0.png" style="width:1em; height:1em;" /></span><span class="url-icon"><img alt=[心] src="https://h5.sinaimg.cn/m/emoticon/icon/others/l_xin-43af9086c0.png" style="width:1em; height:1em;" /></span><span class="url-icon"><img alt=[心] src="https://h5.sinaimg.cn/m/emoticon/icon/others/l_xin-43af9086c0.png" style="width:1em; height:1em;" /></span>
HH要快乐_26=>2023-01-04 10:48:33=>2=>2023和汪苏泷一起跨越山海 勇敢追梦！
Spet_枯木逢春恩遇念=>2023-01-09 12:03:01=>1=>2023我们一起加油<span class="url-icon"><img alt=[太开心] src="https://h5.sinaimg.cn/m/emoticon/icon/default/d_taikaixin-b7d86de3fd.png" style="width:1em; height:1em;" /></span>
酸奶不吃鱼_o=>2023-01-07 16:59:28=>1=>2023年让我们一起朝梦想进发吧
··拥抱34号小漂亮=>2023-01-07 13:55:23=>1=>2023向梦想出发！
垚愿时久=>2023-01-06 18:03:01=>1=>愿少年们向梦想出发
Qi檀一次恋爱=>2023-01-06 10:35:41=>1=>2023，勇敢追梦<span class="url-icon"><img alt=[鼓掌] src="https://h5.sinaimg.cn/m/emoticon/icon/default/d_guzhang-cca8b296d9.png" style="width:1em; height:1em;" /></span><span class="url-icon"><img alt=[good] src="https://h5.sinaimg.cn/m/emoticon/icon/others/h_good-0c51afc69c.png" style="width:1em; height:1em;" /></span>
龙蛋烤地瓜=>2023-01-05 13:06:06=>1=>2023向梦想出发
龙蛋烤地瓜=>2023-01-05 09:25:34=>1=>2023梦想出发<span class="url-icon"><img alt="[送花花]" src="https://face.t.sinajs.cn/t4/appstyle/expression/ext/normal/cb/2022_Flowers_org.png" style="width:1em; height:1em;" /></span>
Hh挣几几亿=>2023-01-04 14:53:47=>1=>我的梦想就是赶紧润出这鬼地方<span class="url-icon"><img alt=[泪] src="https://h5.sinaimg.cn/m/emoticon/icon/default/d_lei-4cdf6ee412.png" style="width:1em; height:1em;" /></span>
忘川也想睡觉=>2023-01-04 14:32:25=>1=>理想主义的少年不会被现实所招安<span class="url-icon"><img alt=[心] src="https://h5.sinaimg.cn/m/emoticon/icon/others/l_xin-43af9086c0.png" style="width:1em; height:1em;" /></span>
明眸皓齿YA=>2023-01-04 12:16:42=>1=>生而澎湃，如繁花盛开<span class="url-icon"><img alt=[心] src="https://h5.sinaimg.cn/m/emoticon/icon/others/l_xin-43af9086c0.png" style="width:1em; height:1em;" /></span>这是谁写的词曲啊，好热血，好鼓舞人心<span class="url-icon"><img alt=[心] src="https://h5.sinaimg.cn/m/emoticon/icon/others/l_xin-43af9086c0.png" style="width:1em; height:1em;" /></span><span class="url-icon"><img alt=[心] src="https://h5.sinaimg.cn/m/emoticon/icon/others/l_xin-43af9086c0.png" style="width:1em; height:1em;" /></span>
白榆_SU=>2023-01-04 12:07:21=>1=>2023向梦想出发<span class="url-icon"><img alt="[赢牛奶]" src="https://face.t.sinajs.cn/t4/appstyle/expression/ext/normal/9c/2021_yingniunai_org.png" style="width:1em; height:1em;" /></span>
Javen_7=>2023-01-04 11:53:06=>1=>2023向梦想出发
HH要快乐_26=>2023-01-04 10:59:59=>1=>感谢合作 2023一起向梦想出发
汪苏泷的小艾米=>2023-01-04 10:48:15=>1=><a  href="https://m.weibo.cn/search?containerid=231522type%3D1%26t%3D10%26q%3D%23%E6%B1%AA%E8%8B%8F%E6%B3%B7%23&isnewpage=1" data-hide=""><span class="surl-text">#汪苏泷#</span></a> 去爱去追去跨越山海
星隐月落V_V=>2023-01-04 10:21:55=>1=>歌曲好听 好青春活力<span class="url-icon"><img alt=[哈哈] src="https://h5.sinaimg.cn/m/emoticon/icon/default/d_haha-0ec05e6dad.png" style="width:1em; height:1em;" /></span>
泷泷是小王子吖=>2023-01-04 10:20:11=>1=>一起勇敢前行
泷泷是小王子吖=>2023-01-04 10:19:48=>1=>少年啊去追梦<span class="url-icon"><img alt=[打call] src="https://h5.sinaimg.cn/m/emoticon/icon/default/fb_a1dacall-1e0c4593fc.png" style="width:1em; height:1em;" /></span>
泷泷是小王子吖=>2023-01-04 10:19:32=>1=>2023勇敢前行<span class="url-icon"><img alt=[打call] src="https://h5.sinaimg.cn/m/emoticon/icon/default/fb_a1dacall-1e0c4593fc.png" style="width:1em; height:1em;" /></span>
臭宝的小泷包=>2023-01-04 10:19:11=>1=>盛放出青春的色彩！
银河甜心sweetyyyyy=>2023-01-04 10:17:07=>1=>汪苏泷汪苏泷！
泷泷要快乐=>2023-01-04 10:17:07=>1=>向梦想出发<span class="url-icon"><img alt=[打call] src="https://h5.sinaimg.cn/m/emoticon/icon/default/fb_a1dacall-1e0c4593fc.png" style="width:1em; height:1em;" /></span>
慢慢懂_Silence=>2023-01-04 10:14:00=>1=>向梦想出发<span class="url-icon"><img alt=[心] src="https://h5.sinaimg.cn/m/emoticon/icon/others/l_xin-43af9086c0.png" style="width:1em; height:1em;" /></span>
喜欢音乐的女孩儿=>2023-01-04 10:13:55=>1=>少年就该不畏风雨！
喜欢音乐的女孩儿=>2023-01-04 10:13:37=>1=>一起勇敢前行！
慢慢懂_Silence=>2023-01-04 10:13:36=>1=>不忘初心勇敢前行<span class="url-icon"><img alt=[打call] src="https://h5.sinaimg.cn/m/emoticon/icon/default/fb_a1dacall-1e0c4593fc.png" style="width:1em; height:1em;" /></span>
喜欢音乐的女孩儿=>2023-01-04 10:13:21=>2=>2023梦想出发<span class="url-icon"><img alt=[打call] src="https://h5.sinaimg.cn/m/emoticon/icon/default/fb_a1dacall-1e0c4593fc.png" style="width:1em; height:1em;" /></span><span class="url-icon"><img alt=[打call] src="https://h5.sinaimg.cn/m/emoticon/icon/default/fb_a1dacall-1e0c4593fc.png" style="width:1em; height:1em;" /></span>
风衍千竹=>2023-01-09 12:51:46=>0=>青春因少年的奋斗而更加绚丽多彩<span class="url-icon"><img alt=[心] src="https://h5.sinaimg.cn/m/emoticon/icon/others/l_xin-43af9086c0.png" style="width:1em; height:1em;" /></span>
冬来欢阳yu=>2023-01-09 12:46:08=>0=>2023向梦想出发！
斐然向风_summer=>2023-01-09 12:30:11=>0=>2023向梦想出发！<span class="url-icon"><img alt=[打call] src="https://h5.sinaimg.cn/m/emoticon/icon/default/fb_a1dacall-1e0c4593fc.png" style="width:1em; height:1em;" /></span><span class="url-icon"><img alt=[打call] src="https://h5.sinaimg.cn/m/emoticon/icon/default/fb_a1dacall-1e0c4593fc.png" style="width:1em; height:1em;" /></span><span class="url-icon"><img alt=[打call] src="https://h5.sinaimg.cn/m/emoticon/icon/default/fb_a1dacall-1e0c4593fc.png" style="width:1em; height:1em;" /></span>
鷰樂=>2023-01-09 11:53:55=>0=>轉發微博
ZHAOMU丨慕慕=>2023-01-09 09:18:45=>0=>少年强则国强！
描描大王=>2023-01-09 08:34:34=>0=><span class="url-icon"><img alt=[心] src="https://h5.sinaimg.cn/m/emoticon/icon/others/l_xin-43af9086c0.png" style="width:1em; height:1em;" /></span>
火锅猪蹄汤圆=>2023-01-09 08:11:24=>0=>023向梦想出发！<span class="url-icon"><img alt=[打call] src="https://h5.sinaimg.cn/m/emoticon/icon/default/fb_a1dacall-1e0c4593fc.png" style="width:1em; height:1em;" /></span><span class="url-icon"><img alt=[打call] src="https://h5.sinaimg.cn/m/emoticon/icon/default/fb_a1dacall-1e0c4593fc.png" style="width:1em; height:1em;" /></span><span class="url-icon"><img alt=[打call] src="https://h5.sinaimg.cn/m/emoticon/icon/default/fb_a1dacall-1e0c4593fc.png" style="width:1em; height:1em;" /></span>
屿兮林_119=>2023-01-09 03:26:03=>0=>朝梦想出发！
翎娜芥末=>2023-01-09 00:27:39=>0=><span class="url-icon"><img alt=[心] src="https://h5.sinaimg.cn/m/emoticon/icon/others/l_xin-43af9086c0.png" style="width:1em; height:1em;" /></span><span class="url-icon"><img alt=[心] src="https://h5.sinaimg.cn/m/emoticon/icon/others/l_xin-43af9086c0.png" style="width:1em; height:1em;" /></span><span class="url-icon"><img alt=[心] src="https://h5.sinaimg.cn/m/emoticon/icon/others/l_xin-43af9086c0.png" style="width:1em; height:1em;" /></span>
猫猫殿下woo=>2023-01-08 22:26:31=>0=>2023年勇往直前！
Andy沉颜慕鸢=>2023-01-08 21:51:28=>0=><span class="url-icon"><img alt=[心] src="https://h5.sinaimg.cn/m/emoticon/icon/others/l_xin-43af9086c0.png" style="width:1em; height:1em;" /></span>
松花蛋忠实粉丝=>2023-01-08 18:31:51=>0=>勇敢追梦<span class="url-icon"><img alt="[赢牛奶]" src="https://face.t.sinajs.cn/t4/appstyle/expression/ext/normal/9c/2021_yingniunai_org.png" style="width:1em; height:1em;" /></span>
Dasseinzumtode_27=>2023-01-08 18:15:10=>0=><span class="url-icon"><img alt=[心] src="https://h5.sinaimg.cn/m/emoticon/icon/others/l_xin-43af9086c0.png" style="width:1em; height:1em;" /></span><span class="url-icon"><img alt=[心] src="https://h5.sinaimg.cn/m/emoticon/icon/others/l_xin-43af9086c0.png" style="width:1em; height:1em;" /></span><span class="url-icon"><img alt=[心] src="https://h5.sinaimg.cn/m/emoticon/icon/others/l_xin-43af9086c0.png" style="width:1em; height:1em;" /></span>
我才不是颜狗嘞=>2023-01-08 17:14:36=>0=>奔跑吧骄傲的少年
Phenomenon-KUN_=>2023-01-08 17:06:10=>0=><span class="url-icon"><img alt="[赢牛奶]" src="https://face.t.sinajs.cn/t4/appstyle/expression/ext/normal/9c/2021_yingniunai_org.png" style="width:1em; height:1em;" /></span>
指尖左右=>2023-01-08 16:58:28=>0=>青春在，动起来！青春中国
初雪听坤唱情歌=>2023-01-08 15:47:44=>0=><span class="url-icon"><img alt="[2023]" src="https://face.t.sinajs.cn/t4/appstyle/expression/ext/normal/f0/2022_2023_org.png" style="width:1em; height:1em;" /></span>梦想出发
源于半句晚安=>2023-01-08 15:19:01=>0=>加油<span class="url-icon"><img alt=[心] src="https://h5.sinaimg.cn/m/emoticon/icon/others/l_xin-43af9086c0.png" style="width:1em; height:1em;" /></span>
時團今天炸了嗎=>2023-01-08 14:22:06=>0=><span class="url-icon"><img alt="[彩虹屁]" src="https://face.t.sinajs.cn/t4/appstyle/expression/ext/normal/4b/2022_praise_org.png" style="width:1em; height:1em;" /></span>
_法师小面包=>2023-01-08 13:49:49=>0=>冲冲
火鸡面特别好吃=>2023-01-08 13:40:33=>0=>追梦路上大家加油<span class="url-icon"><img alt=[心] src="https://h5.sinaimg.cn/m/emoticon/icon/others/l_xin-43af9086c0.png" style="width:1em; height:1em;" /></span><span class="url-icon"><img alt=[心] src="https://h5.sinaimg.cn/m/emoticon/icon/others/l_xin-43af9086c0.png" style="width:1em; height:1em;" /></span><span class="url-icon"><img alt=[心] src="https://h5.sinaimg.cn/m/emoticon/icon/others/l_xin-43af9086c0.png" style="width:1em; height:1em;" /></span>
软味肉丝馅儿=>2023-01-08 11:04:21=>0=>2023<span class="url-icon"><img alt=[打call] src="https://h5.sinaimg.cn/m/emoticon/icon/default/fb_a1dacall-1e0c4593fc.png" style="width:1em; height:1em;" /></span><span class="url-icon"><img alt=[打call] src="https://h5.sinaimg.cn/m/emoticon/icon/default/fb_a1dacall-1e0c4593fc.png" style="width:1em; height:1em;" /></span>
大兒狐_MrAllen=>2023-01-08 10:39:14=>0=><span class="url-icon"><img alt="[2023]" src="https://face.t.sinajs.cn/t4/appstyle/expression/ext/normal/f0/2022_2023_org.png" style="width:1em; height:1em;" /></span>.心怀梦想出发
妹系珍猫_=>2023-01-08 10:34:08=>1=>少年强则国强<span class="url-icon"><img alt=[互粉] src="https://h5.sinaimg.cn/m/emoticon/icon/default/fa_hufen-80e364a26b.png" style="width:1em; height:1em;" /></span>
小土豆和可可派=>2023-01-08 07:56:30=>0=><span class="url-icon"><img alt=[心] src="https://h5.sinaimg.cn/m/emoticon/icon/others/l_xin-43af9086c0.png" style="width:1em; height:1em;" /></span>
冰川于山-备战高考版=>2023-01-08 07:30:28=>0=>加油！
虎徐=>2023-01-08 04:05:06=>0=>🔴🐯新年快乐🐯🔴
为尔羊_=>2023-01-08 00:48:26=>0=>少年永远在路上<span class="url-icon"><img alt=[抱抱] src="https://h5.sinaimg.cn/m/emoticon/icon/default/d_baobao-820d2c9a0f.png" style="width:1em; height:1em;" /></span>
陈酸酸酸酸酸酸酸=>2023-01-08 00:04:24=>0=><span class="url-icon"><img alt=[打call] src="https://h5.sinaimg.cn/m/emoticon/icon/default/fb_a1dacall-1e0c4593fc.png" style="width:1em; height:1em;" /></span>
吸一口魚丸丸=>2023-01-07 23:14:25=>0=><span class="url-icon"><img alt=[good] src="https://h5.sinaimg.cn/m/emoticon/icon/others/h_good-0c51afc69c.png" style="width:1em; height:1em;" /></span><span class="url-icon"><img alt=[good] src="https://h5.sinaimg.cn/m/emoticon/icon/others/h_good-0c51afc69c.png" style="width:1em; height:1em;" /></span><span class="url-icon"><img alt=[good] src="https://h5.sinaimg.cn/m/emoticon/icon/others/h_good-0c51afc69c.png" style="width:1em; height:1em;" /></span><span class="url-icon"><img alt=[good] src="https://h5.sinaimg.cn/m/emoticon/icon/others/h_good-0c51afc69c.png" style="width:1em; height:1em;" /></span><span class="url-icon"><img alt=[good] src="https://h5.sinaimg.cn/m/emoticon/icon/others/h_good-0c51afc69c.png" style="width:1em; height:1em;" /></span>
Tsang-loreki=>2023-01-07 23:14:11=>0=>向梦想出发
曾闻十方闪耀_=>2023-01-07 22:41:54=>0=>2023都要一切顺利
82号-恋坤轨迹=>2023-01-07 22:29:57=>0=>2023一起向梦想启航<span class="url-icon"><img alt="[送花花]" src="https://face.t.sinajs.cn/t4/appstyle/expression/ext/normal/cb/2022_Flowers_org.png" style="width:1em; height:1em;" /></span><span class="url-icon"><img alt="[送花花]" src="https://face.t.sinajs.cn/t4/appstyle/expression/ext/normal/cb/2022_Flowers_org.png" style="width:1em; height:1em;" /></span>
奶一口泡芙D_考研进阶版=>2023-01-07 22:17:20=>0=>2023向梦想前进
不喝酸奶了我要你=>2023-01-07 22:14:04=>0=><span class="url-icon"><img alt=[赞] src="https://h5.sinaimg.cn/m/emoticon/icon/others/h_zan-44ddc70637.png" style="width:1em; height:1em;" /></span><span class="url-icon"><img alt=[赞] src="https://h5.sinaimg.cn/m/emoticon/icon/others/h_zan-44ddc70637.png" style="width:1em; height:1em;" /></span><span class="url-icon"><img alt=[赞] src="https://h5.sinaimg.cn/m/emoticon/icon/others/h_zan-44ddc70637.png" style="width:1em; height:1em;" /></span>
dreamcai=>2023-01-07 21:52:33=>0=>向着梦想出发
粼距离接触=>2023-01-07 20:53:25=>0=>勇敢追梦
浪味小宇宙_Ning=>2023-01-07 20:24:41=>0=>2023向梦想出发
爱酱莫方-=>2023-01-07 19:22:59=>0=><span class="url-icon"><img alt=[加油] src="https://h5.sinaimg.cn/m/emoticon/icon/default/d_jiayou-a34ced0409.png" style="width:1em; height:1em;" /></span><span class="url-icon"><img alt=[加油] src="https://h5.sinaimg.cn/m/emoticon/icon/default/d_jiayou-a34ced0409.png" style="width:1em; height:1em;" /></span>
_来杯椰奶=>2023-01-07 19:10:08=>0=>做新时代青年，勇敢前行<span class="url-icon"><img alt=[加油] src="https://h5.sinaimg.cn/m/emoticon/icon/default/d_jiayou-a34ced0409.png" style="width:1em; height:1em;" /></span>
起起酱炒年糕=>2023-01-07 18:43:48=>0=>2023继续努力<span class="url-icon"><img alt=[心] src="https://h5.sinaimg.cn/m/emoticon/icon/others/l_xin-43af9086c0.png" style="width:1em; height:1em;" /></span>
朕在前往支援=>2023-01-07 17:37:54=>0=>嗯
简思愔=>2023-01-07 16:58:07=>0=><span class="url-icon"><img alt=[鲜花] src="https://h5.sinaimg.cn/m/emoticon/icon/others/w_xianhua-f902c37199.png" style="width:1em; height:1em;" /></span>
小狗作曲家_=>2023-01-07 14:32:20=>0=><span class="url-icon"><img alt=[心] src="https://h5.sinaimg.cn/m/emoticon/icon/others/l_xin-43af9086c0.png" style="width:1em; height:1em;" /></span>
飞凡芒果-璇=>2023-01-07 14:23:40=>0=>2023向梦想出发，做少年人！
快萝小t_=>2023-01-07 13:53:39=>0=>2023向梦出发<span class="url-icon"><img alt="[举手]" src="https://face.t.sinajs.cn/t4/appstyle/expression/ext/normal/fd/2022_raisehand_org.png" style="width:1em; height:1em;" /></span><span class="url-icon"><img alt="[举手]" src="https://face.t.sinajs.cn/t4/appstyle/expression/ext/normal/fd/2022_raisehand_org.png" style="width:1em; height:1em;" /></span>
吊你吗叭=>2023-01-07 12:27:45=>0=>人的一生中，最光辉的一天并非是功成名就那天，而是从悲叹与绝望中产生对人生的挑战，以勇敢迈向意志那天——居斯塔夫·福楼拜
杏奈香织=>2023-01-07 11:41:36=>0=><span class="url-icon"><img alt=[好喜欢] src="https://h5.sinaimg.cn/m/emoticon/icon/lxh/lxh_haoxihuan-51860b62e6.png" style="width:1em; height:1em;" /></span>
小碗like盆女王=>2023-01-07 11:36:35=>0=><span class="url-icon"><img alt=[心] src="https://h5.sinaimg.cn/m/emoticon/icon/others/l_xin-43af9086c0.png" style="width:1em; height:1em;" /></span><span class="url-icon"><img alt=[心] src="https://h5.sinaimg.cn/m/emoticon/icon/others/l_xin-43af9086c0.png" style="width:1em; height:1em;" /></span>
克林索尔的最后夏天-=>2023-01-07 11:35:37=>0=><span class="url-icon"><img alt=[打call] src="https://h5.sinaimg.cn/m/emoticon/icon/default/fb_a1dacall-1e0c4593fc.png" style="width:1em; height:1em;" /></span>
平凡社恐=>2023-01-07 11:32:06=>0=><span class="url-icon"><img alt=[心] src="https://h5.sinaimg.cn/m/emoticon/icon/others/l_xin-43af9086c0.png" style="width:1em; height:1em;" /></span>
浙江大学苏德矿=>2023-01-07 11:08:49=>0=>转发微博
有只小狗叫呼安=>2023-01-07 11:03:46=>1=>少年勇敢追梦
渐渐热_=>2023-01-07 09:00:21=>0=><span class="url-icon"><img alt=[赞] src="https://h5.sinaimg.cn/m/emoticon/icon/others/h_zan-44ddc70637.png" style="width:1em; height:1em;" /></span><span class="url-icon"><img alt=[赞] src="https://h5.sinaimg.cn/m/emoticon/icon/others/h_zan-44ddc70637.png" style="width:1em; height:1em;" /></span><span class="url-icon"><img alt=[赞] src="https://h5.sinaimg.cn/m/emoticon/icon/others/h_zan-44ddc70637.png" style="width:1em; height:1em;" /></span>
陪Aria看日出=>2023-01-07 08:41:23=>0=><span class="url-icon"><img alt="[举手]" src="https://face.t.sinajs.cn/t4/appstyle/expression/ext/normal/fd/2022_raisehand_org.png" style="width:1em; height:1em;" /></span>
焓宝贝--楼主夫人版=>2023-01-07 08:32:03=>0=>你若盛开，清风自来<span class="url-icon"><img alt=[微风] src="https://h5.sinaimg.cn/m/emoticon/icon/others/w_weifeng-6dce9bef03.png" style="width:1em; height:1em;" /></span><span class="url-icon"><img alt=[微风] src="https://h5.sinaimg.cn/m/emoticon/icon/others/w_weifeng-6dce9bef03.png" style="width:1em; height:1em;" /></span><span class="url-icon"><img alt=[微风] src="https://h5.sinaimg.cn/m/emoticon/icon/others/w_weifeng-6dce9bef03.png" style="width:1em; height:1em;" /></span>
小土豆和可可派=>2023-01-07 08:16:11=>0=><span class="url-icon"><img alt=[心] src="https://h5.sinaimg.cn/m/emoticon/icon/others/l_xin-43af9086c0.png" style="width:1em; height:1em;" /></span>
飞天yx__=>2023-01-07 00:59:03=>0=>2023加油
幸运非常有=>2023-01-07 00:46:02=>0=>加油
简思愔=>2023-01-07 00:43:25=>0=><span class="url-icon"><img alt=[哆啦A梦吃惊] src="https://h5.sinaimg.cn/m/emoticon/icon/doraemon/dr_01chijing-31d5542cca.png" style="width:1em; height:1em;" /></span>
加一份泡菜可可拿铁=>2023-01-07 00:17:50=>0=><span class="url-icon"><img alt=[抱抱] src="https://h5.sinaimg.cn/m/emoticon/icon/default/d_baobao-820d2c9a0f.png" style="width:1em; height:1em;" /></span>
必然会上岸=>2023-01-07 00:14:33=>0=>2023继续一起加油吧
拿着海螺的小螃蟹=>2023-01-07 00:06:51=>0=><span class="url-icon"><img alt=[心] src="https://h5.sinaimg.cn/m/emoticon/icon/others/l_xin-43af9086c0.png" style="width:1em; height:1em;" /></span>
一只184的奎=>2023-01-06 23:21:28=>0=>2023向梦想出发！<span class="url-icon"><img alt=[打call] src="https://h5.sinaimg.cn/m/emoticon/icon/default/fb_a1dacall-1e0c4593fc.png" style="width:1em; height:1em;" /></span><span class="url-icon"><img alt=[打call] src="https://h5.sinaimg.cn/m/emoticon/icon/default/fb_a1dacall-1e0c4593fc.png" style="width:1em; height:1em;" /></span><span class="url-icon"><img alt=[打call] src="https://h5.sinaimg.cn/m/emoticon/icon/default/fb_a1dacall-1e0c4593fc.png" style="width:1em; height:1em;" /></span>
幸运非常有=>2023-01-06 23:05:31=>0=>加油
曾闻十方闪耀_=>2023-01-06 22:23:53=>0=>2023继续努力
椰椰小仙女=>2023-01-06 21:50:48=>0=>2023向梦想出发
Zheng-xuanyeah=>2023-01-06 21:30:44=>0=><span class="url-icon"><img alt=[good] src="https://h5.sinaimg.cn/m/emoticon/icon/others/h_good-0c51afc69c.png" style="width:1em; height:1em;" /></span><span class="url-icon"><img alt=[good] src="https://h5.sinaimg.cn/m/emoticon/icon/others/h_good-0c51afc69c.png" style="width:1em; height:1em;" /></span><span class="url-icon"><img alt=[good] src="https://h5.sinaimg.cn/m/emoticon/icon/others/h_good-0c51afc69c.png" style="width:1em; height:1em;" /></span>
麻辣绿茶星遥=>2023-01-06 21:23:40=>0=>2023向梦想出发！
芰荷漾漾以为裳=>2023-01-06 21:15:46=>0=>向着梦想出发，要如少年版绚烂<span class="url-icon"><img alt="[哇]" src="https://face.t.sinajs.cn/t4/appstyle/expression/ext/normal/3d/2022_wow_org.png" style="width:1em; height:1em;" /></span><span class="url-icon"><img alt="[哇]" src="https://face.t.sinajs.cn/t4/appstyle/expression/ext/normal/3d/2022_wow_org.png" style="width:1em; height:1em;" /></span><span class="url-icon"><img alt="[哇]" src="https://face.t.sinajs.cn/t4/appstyle/expression/ext/normal/3d/2022_wow_org.png" style="width:1em; height:1em;" /></span>
冷玖叻=>2023-01-06 21:04:12=>0=>少年
爱吃火锅的小鱼鱼=>2023-01-06 20:49:37=>0=><span class="url-icon"><img alt=[拳头] src="https://h5.sinaimg.cn/m/emoticon/icon/others/h_quantou-81f684d5ed.png" style="width:1em; height:1em;" /></span><span class="url-icon"><img alt=[拳头] src="https://h5.sinaimg.cn/m/emoticon/icon/others/h_quantou-81f684d5ed.png" style="width:1em; height:1em;" /></span><span class="url-icon"><img alt=[拳头] src="https://h5.sinaimg.cn/m/emoticon/icon/others/h_quantou-81f684d5ed.png" style="width:1em; height:1em;" /></span>
MU_椿日醒一醒=>2023-01-06 20:34:35=>0=>2023一起勇敢前行
爱睡觉的祝小七呀=>2023-01-06 20:18:16=>0=>向梦想出发
乌龙椰青=>2023-01-06 20:13:41=>0=>2023做热血少年 向梦想出发！
WYSN-猫猫=>2023-01-06 19:33:29=>0=>2023一起加油<span class="url-icon"><img alt=[抱一抱] src="https://h5.sinaimg.cn/m/emoticon/icon/default/co_a1hug-f3910d0e88.png" style="width:1em; height:1em;" /></span>
可爱巴拉隆=>2023-01-06 18:41:05=>0=>2023一起勇敢前行！加油！<span class="url-icon"><img alt=[打call] src="https://h5.sinaimg.cn/m/emoticon/icon/default/fb_a1dacall-1e0c4593fc.png" style="width:1em; height:1em;" /></span>
小王家的娜娜=>2023-01-06 14:59:42=>0=>向梦想出发
纸小千a=>2023-01-06 14:38:55=>0=>2023加油
西瓜_养乐多=>2023-01-06 14:18:05=>0=>向梦想出发<span class="url-icon"><img alt=[加油] src="https://h5.sinaimg.cn/m/emoticon/icon/default/d_jiayou-a34ced0409.png" style="width:1em; height:1em;" /></span><span class="url-icon"><img alt=[加油] src="https://h5.sinaimg.cn/m/emoticon/icon/default/d_jiayou-a34ced0409.png" style="width:1em; height:1em;" /></span><span class="url-icon"><img alt=[加油] src="https://h5.sinaimg.cn/m/emoticon/icon/default/d_jiayou-a34ced0409.png" style="width:1em; height:1em;" /></span><span class="url-icon"><img alt=[加油] src="https://h5.sinaimg.cn/m/emoticon/icon/default/d_jiayou-a34ced0409.png" style="width:1em; height:1em;" /></span>
拿着海螺的小螃蟹=>2023-01-06 13:38:00=>0=><span class="url-icon"><img alt=[心] src="https://h5.sinaimg.cn/m/emoticon/icon/others/l_xin-43af9086c0.png" style="width:1em; height:1em;" /></span>
不喝酸奶了我要你=>2023-01-06 12:42:29=>0=><span class="url-icon"><img alt=[羞嗒嗒] src="https://h5.sinaimg.cn/m/emoticon/icon/lxh/lxh_xiudada-e99552ddb3.png" style="width:1em; height:1em;" /></span><span class="url-icon"><img alt=[羞嗒嗒] src="https://h5.sinaimg.cn/m/emoticon/icon/lxh/lxh_xiudada-e99552ddb3.png" style="width:1em; height:1em;" /></span>
椰云黎刈野-=>2023-01-06 12:22:46=>0=>2023怀梦远行
墨娴乐乐=>2023-01-06 11:56:15=>0=>加油<span class="url-icon"><img alt=[心] src="https://h5.sinaimg.cn/m/emoticon/icon/others/l_xin-43af9086c0.png" style="width:1em; height:1em;" /></span><span class="url-icon"><img alt=[心] src="https://h5.sinaimg.cn/m/emoticon/icon/others/l_xin-43af9086c0.png" style="width:1em; height:1em;" /></span>
大鼓烧圆包=>2023-01-06 11:51:18=>0=>2023加油<span class="url-icon"><img alt="[开学季]" src="https://face.t.sinajs.cn/t4/appstyle/expression/ext/normal/72/2021_kaixueji_org.png" style="width:1em; height:1em;" /></span>
朕在前往支援=>2023-01-06 11:14:34=>0=>wow
奶香味的露思呀=>2023-01-06 11:02:09=>0=><span class="url-icon"><img alt=[心] src="https://h5.sinaimg.cn/m/emoticon/icon/others/l_xin-43af9086c0.png" style="width:1em; height:1em;" /></span>
dreamcai=>2023-01-06 09:17:43=>0=>去闯吧，少年！！
·年豆豆·=>2023-01-06 08:45:37=>0=>少年们勇敢追梦！
我担早已在Next_level=>2023-01-06 08:34:08=>0=>勇敢追梦！
是个小迷糊芽=>2023-01-06 08:11:27=>0=>2023向梦想出发
祎笑倾城_=>2023-01-06 08:07:36=>0=>加油
点一杯巧克力加冰=>2023-01-06 07:46:31=>0=>不忘初心，勇敢前行！新征程我们并肩<span class="url-icon"><img alt=[打call] src="https://h5.sinaimg.cn/m/emoticon/icon/default/fb_a1dacall-1e0c4593fc.png" style="width:1em; height:1em;" /></span>
光影下的盛夏光年是异想记=>2023-01-06 01:46:01=>0=><span class="url-icon"><img alt=[泪] src="https://h5.sinaimg.cn/m/emoticon/icon/default/d_lei-4cdf6ee412.png" style="width:1em; height:1em;" /></span>
鷰樂=>2023-01-06 00:32:31=>0=>轉發微博
妹力小提=>2023-01-06 00:20:09=>0=>向萌出发
加一份泡菜可可拿铁=>2023-01-06 00:07:42=>0=><span class="url-icon"><img alt=[心] src="https://h5.sinaimg.cn/m/emoticon/icon/others/l_xin-43af9086c0.png" style="width:1em; height:1em;" /></span>
洱涷亦是宸=>2023-01-05 23:40:23=>0=>少年，加油！
酸酸是个小甜甜=>2023-01-05 23:34:54=>0=>你若盛开，蝴蝶自来
夏至唯拥抱最重要=>2023-01-05 23:33:18=>0=><span class="url-icon"><img alt=[抱一抱] src="https://h5.sinaimg.cn/m/emoticon/icon/default/co_a1hug-f3910d0e88.png" style="width:1em; height:1em;" /></span>
暴躁的三角形=>2023-01-05 23:32:58=>0=>2023向梦想出发
源源不是圈圈QUEEN=>2023-01-05 23:28:25=>0=>少年去追梦吧！
渐渐热_=>2023-01-05 22:45:59=>0=><span class="url-icon"><img alt=[赞] src="https://h5.sinaimg.cn/m/emoticon/icon/others/h_zan-44ddc70637.png" style="width:1em; height:1em;" /></span><span class="url-icon"><img alt=[赞] src="https://h5.sinaimg.cn/m/emoticon/icon/others/h_zan-44ddc70637.png" style="width:1em; height:1em;" /></span><span class="url-icon"><img alt=[赞] src="https://h5.sinaimg.cn/m/emoticon/icon/others/h_zan-44ddc70637.png" style="width:1em; height:1em;" /></span>
丨悲伤小猫丨=>2023-01-05 22:23:36=>0=>2023去闯 去盛开<span class="url-icon"><img alt=[好爱哦] src="https://h5.sinaimg.cn/m/emoticon/icon/lxh/lxh_haoaio-bd64a94751.png" style="width:1em; height:1em;" /></span>
Alisa-tolove=>2023-01-05 22:18:10=>0=>去奔跑吧，趁青春
康娜米哒=>2023-01-05 22:05:24=>0=>晚安<span class="url-icon"><img alt=[抱一抱] src="https://h5.sinaimg.cn/m/emoticon/icon/default/co_a1hug-f3910d0e88.png" style="width:1em; height:1em;" /></span><span class="url-icon"><img alt=[抱一抱] src="https://h5.sinaimg.cn/m/emoticon/icon/default/co_a1hug-f3910d0e88.png" style="width:1em; height:1em;" /></span>
Euuu_97=>2023-01-05 21:56:20=>0=>2023向梦想出发！<span class="url-icon"><img alt=[打call] src="https://h5.sinaimg.cn/m/emoticon/icon/default/fb_a1dacall-1e0c4593fc.png" style="width:1em; height:1em;" /></span><span class="url-icon"><img alt=[打call] src="https://h5.sinaimg.cn/m/emoticon/icon/default/fb_a1dacall-1e0c4593fc.png" style="width:1em; height:1em;" /></span><span class="url-icon"><img alt=[打call] src="https://h5.sinaimg.cn/m/emoticon/icon/default/fb_a1dacall-1e0c4593fc.png" style="width:1em; height:1em;" /></span>
半盆桔只=>2023-01-05 21:45:19=>0=>加油<span class="url-icon"><img alt="[赢牛奶]" src="https://face.t.sinajs.cn/t4/appstyle/expression/ext/normal/9c/2021_yingniunai_org.png" style="width:1em; height:1em;" /></span>
幸运非常有=>2023-01-05 21:34:49=>0=>加油
蝴蝶快飞Peach=>2023-01-05 21:26:06=>0=><span class="url-icon"><img alt=[偷乐] src="https://h5.sinaimg.cn/m/emoticon/icon/lxh/lxh_toule-244c58c525.png" style="width:1em; height:1em;" /></span><span class="url-icon"><img alt=[偷乐] src="https://h5.sinaimg.cn/m/emoticon/icon/lxh/lxh_toule-244c58c525.png" style="width:1em; height:1em;" /></span><span class="url-icon"><img alt=[偷乐] src="https://h5.sinaimg.cn/m/emoticon/icon/lxh/lxh_toule-244c58c525.png" style="width:1em; height:1em;" /></span>
草莓蛋糕味的琳琳=>2023-01-05 21:11:38=>0=>2023一起加油<span class="url-icon"><img alt=[憧憬] src="https://h5.sinaimg.cn/m/emoticon/icon/default/d_xingxingyan-c64b6a744b.png" style="width:1em; height:1em;" /></span>
冬日訴吻提=>2023-01-05 20:25:32=>0=>少年当自强'
山月序章=>2023-01-05 20:10:36=>0=>2023向梦想出发！<span class="url-icon"><img alt=[打call] src="https://h5.sinaimg.cn/m/emoticon/icon/default/fb_a1dacall-1e0c4593fc.png" style="width:1em; height:1em;" /></span><span class="url-icon"><img alt=[打call] src="https://h5.sinaimg.cn/m/emoticon/icon/default/fb_a1dacall-1e0c4593fc.png" style="width:1em; height:1em;" /></span><span class="url-icon"><img alt=[打call] src="https://h5.sinaimg.cn/m/emoticon/icon/default/fb_a1dacall-1e0c4593fc.png" style="width:1em; height:1em;" /></span>
小禾君不俊=>2023-01-05 19:25:10=>0=>去闯，去盛开
FFFlipped----=>2023-01-05 18:52:35=>0=>新的一年，愿大家都如少年般绚丽，勇敢奔赴下一场山海！<span class="url-icon"><img alt=[打call] src="https://h5.sinaimg.cn/m/emoticon/icon/default/fb_a1dacall-1e0c4593fc.png" style="width:1em; height:1em;" /></span><span class="url-icon"><img alt=[打call] src="https://h5.sinaimg.cn/m/emoticon/icon/default/fb_a1dacall-1e0c4593fc.png" style="width:1em; height:1em;" /></span>
叫我姨妈太好了=>2023-01-05 18:38:10=>0=>去闯去盛开<span class="url-icon"><img alt="[春游家族]" src="https://face.t.sinajs.cn/t4/appstyle/expression/ext/normal/b6/2021_YoungFamily_org.png" style="width:1em; height:1em;" /></span>
朕在前往支援=>2023-01-05 18:07:58=>0=><span class="url-icon"><img alt=[心] src="https://h5.sinaimg.cn/m/emoticon/icon/others/l_xin-43af9086c0.png" style="width:1em; height:1em;" /></span><span class="url-icon"><img alt=[裂开] src="https://h5.sinaimg.cn/m/emoticon/icon/default/fc_liekai-9df295d44f.png" style="width:1em; height:1em;" /></span>
朕在前往支援=>2023-01-05 18:07:39=>0=><span class="url-icon"><img alt=[心] src="https://h5.sinaimg.cn/m/emoticon/icon/others/l_xin-43af9086c0.png" style="width:1em; height:1em;" /></span>
池苔让我做他妻=>2023-01-05 17:59:41=>0=>2023向梦想出发
_Crisstrawberry=>2023-01-05 17:30:10=>1=>💪🏻💪🏻💪🏻
春弦笙=>2023-01-05 17:25:49=>0=>嘎嘎嘎
JJLin-重拾快乐版=>2023-01-05 17:02:31=>0=>加油<span class="url-icon"><img alt="[2023]" src="https://face.t.sinajs.cn/t4/appstyle/expression/ext/normal/f0/2022_2023_org.png" style="width:1em; height:1em;" /></span>
浙江大学苏德矿=>2023-01-05 16:24:14=>0=>转发微博
来年在野=>2023-01-05 15:50:58=>0=>愿新的一年爱与勇气作伴加油<span class="url-icon"><img alt=[打call] src="https://h5.sinaimg.cn/m/emoticon/icon/default/fb_a1dacall-1e0c4593fc.png" style="width:1em; height:1em;" /></span>
娅妠大大=>2023-01-05 15:30:28=>0=><span class="url-icon"><img alt="[2023]" src="https://face.t.sinajs.cn/t4/appstyle/expression/ext/normal/f0/2022_2023_org.png" style="width:1em; height:1em;" /></span>向梦想出发
爱酱莫方-=>2023-01-05 15:14:09=>0=><span class="url-icon"><img alt=[加油] src="https://h5.sinaimg.cn/m/emoticon/icon/default/d_jiayou-a34ced0409.png" style="width:1em; height:1em;" /></span>
金狗拜_=>2023-01-05 14:35:20=>0=><span class="url-icon"><img alt=[心] src="https://h5.sinaimg.cn/m/emoticon/icon/others/l_xin-43af9086c0.png" style="width:1em; height:1em;" /></span>
树读k-=>2023-01-05 14:26:48=>0=><span class="url-icon"><img alt="[2023]" src="https://face.t.sinajs.cn/t4/appstyle/expression/ext/normal/f0/2022_2023_org.png" style="width:1em; height:1em;" /></span>
爱霖人-=>2023-01-05 14:13:15=>0=><span class="url-icon"><img alt=[打call] src="https://h5.sinaimg.cn/m/emoticon/icon/default/fb_a1dacall-1e0c4593fc.png" style="width:1em; height:1em;" /></span><span class="url-icon"><img alt=[打call] src="https://h5.sinaimg.cn/m/emoticon/icon/default/fb_a1dacall-1e0c4593fc.png" style="width:1em; height:1em;" /></span>
选择自由-=>2023-01-05 12:01:09=>0=>向梦想出发！<span class="url-icon"><img alt=[打call] src="https://h5.sinaimg.cn/m/emoticon/icon/default/fb_a1dacall-1e0c4593fc.png" style="width:1em; height:1em;" /></span><span class="url-icon"><img alt=[打call] src="https://h5.sinaimg.cn/m/emoticon/icon/default/fb_a1dacall-1e0c4593fc.png" style="width:1em; height:1em;" /></span>
椿日颂笺=>2023-01-05 11:44:13=>0=>为梦想出发<span class="url-icon"><img alt="[锦鲤附体]" src="https://face.t.sinajs.cn/t4/appstyle/expression/ext/normal/30/2022_Koi_org.png" style="width:1em; height:1em;" /></span>
赵-Pear=>2023-01-05 11:20:39=>0=>冲冲冲
汀tin_0219=>2023-01-22 18:08:24=>0=><span class="url-icon"><img alt=[打call] src="https://h5.sinaimg.cn/m/emoticon/icon/default/fb_a1dacall-1e0c4593fc.png" style="width:1em; height:1em;" /></span>
汀tin_0219=>2023-01-21 01:29:35=>0=><span class="url-icon"><img alt=[抱一抱] src="https://h5.sinaimg.cn/m/emoticon/icon/default/co_a1hug-f3910d0e88.png" style="width:1em; height:1em;" /></span><span class="url-icon"><img alt=[抱一抱] src="https://h5.sinaimg.cn/m/emoticon/icon/default/co_a1hug-f3910d0e88.png" style="width:1em; height:1em;" /></span>
蜡笔小汀0219=>2023-01-21 01:18:58=>0=><span class="url-icon"><img alt="[彩虹屁]" src="https://face.t.sinajs.cn/t4/appstyle/expression/ext/normal/4b/2022_praise_org.png" style="width:1em; height:1em;" /></span>
汀tin_0219=>2023-01-20 20:39:10=>0=><span class="url-icon"><img alt=[兔子] src="https://h5.sinaimg.cn/m/emoticon/icon/others/d_tuzi-d2b0222faa.png" style="width:1em; height:1em;" /></span><span class="url-icon"><img alt=[兔子] src="https://h5.sinaimg.cn/m/emoticon/icon/others/d_tuzi-d2b0222faa.png" style="width:1em; height:1em;" /></span>
蜡笔小汀0219=>2023-01-20 20:25:48=>0=><span class="url-icon"><img alt=[求关注] src="https://h5.sinaimg.cn/m/emoticon/icon/lxh/lxh_qiuguanzhu-d5e122b2f6.png" style="width:1em; height:1em;" /></span>
汀tin_0219=>2023-01-18 14:54:20=>0=><span class="url-icon"><img alt=[抱一抱] src="https://h5.sinaimg.cn/m/emoticon/icon/default/co_a1hug-f3910d0e88.png" style="width:1em; height:1em;" /></span><span class="url-icon"><img alt=[抱一抱] src="https://h5.sinaimg.cn/m/emoticon/icon/default/co_a1hug-f3910d0e88.png" style="width:1em; height:1em;" /></span>
-不快乐要急救-=>2023-01-17 23:46:20=>0=>热血沸腾！2023一定会更加美好！
汀tin_0219=>2023-01-17 01:55:57=>0=><span class="url-icon"><img alt=[好喜欢] src="https://h5.sinaimg.cn/m/emoticon/icon/lxh/lxh_haoxihuan-51860b62e6.png" style="width:1em; height:1em;" /></span><span class="url-icon"><img alt=[好喜欢] src="https://h5.sinaimg.cn/m/emoticon/icon/lxh/lxh_haoxihuan-51860b62e6.png" style="width:1em; height:1em;" /></span><span class="url-icon"><img alt=[好喜欢] src="https://h5.sinaimg.cn/m/emoticon/icon/lxh/lxh_haoxihuan-51860b62e6.png" style="width:1em; height:1em;" /></span>
蜡笔小汀0219=>2023-01-17 01:52:49=>0=><span class="url-icon"><img alt=[哈哈] src="https://h5.sinaimg.cn/m/emoticon/icon/default/d_haha-0ec05e6dad.png" style="width:1em; height:1em;" /></span><span class="url-icon"><img alt=[哈哈] src="https://h5.sinaimg.cn/m/emoticon/icon/default/d_haha-0ec05e6dad.png" style="width:1em; height:1em;" /></span>
薄荷糖味的浣熊Seven=>2023-01-16 13:19:25=>0=><span class="url-icon"><img alt=[喵喵] src="https://h5.sinaimg.cn/m/emoticon/icon/others/d_miao-c1b3d563bd.png" style="width:1em; height:1em;" /></span>
汀tin_0219=>2023-01-16 01:00:25=>0=><span class="url-icon"><img alt=[嘻嘻] src="https://h5.sinaimg.cn/m/emoticon/icon/default/d_xixi-643ef6e48d.png" style="width:1em; height:1em;" /></span>
汀tin_0219=>2023-01-15 17:23:04=>0=><span class="url-icon"><img alt=[兔子] src="https://h5.sinaimg.cn/m/emoticon/icon/others/d_tuzi-d2b0222faa.png" style="width:1em; height:1em;" /></span><span class="url-icon"><img alt=[兔子] src="https://h5.sinaimg.cn/m/emoticon/icon/others/d_tuzi-d2b0222faa.png" style="width:1em; height:1em;" /></span>
日落不及汀_0219=>2023-01-12 14:23:10=>0=><span class="url-icon"><img alt=[好喜欢] src="https://h5.sinaimg.cn/m/emoticon/icon/lxh/lxh_haoxihuan-51860b62e6.png" style="width:1em; height:1em;" /></span>
恋昊进行曲_0219=>2023-01-12 14:16:38=>0=><span class="url-icon"><img alt="[彩虹屁]" src="https://face.t.sinajs.cn/t4/appstyle/expression/ext/normal/4b/2022_praise_org.png" style="width:1em; height:1em;" /></span>
把爱留给昊_0219=>2023-01-12 14:07:48=>0=><span class="url-icon"><img alt=[打call] src="https://h5.sinaimg.cn/m/emoticon/icon/default/fb_a1dacall-1e0c4593fc.png" style="width:1em; height:1em;" /></span><span class="url-icon"><img alt=[打call] src="https://h5.sinaimg.cn/m/emoticon/icon/default/fb_a1dacall-1e0c4593fc.png" style="width:1em; height:1em;" /></span>
忘记汀你说_0219=>2023-01-12 13:59:35=>0=><span class="url-icon"><img alt="[开学季]" src="https://face.t.sinajs.cn/t4/appstyle/expression/ext/normal/72/2021_kaixueji_org.png" style="width:1em; height:1em;" /></span><span class="url-icon"><img alt="[开学季]" src="https://face.t.sinajs.cn/t4/appstyle/expression/ext/normal/72/2021_kaixueji_org.png" style="width:1em; height:1em;" /></span>
汀你说爱我_0219=>2023-01-12 13:53:19=>0=><span class="url-icon"><img alt="[开学季]" src="https://face.t.sinajs.cn/t4/appstyle/expression/ext/normal/72/2021_kaixueji_org.png" style="width:1em; height:1em;" /></span>
汀tin_0219=>2023-01-12 13:43:09=>0=><span class="url-icon"><img alt=[哈哈] src="https://h5.sinaimg.cn/m/emoticon/icon/default/d_haha-0ec05e6dad.png" style="width:1em; height:1em;" /></span><span class="url-icon"><img alt=[哈哈] src="https://h5.sinaimg.cn/m/emoticon/icon/default/d_haha-0ec05e6dad.png" style="width:1em; height:1em;" /></span>
汀tin_0219=>2023-01-11 16:37:35=>0=><span class="url-icon"><img alt=[心] src="https://h5.sinaimg.cn/m/emoticon/icon/others/l_xin-43af9086c0.png" style="width:1em; height:1em;" /></span>
