小强就是水煮鱼=>2023-01-10 17:30:03=>207=>看到转过身的缉毒、隐蔽战线、国安警察，内心充满感动和敬佩，也有些心酸。<span class="url-icon"><img alt=[good] src="https://h5.sinaimg.cn/m/emoticon/icon/others/h_good-0c51afc69c.png" style="width:1em; height:1em;" /></span><span class="url-icon"><img alt=[good] src="https://h5.sinaimg.cn/m/emoticon/icon/others/h_good-0c51afc69c.png" style="width:1em; height:1em;" /></span>
焱熙-Cibola=>2023-01-10 18:53:19=>97=>看到缉毒警他们都是背影我瞬间哭了<span class="url-icon"><img alt="[苦涩]" src="https://face.t.sinajs.cn/t4/appstyle/expression/ext/normal/7e/2021_bitter_org.png" style="width:1em; height:1em;" /></span>
火山休眠中=>2023-01-10 17:19:36=>101=>认真看过了，对中国警察多一点了解了
酷炫狂拽凌赤赤z=>2023-01-10 17:27:04=>24=>涨知识啊
收藏夏风=>2023-01-10 17:17:53=>12=>警察节，致敬！
海丶BG=>2023-01-10 18:31:21=>8=>缉毒，国安警察，公安隐藏防线 令人泪目<span class="url-icon"><img alt=[泪] src="https://h5.sinaimg.cn/m/emoticon/icon/default/d_lei-4cdf6ee412.png" style="width:1em; height:1em;" /></span><span class="url-icon"><img alt=[泪] src="https://h5.sinaimg.cn/m/emoticon/icon/default/d_lei-4cdf6ee412.png" style="width:1em; height:1em;" /></span><span class="url-icon"><img alt=[泪] src="https://h5.sinaimg.cn/m/emoticon/icon/default/d_lei-4cdf6ee412.png" style="width:1em; height:1em;" /></span>
谢黄小菜包=>2023-01-10 17:26:48=>7=>涨知识了<span class="url-icon"><img alt=[心] src="https://h5.sinaimg.cn/m/emoticon/icon/others/l_xin-43af9086c0.png" style="width:1em; height:1em;" /></span>
AP嘟嘟=>2023-01-10 18:52:34=>7=>缉毒警察和公安隐蔽战线背过去了好细节<span class="url-icon"><img alt=[泪] src="https://h5.sinaimg.cn/m/emoticon/icon/default/d_lei-4cdf6ee412.png" style="width:1em; height:1em;" /></span>
假装清纯中=>2023-01-10 17:18:56=>6=>学到啦！致敬
铁甲蛋饼=>2023-01-10 19:56:05=>1=>好的
你脑子被烧了=>2023-01-10 17:24:17=>2=>涨知识了，好多
zhym09_小胡=>2023-01-10 17:18:26=>2=>节日快乐<span class="url-icon"><img alt=[哈哈] src="https://h5.sinaimg.cn/m/emoticon/icon/default/d_haha-0ec05e6dad.png" style="width:1em; height:1em;" /></span>
小多多团子=>2023-01-10 17:17:11=>1=>涨知识了<span class="url-icon"><img alt=[鲜花] src="https://h5.sinaimg.cn/m/emoticon/icon/others/w_xianhua-f902c37199.png" style="width:1em; height:1em;" /></span>
金姬苏我的甜心小宝贝=>2023-01-10 17:16:43=>2=>学到啦<span class="url-icon"><img alt="[干饭人]" src="https://face.t.sinajs.cn/t4/appstyle/expression/ext/normal/cb/2022_Foodie_org.png" style="width:1em; height:1em;" /></span>
没吃饱不能当小猪_=>2023-01-10 17:15:33=>1=>致敬 辛苦啦
浪漫循环-=>2023-01-10 18:09:00=>1=>涨知识
食物者老徐=>2023-01-10 19:36:59=>2=>是我漏看了吗？有没有海警<span class="url-icon"><img alt=[污] src="https://h5.sinaimg.cn/m/emoticon/icon/default/d_wu-374e5572e8.png" style="width:1em; height:1em;" /></span>
困啊真困啊咋这么困捏=>2023-01-10 18:18:43=>1=>致敬
喜之狼过冬LYW=>2023-01-10 17:45:00=>1=>涨知识啦！致敬<span class="url-icon"><img alt="[送花花]" src="https://face.t.sinajs.cn/t4/appstyle/expression/ext/normal/cb/2022_Flowers_org.png" style="width:1em; height:1em;" /></span>
花花画源源=>2023-01-10 17:20:16=>1=>节日快乐！
拜托请不要再氪了=>2023-01-10 17:15:31=>1=>居然有这么多！
炡次元时空=>2023-01-11 08:56:07=>0=>警察节快乐<span class="url-icon"><img alt=[微风] src="https://h5.sinaimg.cn/m/emoticon/icon/others/w_weifeng-6dce9bef03.png" style="width:1em; height:1em;" /></span>
尤尼kegy=>2023-01-11 01:18:10=>0=>伟大的人<span class="url-icon"><img alt=[打call] src="https://h5.sinaimg.cn/m/emoticon/icon/default/fb_a1dacall-1e0c4593fc.png" style="width:1em; height:1em;" /></span>
动感锋尚DPsFPsCN=>2023-01-10 23:17:07=>0=>【<a  href="https://m.weibo.cn/search?containerid=231522type%3D1%26t%3D10%26q%3D%23%E4%B8%AD%E5%9B%BD%E8%AD%A6%E5%AF%9F%E5%85%A8%E8%AD%A6%E7%A7%8D%E5%9B%BE%E9%89%B4%23&extparam=%23%E4%B8%AD%E5%9B%BD%E8%AD%A6%E5%AF%9F%E5%85%A8%E8%AD%A6%E7%A7%8D%E5%9B%BE%E9%89%B4%23" data-hide=""><span class="surl-text">#中国警察全警种图鉴#</span></a>来了<span class="url-icon"><img alt=[威武] src="https://h5.sinaimg.cn/m/emoticon/icon/others/f_v5-bbd6f199c2.png" style="width:1em; height:1em;" /></span>】
停云雾霭霭=>2023-01-10 23:13:12=>0=>沃欧
海神de准新娘_=>2023-01-10 22:53:50=>0=><span class="url-icon"><img alt=[心] src="https://h5.sinaimg.cn/m/emoticon/icon/others/l_xin-43af9086c0.png" style="width:1em; height:1em;" /></span>
Persistence_ZXC=>2023-01-10 22:45:49=>0=>我比较喜欢环食药的警察<span class="url-icon"><img alt=[哈哈] src="https://h5.sinaimg.cn/m/emoticon/icon/default/d_haha-0ec05e6dad.png" style="width:1em; height:1em;" /></span>，当然其他警种也都喜欢，但对环食药比较好奇一些
VV-HUAN=>2023-01-10 21:18:27=>0=>转发微博
璀璨河北=>2023-01-10 20:52:14=>0=>转发微博
小郑小郑-颜值超正=>2023-01-10 20:04:30=>0=>嗯！
那年夏天一眼万年199306=>2023-01-10 20:01:09=>0=>中国警察全警种图鉴‼️
小钟想不出艾迪名=>2023-01-10 19:40:20=>0=>缉毒警察的背影<span class="url-icon"><img alt=[心] src="https://h5.sinaimg.cn/m/emoticon/icon/others/l_xin-43af9086c0.png" style="width:1em; height:1em;" /></span><span class="url-icon"><img alt=[心] src="https://h5.sinaimg.cn/m/emoticon/icon/others/l_xin-43af9086c0.png" style="width:1em; height:1em;" /></span>
微夏欢颜=>2023-01-10 19:40:19=>0=>警察节快乐！
江南夜曳=>2023-01-10 19:20:51=>0=>向每一位警察致敬！
AI孙国英=>2023-01-10 19:17:46=>0=>你知道吗？【我国有多少警种？<a  href="https://m.weibo.cn/search?containerid=231522type%3D1%26t%3D10%26q%3D%23%E4%B8%AD%E5%9B%BD%E8%AD%A6%E5%AF%9F%E5%85%A8%E8%AD%A6%E7%A7%8D%E5%9B%BE%E9%89%B4%23&extparam=%23%E4%B8%AD%E5%9B%BD%E8%AD%A6%E5%AF%9F%E5%85%A8%E8%AD%A6%E7%A7%8D%E5%9B%BE%E9%89%B4%23" data-hide=""><span class="surl-text">#中国警察全警种图鉴#</span></a>来了<span class="url-icon"><img alt=[威武] src="https://h5.sinaimg.cn/m/emoticon/icon/others/f_v5-bbd6f199c2.png" style="width:1em; height:1em;" /></span>】
粘人精瑶瑶呀=>2023-01-10 19:16:26=>0=>好多种类！
META馒头=>2023-01-10 19:11:21=>0=>警察节，节日快乐<span class="url-icon"><img alt=[心] src="https://h5.sinaimg.cn/m/emoticon/icon/others/l_xin-43af9086c0.png" style="width:1em; height:1em;" /></span>
清君侧dk=>2023-01-10 19:10:40=>0=>辅警
我是归止=>2023-01-10 18:57:24=>0=>节日快乐！
祈愿_Lime=>2023-01-10 18:57:09=>0=><span class="url-icon"><img alt=[good] src="https://h5.sinaimg.cn/m/emoticon/icon/others/h_good-0c51afc69c.png" style="width:1em; height:1em;" /></span><span class="url-icon"><img alt=[good] src="https://h5.sinaimg.cn/m/emoticon/icon/others/h_good-0c51afc69c.png" style="width:1em; height:1em;" /></span><span class="url-icon"><img alt=[good] src="https://h5.sinaimg.cn/m/emoticon/icon/others/h_good-0c51afc69c.png" style="width:1em; height:1em;" /></span>
东边日出西边雨女士=>2023-01-10 18:48:26=>0=>好多啊
东边日出西边雨女士=>2023-01-10 18:48:10=>0=>涨知识了<span class="url-icon"><img alt=[good] src="https://h5.sinaimg.cn/m/emoticon/icon/others/h_good-0c51afc69c.png" style="width:1em; height:1em;" /></span>
Maggie迈=>2023-01-10 18:38:28=>0=>中国警察全警种图鉴
菲儿200709=>2023-01-10 18:34:05=>0=>学到啦
顾铉柒=>2023-01-10 18:31:17=>0=>我家有位法医<span class="url-icon"><img alt=[赞] src="https://h5.sinaimg.cn/m/emoticon/icon/others/h_zan-44ddc70637.png" style="width:1em; height:1em;" /></span>
可可可可可可你猜有几个可=>2023-01-10 18:30:10=>0=>哇
陌上清浅-=>2023-01-10 18:17:03=>0=>致敬！
对不起我不装了=>2023-01-10 17:55:10=>0=>了解<span class="url-icon"><img alt=[赞] src="https://h5.sinaimg.cn/m/emoticon/icon/others/h_zan-44ddc70637.png" style="width:1em; height:1em;" /></span><span class="url-icon"><img alt=[赞] src="https://h5.sinaimg.cn/m/emoticon/icon/others/h_zan-44ddc70637.png" style="width:1em; height:1em;" /></span><span class="url-icon"><img alt=[赞] src="https://h5.sinaimg.cn/m/emoticon/icon/others/h_zan-44ddc70637.png" style="width:1em; height:1em;" /></span>
lucky_鹿角巷=>2023-01-10 17:42:27=>0=>收图涨知识<span class="url-icon"><img alt=[抱一抱] src="https://h5.sinaimg.cn/m/emoticon/icon/default/co_a1hug-f3910d0e88.png" style="width:1em; height:1em;" /></span>
蓝葡提子=>2023-01-10 17:41:10=>0=>涨知识了！<span class="url-icon"><img alt=[馋嘴] src="https://h5.sinaimg.cn/m/emoticon/icon/default/d_chanzui-fc1acc341b.png" style="width:1em; height:1em;" /></span>
冰糖狐奶豆=>2023-01-10 17:40:03=>0=>节日快乐<span class="url-icon"><img alt=[赞] src="https://h5.sinaimg.cn/m/emoticon/icon/others/h_zan-44ddc70637.png" style="width:1em; height:1em;" /></span>
我是你的一块扣肉=>2023-01-10 17:38:31=>0=><span class="url-icon"><img alt=[打call] src="https://h5.sinaimg.cn/m/emoticon/icon/default/fb_a1dacall-1e0c4593fc.png" style="width:1em; height:1em;" /></span>
猫猫不爱撒娇_=>2023-01-10 17:37:14=>0=>涨知识了，致敬
有鱼池=>2023-01-10 17:36:45=>0=>节日快乐！👮🏻♂️👮🏻👮🏻♀️
桜井春绘=>2023-01-10 17:36:38=>0=>学到了
SnowMan-远舟=>2023-01-10 17:32:42=>0=>涨知识啦<span class="url-icon"><img alt="[开学季]" src="https://face.t.sinajs.cn/t4/appstyle/expression/ext/normal/72/2021_kaixueji_org.png" style="width:1em; height:1em;" /></span>
丶画楼丶=>2023-01-10 17:32:06=>1=>致敬
钰善于良=>2023-01-10 17:29:59=>0=>节日快乐！
炽凯=>2023-01-10 17:29:12=>0=>涨知识了<span class="url-icon"><img alt=[good] src="https://h5.sinaimg.cn/m/emoticon/icon/others/h_good-0c51afc69c.png" style="width:1em; height:1em;" /></span>
暴躁的吐司猫=>2023-01-10 17:28:07=>0=><span class="url-icon"><img alt=[鲜花] src="https://h5.sinaimg.cn/m/emoticon/icon/others/w_xianhua-f902c37199.png" style="width:1em; height:1em;" /></span>
初春时悸动_要瘦到一百斤版=>2023-01-10 17:27:53=>0=>学到了
猫猫可爱不=>2023-01-10 17:25:52=>0=>哇<span class="url-icon"><img alt=[哆啦A梦害怕] src="https://h5.sinaimg.cn/m/emoticon/icon/doraemon/dr_03haipa-32e9b53caf.png" style="width:1em; height:1em;" /></span><span class="url-icon"><img alt=[哆啦A梦害怕] src="https://h5.sinaimg.cn/m/emoticon/icon/doraemon/dr_03haipa-32e9b53caf.png" style="width:1em; height:1em;" /></span><span class="url-icon"><img alt=[哆啦A梦害怕] src="https://h5.sinaimg.cn/m/emoticon/icon/doraemon/dr_03haipa-32e9b53caf.png" style="width:1em; height:1em;" /></span> 学到了！！！
天蝎祎971120=>2023-01-10 17:25:02=>0=>致敬<span class="url-icon"><img alt=[心] src="https://h5.sinaimg.cn/m/emoticon/icon/others/l_xin-43af9086c0.png" style="width:1em; height:1em;" /></span>
-Anthology-烟花=>2023-01-10 17:22:50=>0=>辛苦了，致敬！
芭比娃娃的binggan_=>2023-01-10 17:22:04=>0=>致敬<span class="url-icon"><img alt=[心] src="https://h5.sinaimg.cn/m/emoticon/icon/others/l_xin-43af9086c0.png" style="width:1em; height:1em;" /></span>
7只猫a=>2023-01-10 17:21:29=>0=>学到啦
枝枝禹眠=>2023-01-10 17:20:57=>0=>致敬
你楞个天真啊=>2023-01-10 17:20:17=>0=>学到了<span class="url-icon"><img alt="[报税]" src="https://face.t.sinajs.cn/t4/appstyle/expression/ext/normal/0f/2022_baoshui_org.png" style="width:1em; height:1em;" /></span>
lily风不懂叶美=>2023-01-10 17:17:27=>0=>致敬！<span class="url-icon"><img alt=[心] src="https://h5.sinaimg.cn/m/emoticon/icon/others/l_xin-43af9086c0.png" style="width:1em; height:1em;" /></span>
Kawa_jc=>2023-01-10 17:16:33=>0=>致敬
半枝瓶子=>2023-01-10 17:16:12=>0=>学到了<span class="url-icon"><img alt=[加油] src="https://h5.sinaimg.cn/m/emoticon/icon/default/d_jiayou-a34ced0409.png" style="width:1em; height:1em;" /></span>
建水县检察院=>2024-01-09 11:27:00=>0=>转发微博
山腰小泉水=>2023-01-11 22:32:54=>0=><span class="url-icon"><img alt=[鼓掌] src="https://h5.sinaimg.cn/m/emoticon/icon/default/d_guzhang-cca8b296d9.png" style="width:1em; height:1em;" /></span><span class="url-icon"><img alt=[鼓掌] src="https://h5.sinaimg.cn/m/emoticon/icon/default/d_guzhang-cca8b296d9.png" style="width:1em; height:1em;" /></span><span class="url-icon"><img alt=[鼓掌] src="https://h5.sinaimg.cn/m/emoticon/icon/default/d_guzhang-cca8b296d9.png" style="width:1em; height:1em;" /></span><span class="url-icon"><img alt=[鼓掌] src="https://h5.sinaimg.cn/m/emoticon/icon/default/d_guzhang-cca8b296d9.png" style="width:1em; height:1em;" /></span>
白果伊佃=>2023-01-11 16:05:51=>0=>长知识啦
局部有真理=>2023-01-11 11:26:22=>0=>臃肿的体制
电影玩主=>2023-01-11 07:16:43=>0=><span class="url-icon"><img alt=[赞] src="https://h5.sinaimg.cn/m/emoticon/icon/others/h_zan-44ddc70637.png" style="width:1em; height:1em;" /></span>
社恐本射=>2023-01-11 04:00:08=>0=>都平安<span class="url-icon"><img alt=[心] src="https://h5.sinaimg.cn/m/emoticon/icon/others/l_xin-43af9086c0.png" style="width:1em; height:1em;" /></span>
夜阑闻歌声=>2023-01-11 01:42:01=>0=>转发微博
寂寞的童年313=>2023-01-11 00:25:32=>0=>团团可以去评价一下某个加拿大籍人士导致机场拥堵的事件吗<span class="url-icon"><img alt=[doge] src="https://h5.sinaimg.cn/m/emoticon/icon/others/d_doge-be7f768d78.png" style="width:1em; height:1em;" /></span>
无冥201506=>2023-01-11 00:20:58=>0=>涨知识了，致敬
皇甫甫甯=>2023-01-10 23:54:24=>0=>哇😯
李李李斯特是水瓶座=>2023-01-10 23:35:02=>0=>看到缉毒，隐蔽战线，国安，三个都是背面，瞬间泪目。
春水又煎茶=>2023-01-10 23:23:14=>0=>最可爱的人们<span class="url-icon"><img alt=[心] src="https://h5.sinaimg.cn/m/emoticon/icon/others/l_xin-43af9086c0.png" style="width:1em; height:1em;" /></span><span class="url-icon"><img alt=[打call] src="https://h5.sinaimg.cn/m/emoticon/icon/default/fb_a1dacall-1e0c4593fc.png" style="width:1em; height:1em;" /></span>
月上玫=>2023-01-10 23:03:46=>0=>长知识
明月无心可=>2023-01-10 22:43:06=>0=>原来有这么多警种
淼淼三点水的爹=>2023-01-10 22:34:11=>0=>其实日常工作中基本都不会分这么清，都是一人身兼数职<span class="url-icon"><img alt=[允悲] src="https://h5.sinaimg.cn/m/emoticon/icon/default/d_yunbei-a14a649db8.png" style="width:1em; height:1em;" /></span>
爱琴海小帆船=>2023-01-10 22:20:39=>0=>长知识了 真么多啊 第一次知道！也祝中国警察👮节日快乐，健康平安！
Mavin邱=>2023-01-10 22:09:08=>0=>原来有这么多警种<span class="url-icon"><img alt=[允悲] src="https://h5.sinaimg.cn/m/emoticon/icon/default/d_yunbei-a14a649db8.png" style="width:1em; height:1em;" /></span>
三悦尔说=>2023-01-10 22:06:53=>0=>致敬<span class="url-icon"><img alt=[心] src="https://h5.sinaimg.cn/m/emoticon/icon/others/l_xin-43af9086c0.png" style="width:1em; height:1em;" /></span><span class="url-icon"><img alt=[心] src="https://h5.sinaimg.cn/m/emoticon/icon/others/l_xin-43af9086c0.png" style="width:1em; height:1em;" /></span><span class="url-icon"><img alt=[心] src="https://h5.sinaimg.cn/m/emoticon/icon/others/l_xin-43af9086c0.png" style="width:1em; height:1em;" /></span><span class="url-icon"><img alt=[心] src="https://h5.sinaimg.cn/m/emoticon/icon/others/l_xin-43af9086c0.png" style="width:1em; height:1em;" /></span><span class="url-icon"><img alt=[心] src="https://h5.sinaimg.cn/m/emoticon/icon/others/l_xin-43af9086c0.png" style="width:1em; height:1em;" /></span><span class="url-icon"><img alt=[心] src="https://h5.sinaimg.cn/m/emoticon/icon/others/l_xin-43af9086c0.png" style="width:1em; height:1em;" /></span>
鞠婧祎别太爱我=>2023-01-10 22:06:23=>0=><span class="url-icon"><img alt=[good] src="https://h5.sinaimg.cn/m/emoticon/icon/others/h_good-0c51afc69c.png" style="width:1em; height:1em;" /></span><span class="url-icon"><img alt=[good] src="https://h5.sinaimg.cn/m/emoticon/icon/others/h_good-0c51afc69c.png" style="width:1em; height:1em;" /></span><span class="url-icon"><img alt=[good] src="https://h5.sinaimg.cn/m/emoticon/icon/others/h_good-0c51afc69c.png" style="width:1em; height:1em;" /></span>
Riki_immo酱=>2023-01-10 21:40:02=>0=><span class="url-icon"><img alt=[航天员] src="https://h5.sinaimg.cn/m/emoticon/icon/default/cn_xyhy-1c8ac7b4d1.png" style="width:1em; height:1em;" /></span>
小琛鼠=>2023-01-10 21:40:00=>0=><span class="url-icon"><img alt=[赞] src="https://h5.sinaimg.cn/m/emoticon/icon/others/h_zan-44ddc70637.png" style="width:1em; height:1em;" /></span><span class="url-icon"><img alt=[赞] src="https://h5.sinaimg.cn/m/emoticon/icon/others/h_zan-44ddc70637.png" style="width:1em; height:1em;" /></span>
一个人的酒杯=>2023-01-10 21:12:58=>0=>香港警察不能没有图片！！！！
原来是盒子大人=>2023-01-10 20:57:25=>0=>国合警察超出了认知范围。
熊二熊大和光头强=>2023-01-10 20:50:58=>0=>好多种啊
我只会喊六六六六六六=>2023-01-10 20:08:24=>0=>公安隐蔽战线是指卧底吗？
食乐end=>2023-01-10 20:03:09=>0=>好可爱的画风 好可爱的人
铜墙铁壁的猫咪=>2023-01-10 19:54:43=>0=>居然还分那么多警种，学到了👍🏻
泓泥小火炉=>2023-01-10 19:50:50=>0=>涨知识了！原来背影也不只是缉毒警察<span class="url-icon"><img alt="[苦涩]" src="https://face.t.sinajs.cn/t4/appstyle/expression/ext/normal/7e/2021_bitter_org.png" style="width:1em; height:1em;" /></span>
大大大大大白羊=>2023-01-10 19:49:16=>0=>希望以后能考个交警。穿制服骑大摩托<span class="url-icon"><img alt=[鼓掌] src="https://h5.sinaimg.cn/m/emoticon/icon/default/d_guzhang-cca8b296d9.png" style="width:1em; height:1em;" /></span>
兔兔今天笑了吗=>2023-01-10 19:49:00=>0=>致敬英雄
树懒不懒wx=>2023-01-10 19:47:21=>0=>长知识了<span class="url-icon"><img alt=[嘻嘻] src="https://h5.sinaimg.cn/m/emoticon/icon/default/d_xixi-643ef6e48d.png" style="width:1em; height:1em;" /></span>
Honey小刀刀_啾=>2023-01-10 19:42:52=>0=>转发微博
-LoKi905=>2023-01-10 19:41:15=>0=>转发微博
望来处知归途=>2023-01-10 19:40:54=>0=>致敬<span class="url-icon"><img alt=[心] src="https://h5.sinaimg.cn/m/emoticon/icon/others/l_xin-43af9086c0.png" style="width:1em; height:1em;" /></span>，辛苦了！！！
腊梅面膜=>2023-01-10 19:36:53=>0=>看到缉毒警真的瞬间泪目<span class="url-icon"><img alt=[泪] src="https://h5.sinaimg.cn/m/emoticon/icon/default/d_lei-4cdf6ee412.png" style="width:1em; height:1em;" /></span><span class="url-icon"><img alt=[泪] src="https://h5.sinaimg.cn/m/emoticon/icon/default/d_lei-4cdf6ee412.png" style="width:1em; height:1em;" /></span><span class="url-icon"><img alt=[泪] src="https://h5.sinaimg.cn/m/emoticon/icon/default/d_lei-4cdf6ee412.png" style="width:1em; height:1em;" /></span>
吾心静处恣徜徉=>2023-01-10 19:35:56=>0=>哇塞，长知识了<span class="url-icon"><img alt=[赞] src="https://h5.sinaimg.cn/m/emoticon/icon/others/h_zan-44ddc70637.png" style="width:1em; height:1em;" /></span>
长江国际十八楼的故事T=>2023-01-10 19:35:36=>0=>致敬每一位警察！您们是时代最可爱最可敬的人<span class="url-icon"><img alt=[心] src="https://h5.sinaimg.cn/m/emoticon/icon/others/l_xin-43af9086c0.png" style="width:1em; height:1em;" /></span>
chunguang如梦=>2023-01-10 19:29:49=>0=>节日快乐  为人民服务本色永不变
包小相=>2023-01-10 19:29:46=>0=>我爸爸是森林警察，我很骄傲
龙影巍燃-white=>2023-01-10 19:27:56=>0=>向每一位警察致敬！节日快乐
四叶草丛里捡到了把琑=>2023-01-10 19:25:35=>0=>缉毒警<span class="url-icon"><img alt="[苦涩]" src="https://face.t.sinajs.cn/t4/appstyle/expression/ext/normal/7e/2021_bitter_org.png" style="width:1em; height:1em;" /></span>
raku12=>2023-01-10 19:24:58=>0=>pap是吗<span class="url-icon"><img alt=[允悲] src="https://h5.sinaimg.cn/m/emoticon/icon/default/d_yunbei-a14a649db8.png" style="width:1em; height:1em;" /></span>
没事别吵吵1=>2023-01-10 19:21:16=>0=>转发
偏爱宇哥=>2023-01-10 19:20:24=>0=>致敬
阜阳张志飞=>2023-01-10 19:19:59=>0=>向每一个认真付出的警察致敬！祝你们一直平安。
飞不过去的1加2_866=>2023-01-10 19:17:52=>0=>缉毒警察只能背对苍生。。。
自由的美式零元购=>2023-01-10 19:09:42=>0=>缉毒警察和隐蔽战线的同志们的背影
炤炤我心=>2023-01-10 19:01:33=>0=>哇噢，这么多种，好多都没见过<span class="url-icon"><img alt=[羞嗒嗒] src="https://h5.sinaimg.cn/m/emoticon/icon/lxh/lxh_xiudada-e99552ddb3.png" style="width:1em; height:1em;" /></span>
这卡因那卡因=>2023-01-10 18:57:49=>0=>还有山东临沂警察
Biggest潜水艇=>2023-01-10 18:43:14=>0=><span class="url-icon"><img alt=[good] src="https://h5.sinaimg.cn/m/emoticon/icon/others/h_good-0c51afc69c.png" style="width:1em; height:1em;" /></span><span class="url-icon"><img alt=[good] src="https://h5.sinaimg.cn/m/emoticon/icon/others/h_good-0c51afc69c.png" style="width:1em; height:1em;" /></span>
wb的王减肥=>2023-01-10 18:34:49=>0=>缉毒警察的背影帅我一脸
Bzzz绿绿绿=>2023-01-10 18:27:13=>0=>好多种类<span class="url-icon"><img alt=[作揖] src="https://h5.sinaimg.cn/m/emoticon/icon/others/h_zuoyi-519f80d31c.png" style="width:1em; height:1em;" /></span>
自信且随意7=>2023-01-10 18:20:14=>0=>原来警察分类这么多！！
烧七个土豆=>2023-01-10 18:16:21=>0=>学到了，致敬!
天际孤帆2018=>2023-01-10 18:14:49=>0=>3个后背警察 好评！！
summer琳琳夏=>2023-01-10 18:13:46=>0=>那么问题来了 辅警可以称为警察吗？<span class="url-icon"><img alt=[求饶] src="https://h5.sinaimg.cn/m/emoticon/icon/default/fb_a2qiurao-7ad34b9c84.png" style="width:1em; height:1em;" /></span>
不慌不慌有小张=>2023-01-10 18:10:23=>0=>节日快乐<span class="url-icon"><img alt=[心] src="https://h5.sinaimg.cn/m/emoticon/icon/others/l_xin-43af9086c0.png" style="width:1em; height:1em;" /></span>
Jane40220=>2023-01-10 18:00:16=>0=>向中国人民警察致敬！
Gugaai=>2023-01-10 17:59:30=>0=>涨知识了
思斯宁智多星20220802=>2023-01-10 17:58:20=>0=>能解释一下，公安和警察的区别不？
失眠晓禹_yyy=>2023-01-10 17:57:15=>0=>涨知识啦<span class="url-icon"><img alt=[哈哈] src="https://h5.sinaimg.cn/m/emoticon/icon/default/d_haha-0ec05e6dad.png" style="width:1em; height:1em;" /></span>
字符XI=>2023-01-10 17:51:35=>0=><span class="url-icon"><img alt=[航天员] src="https://h5.sinaimg.cn/m/emoticon/icon/default/cn_xyhy-1c8ac7b4d1.png" style="width:1em; height:1em;" /></span><span class="url-icon"><img alt=[航天员] src="https://h5.sinaimg.cn/m/emoticon/icon/default/cn_xyhy-1c8ac7b4d1.png" style="width:1em; height:1em;" /></span><span class="url-icon"><img alt=[航天员] src="https://h5.sinaimg.cn/m/emoticon/icon/default/cn_xyhy-1c8ac7b4d1.png" style="width:1em; height:1em;" /></span><span class="url-icon"><img alt=[航天员] src="https://h5.sinaimg.cn/m/emoticon/icon/default/cn_xyhy-1c8ac7b4d1.png" style="width:1em; height:1em;" /></span>
字符XI=>2023-01-10 17:51:31=>0=><span class="url-icon"><img alt="[送花花]" src="https://face.t.sinajs.cn/t4/appstyle/expression/ext/normal/cb/2022_Flowers_org.png" style="width:1em; height:1em;" /></span><span class="url-icon"><img alt="[送花花]" src="https://face.t.sinajs.cn/t4/appstyle/expression/ext/normal/cb/2022_Flowers_org.png" style="width:1em; height:1em;" /></span><span class="url-icon"><img alt="[送花花]" src="https://face.t.sinajs.cn/t4/appstyle/expression/ext/normal/cb/2022_Flowers_org.png" style="width:1em; height:1em;" /></span><span class="url-icon"><img alt="[送花花]" src="https://face.t.sinajs.cn/t4/appstyle/expression/ext/normal/cb/2022_Flowers_org.png" style="width:1em; height:1em;" /></span>
Watson-Hu=>2023-01-10 17:50:14=>0=>咋没有辅警呢<span class="url-icon"><img alt=[傻眼] src="https://h5.sinaimg.cn/m/emoticon/icon/default/d_shayan-4e8000eba9.png" style="width:1em; height:1em;" /></span>
花蘑菇26=>2023-01-10 17:47:50=>0=>全面！！！
倚剑纵马走天涯=>2023-01-10 17:45:09=>0=>好全面<span class="url-icon"><img alt=[嘻嘻] src="https://h5.sinaimg.cn/m/emoticon/icon/default/d_xixi-643ef6e48d.png" style="width:1em; height:1em;" /></span>//谢黄小菜包:涨知识了<span class="url-icon"><img alt=[心] src="https://h5.sinaimg.cn/m/emoticon/icon/others/l_xin-43af9086c0.png" style="width:1em; height:1em;" /></span>
武侯共青团=>2023-01-10 17:41:35=>0=>【我国有多少警种？<a  href="https://m.weibo.cn/search?containerid=231522type%3D1%26t%3D10%26q%3D%23%E4%B8%AD%E5%9B%BD%E8%AD%A6%E5%AF%9F%E5%85%A8%E8%AD%A6%E7%A7%8D%E5%9B%BE%E9%89%B4%23&extparam=%23%E4%B8%AD%E5%9B%BD%E8%AD%A6%E5%AF%9F%E5%85%A8%E8%AD%A6%E7%A7%8D%E5%9B%BE%E9%89%B4%23" data-hide=""><span class="surl-text">#中国警察全警种图鉴#</span></a>来了<span class="url-icon"><img alt=[威武] src="https://h5.sinaimg.cn/m/emoticon/icon/others/f_v5-bbd6f199c2.png" style="width:1em; height:1em;" /></span>】
四月下春禹=>2023-01-10 17:41:24=>0=>学到啦 致敬！<span class="url-icon"><img alt="[举手]" src="https://face.t.sinajs.cn/t4/appstyle/expression/ext/normal/fd/2022_raisehand_org.png" style="width:1em; height:1em;" /></span>
苏玖旎=>2023-01-10 17:40:39=>0=>涨知识了<span class="url-icon"><img alt="[送花花]" src="https://face.t.sinajs.cn/t4/appstyle/expression/ext/normal/cb/2022_Flowers_org.png" style="width:1em; height:1em;" /></span>
吃喝玩乐的Mmo=>2023-01-10 17:37:36=>0=><a  href="https://m.weibo.cn/search?containerid=231522type%3D1%26t%3D10%26q%3D%23%E4%B8%AD%E5%9B%BD%E8%AD%A6%E5%AF%9F%E5%85%A8%E8%AD%A6%E7%A7%8D%E5%9B%BE%E9%89%B4%23&extparam=%23%E4%B8%AD%E5%9B%BD%E8%AD%A6%E5%AF%9F%E5%85%A8%E8%AD%A6%E7%A7%8D%E5%9B%BE%E9%89%B4%23" data-hide=""><span class="surl-text">#中国警察全警种图鉴#</span></a><span class="url-icon"><img alt="[收到]" src="https://face.t.sinajs.cn/t4/appstyle/expression/ext/normal/8b/2022_get_org.png" style="width:1em; height:1em;" /></span>
灰眼de猫=>2023-01-10 17:37:09=>0=>小欣漫画 排面啊啊啊亲！！！
栗粥芋饼=>2023-01-10 17:35:17=>0=>绝对是学校学不到的东西
爱好已经变奇怪=>2023-01-10 17:34:42=>0=>画面竖着，好歹把字横着写，好阅读
西红柿与猫=>2023-01-10 17:32:22=>0=>涨知识了<span class="url-icon"><img alt=[鲜花] src="https://h5.sinaimg.cn/m/emoticon/icon/others/w_xianhua-f902c37199.png" style="width:1em; height:1em;" /></span>
-Engagement--=>2023-01-10 17:32:00=>0=>学到了<span class="url-icon"><img alt=[打call] src="https://h5.sinaimg.cn/m/emoticon/icon/default/fb_a1dacall-1e0c4593fc.png" style="width:1em; height:1em;" /></span>
左灯右行fm=>2023-01-10 17:29:21=>0=>排版减分
纯洁的小羊Y=>2023-01-10 17:28:08=>0=>学会了！
天涯看天=>2023-01-10 17:26:33=>0=>好庞大的体系
_第7片海_=>2023-01-10 17:25:58=>0=>涨知识了
CarmanF2=>2023-01-10 17:25:42=>0=>所里的全能选手还没上场
玖柒爱葵葵S=>2023-01-10 17:23:47=>0=>学到了
今年十八再问自杀ojbk=>2023-01-10 17:23:32=>0=>好多种啊！都辛苦啦
ANJIN棒棒哒=>2023-01-10 17:23:31=>0=>致敬<span class="url-icon"><img alt=[心] src="https://h5.sinaimg.cn/m/emoticon/icon/others/l_xin-43af9086c0.png" style="width:1em; height:1em;" /></span>
冬镁huhuhu=>2023-01-10 17:22:08=>0=>致敬
Erythritol板栗=>2023-01-10 17:21:26=>0=>我和我媳妇挨着<span class="url-icon"><img alt=[二哈] src="https://h5.sinaimg.cn/m/emoticon/icon/others/d_erha-139d0e07bd.png" style="width:1em; height:1em;" /></span>
冰淇淋铁tie椰子=>2023-01-10 17:21:00=>0=>学到了<span class="url-icon"><img alt=[鲜花] src="https://h5.sinaimg.cn/m/emoticon/icon/others/w_xianhua-f902c37199.png" style="width:1em; height:1em;" /></span><span class="url-icon"><img alt=[鲜花] src="https://h5.sinaimg.cn/m/emoticon/icon/others/w_xianhua-f902c37199.png" style="width:1em; height:1em;" /></span>
不知名的呆头鹅_=>2023-01-10 17:20:48=>0=>哇<span class="url-icon"><img alt=[污] src="https://h5.sinaimg.cn/m/emoticon/icon/default/d_wu-374e5572e8.png" style="width:1em; height:1em;" /></span><span class="url-icon"><img alt=[污] src="https://h5.sinaimg.cn/m/emoticon/icon/default/d_wu-374e5572e8.png" style="width:1em; height:1em;" /></span><span class="url-icon"><img alt=[污] src="https://h5.sinaimg.cn/m/emoticon/icon/default/d_wu-374e5572e8.png" style="width:1em; height:1em;" /></span>
你原文吗你=>2023-01-10 17:20:02=>0=>致敬！
你原文吗你=>2023-01-10 17:19:54=>0=>节日快乐<span class="url-icon"><img alt=[打call] src="https://h5.sinaimg.cn/m/emoticon/icon/default/fb_a1dacall-1e0c4593fc.png" style="width:1em; height:1em;" /></span>
我有鱼鱼症-=>2023-01-10 17:19:43=>0=>学到啦<span class="url-icon"><img alt=[心] src="https://h5.sinaimg.cn/m/emoticon/icon/others/l_xin-43af9086c0.png" style="width:1em; height:1em;" /></span>
SHIELD_空白=>2023-01-10 17:19:11=>0=><span class="url-icon"><img alt=[doge] src="https://h5.sinaimg.cn/m/emoticon/icon/others/d_doge-be7f768d78.png" style="width:1em; height:1em;" /></span>辅警，特勤呢
DX安轩=>2023-01-10 17:16:03=>0=>真全啊，基本上什么警察都画到了<span class="url-icon"><img alt=[哈哈] src="https://h5.sinaimg.cn/m/emoticon/icon/default/d_haha-0ec05e6dad.png" style="width:1em; height:1em;" /></span>
岁岁淮安=>2023-01-10 17:18:04=>0=>致敬<span class="url-icon"><img alt=[打call] src="https://h5.sinaimg.cn/m/emoticon/icon/default/fb_a1dacall-1e0c4593fc.png" style="width:1em; height:1em;" /></span>
张丹丹丹同学=>2023-01-10 22:36:14=>0=>艾玛，这么多种！
本能忍受黑暗如果不曾见过光=>2023-01-10 19:04:16=>0=>缉毒警那个背影真的泪目
哆啦A陆de兔子小姐=>2023-01-11 14:38:28=>0=><span class="url-icon"><img alt=[爱你] src="https://h5.sinaimg.cn/m/emoticon/icon/default/d_aini-09d5f3f870.png" style="width:1em; height:1em;" /></span>每一个都是我们的英雄
痞叔剪影123=>2023-01-10 20:34:00=>0=>辛苦了
别碰小狗毛=>2023-01-11 10:12:43=>1=>涨知识了<span class="url-icon"><img alt=[心] src="https://h5.sinaimg.cn/m/emoticon/icon/others/l_xin-43af9086c0.png" style="width:1em; height:1em;" /></span>
春意漫寻=>2023-01-11 02:33:37=>0=>致敬<span class="url-icon"><img alt=[鲜花] src="https://h5.sinaimg.cn/m/emoticon/icon/others/w_xianhua-f902c37199.png" style="width:1em; height:1em;" /></span>
Z_吉他小禹=>2023-01-11 01:12:02=>0=>涨知识了
迪里迪里哒_=>2023-01-11 01:08:22=>0=>狙击手令人佩服！
小张同学_最重要=>2023-01-10 21:38:57=>0=>学到了致敬
鱼闲闲2333=>2023-01-10 19:51:33=>0=>哇，这么多啊，奥利给！
举起棍铲撬汽水=>2023-01-10 19:42:15=>0=>学到了
养九个茄子=>2023-01-10 19:04:24=>0=>节日快乐
大奸似贤大智若愚=>2023-01-10 18:58:14=>0=>民警多好的名称，非要叫警察！<span class="url-icon"><img alt=[弱] src="https://h5.sinaimg.cn/m/emoticon/icon/others/h_ruo-d444cceb19.png" style="width:1em; height:1em;" /></span>指战员多好的词，非要叫官兵，<span class="url-icon"><img alt=[弱] src="https://h5.sinaimg.cn/m/emoticon/icon/others/h_ruo-d444cceb19.png" style="width:1em; height:1em;" /></span><span class="url-icon"><img alt=[话筒] src="https://h5.sinaimg.cn/m/emoticon/icon/others/o_huatong-0a3e80b147.png" style="width:1em; height:1em;" /></span>
赏人间百态=>2023-01-10 18:30:43=>0=>哎吆吆，原来那些也是警察啊，真是长见识了。
_Yuu-高冷双鱼=>2023-01-10 17:44:21=>0=>学到了<span class="url-icon"><img alt=[憧憬] src="https://h5.sinaimg.cn/m/emoticon/icon/default/d_xingxingyan-c64b6a744b.png" style="width:1em; height:1em;" /></span>
做条水中鱼=>2023-01-10 17:38:19=>0=>原来有这么多种曾是仙女
别he我的猫说话=>2023-01-10 17:22:58=>0=>致敬默默奉献的人民英雄
Diamond_回忆1988=>2023-01-10 17:22:35=>1=><span class="url-icon"><img alt=[泪] src="https://h5.sinaimg.cn/m/emoticon/icon/default/d_lei-4cdf6ee412.png" style="width:1em; height:1em;" /></span>缉毒，隐蔽战线和国安都是没有正脸的，谁说站在光里的才算英雄！
少管wpp=>2023-01-10 17:18:53=>0=>致敬！
Crush_失重外太空=>2023-01-12 20:10:42=>0=>涨知识啦<span class="url-icon"><img alt=[抱一抱] src="https://h5.sinaimg.cn/m/emoticon/icon/default/co_a1hug-f3910d0e88.png" style="width:1em; height:1em;" /></span>
大白猫布掌=>2023-01-11 23:17:18=>0=>这次的终于说全了<span class="url-icon"><img alt=[打call] src="https://h5.sinaimg.cn/m/emoticon/icon/default/fb_a1dacall-1e0c4593fc.png" style="width:1em; height:1em;" /></span>
你瞅你爹是不是皮痒了=>2023-01-11 20:10:44=>0=>还有那些穿着统一制服但没任何标识的去拆人家孤儿寡母旧房子，把人控制了然后家具一没收，放你出来爱去哪去哪，大门一锁也不接受群众来访抗议<span class="url-icon"><img alt=[doge] src="https://h5.sinaimg.cn/m/emoticon/icon/others/d_doge-be7f768d78.png" style="width:1em; height:1em;" /></span>
an_springaloome=>2023-01-11 17:06:18=>0=>啊这种形式好棒呀！
芝士芸豆酥=>2023-01-11 16:21:01=>0=><span class="url-icon"><img alt=[心] src="https://h5.sinaimg.cn/m/emoticon/icon/others/l_xin-43af9086c0.png" style="width:1em; height:1em;" /></span>
吊你吗叭=>2023-01-11 10:43:23=>0=>致敬
Blue的手机壳=>2023-01-11 10:08:39=>0=>涨知识了<span class="url-icon"><img alt=[赞] src="https://h5.sinaimg.cn/m/emoticon/icon/others/h_zan-44ddc70637.png" style="width:1em; height:1em;" /></span>向每一位人民警察致敬！
让一切随缘吧03291=>2023-01-11 07:07:35=>0=>:现在都不给百姓诉苦的地方了吗？在之前我在网上查询了一下，看的我都看不到希望，我会在这里试试看吧！我家地头被别人家占了，给村里反应不管和稀泥，打市长热线现在还没有反应结果。
清欢无别妄=>2023-01-11 00:06:19=>0=>提灯阑夜
山顶使者=>2023-01-11 00:00:01=>1=>这条微博想看到评论不容易啊<span class="url-icon"><img alt=[允悲] src="https://h5.sinaimg.cn/m/emoticon/icon/default/d_yunbei-a14a649db8.png" style="width:1em; height:1em;" /></span>
昂姆----=>2023-01-10 23:57:29=>0=>涨知识了<span class="url-icon"><img alt=[打call] src="https://h5.sinaimg.cn/m/emoticon/icon/default/fb_a1dacall-1e0c4593fc.png" style="width:1em; height:1em;" /></span>
星语旋风=>2023-01-10 22:22:16=>0=>涨知识啦 致敬
莓莓冻冻=>2023-01-10 22:16:52=>0=>致敬<span class="url-icon"><img alt=[打call] src="https://h5.sinaimg.cn/m/emoticon/icon/default/fb_a1dacall-1e0c4593fc.png" style="width:1em; height:1em;" /></span><span class="url-icon"><img alt=[打call] src="https://h5.sinaimg.cn/m/emoticon/icon/default/fb_a1dacall-1e0c4593fc.png" style="width:1em; height:1em;" /></span><span class="url-icon"><img alt=[打call] src="https://h5.sinaimg.cn/m/emoticon/icon/default/fb_a1dacall-1e0c4593fc.png" style="width:1em; height:1em;" /></span>
玫瑰鹿晞=>2023-01-10 22:15:57=>0=>学到了
云港淋雨等航left=>2023-01-10 22:06:22=>0=>学到啦，致敬
对称性艺术_z=>2023-01-10 22:03:36=>0=>学到了<span class="url-icon"><img alt=[打call] src="https://h5.sinaimg.cn/m/emoticon/icon/default/fb_a1dacall-1e0c4593fc.png" style="width:1em; height:1em;" /></span>
continue继续1226=>2023-01-10 22:00:08=>0=>中国人民警察节向伟大的他们致敬
蔡蔡牛排饭=>2023-01-10 21:56:04=>0=>心中充满敬佩和感动<span class="url-icon"><img alt="[举手]" src="https://face.t.sinajs.cn/t4/appstyle/expression/ext/normal/fd/2022_raisehand_org.png" style="width:1em; height:1em;" /></span><span class="url-icon"><img alt="[举手]" src="https://face.t.sinajs.cn/t4/appstyle/expression/ext/normal/fd/2022_raisehand_org.png" style="width:1em; height:1em;" /></span>
小疯子_Ning=>2023-01-10 21:06:28=>0=>学到了
纨云因=>2023-01-10 20:35:17=>0=>都是好样的<span class="url-icon"><img alt=[抱抱] src="https://h5.sinaimg.cn/m/emoticon/icon/default/d_baobao-820d2c9a0f.png" style="width:1em; height:1em;" /></span>
萨摩耶饲养计划=>2023-01-10 20:19:51=>0=>长知识了！致敬
老李随想=>2023-01-10 20:13:59=>1=>→_→小欣漫画
梦_醒_人_间_看微雨=>2023-01-10 20:09:05=>0=>感恩有你们的守护！！！致敬！！！<span class="url-icon"><img alt=[心] src="https://h5.sinaimg.cn/m/emoticon/icon/others/l_xin-43af9086c0.png" style="width:1em; height:1em;" /></span><span class="url-icon"><img alt=[鲜花] src="https://h5.sinaimg.cn/m/emoticon/icon/others/w_xianhua-f902c37199.png" style="width:1em; height:1em;" /></span>
梦_醒_人_间_看微雨=>2023-01-10 20:08:41=>0=>看到缉毒警隐蔽战线国安警都是背影……<span class="url-icon"><img alt=[悲伤] src="https://h5.sinaimg.cn/m/emoticon/icon/default/d_beishang-c95268c034.png" style="width:1em; height:1em;" /></span><span class="url-icon"><img alt=[泪] src="https://h5.sinaimg.cn/m/emoticon/icon/default/d_lei-4cdf6ee412.png" style="width:1em; height:1em;" /></span><span class="url-icon"><img alt=[心] src="https://h5.sinaimg.cn/m/emoticon/icon/others/l_xin-43af9086c0.png" style="width:1em; height:1em;" /></span><span class="url-icon"><img alt=[鲜花] src="https://h5.sinaimg.cn/m/emoticon/icon/others/w_xianhua-f902c37199.png" style="width:1em; height:1em;" /></span>
梦_醒_人_间_看微雨=>2023-01-10 20:04:20=>0=>都很飒很帅！！<span class="url-icon"><img alt=[赞] src="https://h5.sinaimg.cn/m/emoticon/icon/others/h_zan-44ddc70637.png" style="width:1em; height:1em;" /></span><span class="url-icon"><img alt=[赞] src="https://h5.sinaimg.cn/m/emoticon/icon/others/h_zan-44ddc70637.png" style="width:1em; height:1em;" /></span><span class="url-icon"><img alt=[赞] src="https://h5.sinaimg.cn/m/emoticon/icon/others/h_zan-44ddc70637.png" style="width:1em; height:1em;" /></span>致敬！！<span class="url-icon"><img alt=[心] src="https://h5.sinaimg.cn/m/emoticon/icon/others/l_xin-43af9086c0.png" style="width:1em; height:1em;" /></span><span class="url-icon"><img alt=[心] src="https://h5.sinaimg.cn/m/emoticon/icon/others/l_xin-43af9086c0.png" style="width:1em; height:1em;" /></span><span class="url-icon"><img alt=[心] src="https://h5.sinaimg.cn/m/emoticon/icon/others/l_xin-43af9086c0.png" style="width:1em; height:1em;" /></span>
续忆秋涧=>2023-01-10 19:48:10=>0=>节日快乐
·眠北星光·=>2023-01-10 19:46:10=>0=>涨知识啦<span class="url-icon"><img alt="[赢牛奶]" src="https://face.t.sinajs.cn/t4/appstyle/expression/ext/normal/9c/2021_yingniunai_org.png" style="width:1em; height:1em;" /></span>致敬！
岚颜橘己=>2023-01-10 19:44:24=>0=>好多警种<span class="url-icon"><img alt="[送花花]" src="https://face.t.sinajs.cn/t4/appstyle/expression/ext/normal/cb/2022_Flowers_org.png" style="width:1em; height:1em;" /></span><span class="url-icon"><img alt="[送花花]" src="https://face.t.sinajs.cn/t4/appstyle/expression/ext/normal/cb/2022_Flowers_org.png" style="width:1em; height:1em;" /></span><span class="url-icon"><img alt="[送花花]" src="https://face.t.sinajs.cn/t4/appstyle/expression/ext/normal/cb/2022_Flowers_org.png" style="width:1em; height:1em;" /></span>
究极绕后怪=>2023-01-10 19:42:14=>0=>国合警察还是第一次听说，涨知识了
千饰佳缘158=>2023-01-10 19:40:13=>0=>转发微博
落花寒灯独夜人=>2023-01-10 19:32:57=>0=>阅
重拾_狗狗祟祟的快乐=>2023-01-10 19:31:23=>0=>致敬
任嘉的雪儿=>2023-01-10 19:14:39=>1=>涨知识了
椿雨後戀愛=>2023-01-10 19:06:04=>0=>了解了<span class="url-icon"><img alt=[来] src="https://h5.sinaimg.cn/m/emoticon/icon/others/h_lai-da75e9a8cc.png" style="width:1em; height:1em;" /></span>
音序入冬诗=>2023-01-10 19:01:38=>0=>科普到了！
那些往事如云烟一般飘走了=>2023-01-10 18:53:32=>0=>个人隆重推荐电视剧《警察荣耀》
午安张凌赫=>2023-01-10 18:52:31=>0=>涨知识喽<span class="url-icon"><img alt=[兔子] src="https://h5.sinaimg.cn/m/emoticon/icon/others/d_tuzi-d2b0222faa.png" style="width:1em; height:1em;" /></span>
顾顾固话=>2023-01-10 18:46:46=>0=>画的好棒  节日快乐
咩咩牌酸奶=>2023-01-10 18:13:46=>0=>涨知识了
l-v佩君=>2023-01-10 18:04:03=>0=>涨知识了<span class="url-icon"><img alt="[心动超崽]" src="https://face.t.sinajs.cn/t4/appstyle/expression/ext/normal/ae/2022_CHAO_org.png" style="width:1em; height:1em;" /></span>
旺仔LIN光糖=>2023-01-10 18:01:24=>0=>致敬
准备眨眨眼-=>2023-01-10 17:57:34=>0=>致敬，学到了
卿卿青岚=>2023-01-10 17:55:31=>1=>这么多<span class="url-icon"><img alt="[哇]" src="https://face.t.sinajs.cn/t4/appstyle/expression/ext/normal/3d/2022_wow_org.png" style="width:1em; height:1em;" /></span>
景巷逢深=>2023-01-10 17:53:15=>0=>涨知识了
做我的好朋友吧=>2023-01-10 17:50:15=>1=>致敬人民警察，节日快乐<span class="url-icon"><img alt=[心] src="https://h5.sinaimg.cn/m/emoticon/icon/others/l_xin-43af9086c0.png" style="width:1em; height:1em;" /></span>
周八苏打水=>2023-01-10 17:50:04=>0=>涨知识了
傅诗淇的小99=>2023-01-10 17:48:59=>0=>涨知识了<span class="url-icon"><img alt=[哈哈] src="https://h5.sinaimg.cn/m/emoticon/icon/default/d_haha-0ec05e6dad.png" style="width:1em; height:1em;" /></span>
海上七日宇=>2023-01-10 17:46:11=>0=>涨知识了  致敬
巧克力吃光了=>2023-01-10 17:44:47=>0=>划重点：警犬属于特警<span class="url-icon"><img alt=[doge] src="https://h5.sinaimg.cn/m/emoticon/icon/others/d_doge-be7f768d78.png" style="width:1em; height:1em;" /></span>
鱼丸小鹿_=>2023-01-10 17:42:19=>0=>致敬
Moonlightmmmmm=>2023-01-10 17:41:55=>1=>致敬三个背对着的警种
上汤关东煮啵啵=>2023-01-10 17:41:40=>0=>涨知识了<span class="url-icon"><img alt=[心] src="https://h5.sinaimg.cn/m/emoticon/icon/others/l_xin-43af9086c0.png" style="width:1em; height:1em;" /></span><span class="url-icon"><img alt=[心] src="https://h5.sinaimg.cn/m/emoticon/icon/others/l_xin-43af9086c0.png" style="width:1em; height:1em;" /></span>
屿巷冬眠=>2023-01-10 17:41:30=>0=>致敬
顿悟南京话=>2023-01-10 17:33:29=>0=>缉毒警察，正脸保护起来了。<span class="url-icon"><img alt=[泪] src="https://h5.sinaimg.cn/m/emoticon/icon/default/d_lei-4cdf6ee412.png" style="width:1em; height:1em;" /></span><span class="url-icon"><img alt=[泪] src="https://h5.sinaimg.cn/m/emoticon/icon/default/d_lei-4cdf6ee412.png" style="width:1em; height:1em;" /></span><span class="url-icon"><img alt=[泪] src="https://h5.sinaimg.cn/m/emoticon/icon/default/d_lei-4cdf6ee412.png" style="width:1em; height:1em;" /></span>
祈雪祝詅=>2023-01-10 17:32:39=>0=>涨知识啦
-晚归秋色-=>2023-01-10 17:32:03=>0=>涨知识了
脸红奇怪吗i_溺爱汪新版=>2023-01-10 17:27:38=>0=>致敬
瑞猫买早餐_=>2023-01-10 17:25:53=>0=>学到了，致敬
夜丶繁星坠落=>2023-01-10 17:24:51=>0=>致敬<span class="url-icon"><img alt=[心] src="https://h5.sinaimg.cn/m/emoticon/icon/others/l_xin-43af9086c0.png" style="width:1em; height:1em;" /></span>
晴天的萨摩耶=>2023-01-10 17:22:03=>1=>涨知识了<span class="url-icon"><img alt=[傻眼] src="https://h5.sinaimg.cn/m/emoticon/icon/default/d_shayan-4e8000eba9.png" style="width:1em; height:1em;" /></span>
-Yawnoo=>2023-01-10 17:21:05=>0=>哇
香梨Tz=>2023-01-10 17:20:14=>0=>致敬
叽叽独立=>2023-01-10 17:19:54=>0=>哇可以了解一下
奶味月球1108=>2023-01-10 17:19:28=>0=>致敬
ID小小忮鱼=>2023-01-10 17:18:22=>0=>涨知识了<span class="url-icon"><img alt=[音乐] src="https://h5.sinaimg.cn/m/emoticon/icon/others/o_yinyue-2c8ec3de1b.png" style="width:1em; height:1em;" /></span>
钢铁吉普突击616=>2023-01-10 17:18:03=>0=><a  href="https://m.weibo.cn/search?containerid=231522type%3D1%26t%3D10%26q%3D%23%E4%B8%AD%E5%9B%BD%E4%BA%BA%E6%B0%91%E8%AD%A6%E5%AF%9F%E8%8A%82%23&extparam=%23%E4%B8%AD%E5%9B%BD%E4%BA%BA%E6%B0%91%E8%AD%A6%E5%AF%9F%E8%8A%82%23" data-hide=""><span class="surl-text">#中国人民警察节#</span></a>    致敬人民警察！！！    <span class="url-icon"><img alt=[威武] src="https://h5.sinaimg.cn/m/emoticon/icon/others/f_v5-bbd6f199c2.png" style="width:1em; height:1em;" /></span><span class="url-icon"><img alt=[威武] src="https://h5.sinaimg.cn/m/emoticon/icon/others/f_v5-bbd6f199c2.png" style="width:1em; height:1em;" /></span><span class="url-icon"><img alt=[威武] src="https://h5.sinaimg.cn/m/emoticon/icon/others/f_v5-bbd6f199c2.png" style="width:1em; height:1em;" /></span><span class="url-icon"><img alt=[威武] src="https://h5.sinaimg.cn/m/emoticon/icon/others/f_v5-bbd6f199c2.png" style="width:1em; height:1em;" /></span><span class="url-icon"><img alt=[威武] src="https://h5.sinaimg.cn/m/emoticon/icon/others/f_v5-bbd6f199c2.png" style="width:1em; height:1em;" /></span><span class="url-icon"><img alt=[威武] src="https://h5.sinaimg.cn/m/emoticon/icon/others/f_v5-bbd6f199c2.png" style="width:1em; height:1em;" /></span><span class="url-icon"><img alt=[威武] src="https://h5.sinaimg.cn/m/emoticon/icon/others/f_v5-bbd6f199c2.png" style="width:1em; height:1em;" /></span><span class="url-icon"><img alt=[威武] src="https://h5.sinaimg.cn/m/emoticon/icon/others/f_v5-bbd6f199c2.png" style="width:1em; height:1em;" /></span><span class="url-icon"><img alt=[威武] src="https://h5.sinaimg.cn/m/emoticon/icon/others/f_v5-bbd6f199c2.png" style="width:1em; height:1em;" /></span>
夏日红豆-=>2023-01-10 17:17:07=>1=>科普到了<span class="url-icon"><img alt="[哇]" src="https://face.t.sinajs.cn/t4/appstyle/expression/ext/normal/3d/2022_wow_org.png" style="width:1em; height:1em;" /></span><span class="url-icon"><img alt="[干饭人]" src="https://face.t.sinajs.cn/t4/appstyle/expression/ext/normal/cb/2022_Foodie_org.png" style="width:1em; height:1em;" /></span>
吃条小魚a=>2023-01-10 17:17:07=>0=>致敬！<span class="url-icon"><img alt=[心] src="https://h5.sinaimg.cn/m/emoticon/icon/others/l_xin-43af9086c0.png" style="width:1em; height:1em;" /></span>
闲人星人4号=>2023-01-10 17:16:57=>0=>一直以为国安属于部队
主唱就位=>2023-01-10 17:16:49=>0=>哇
江湖皆过往200812=>2023-01-10 17:16:45=>0=>又长知识了<span class="url-icon"><img alt=[打call] src="https://h5.sinaimg.cn/m/emoticon/icon/default/fb_a1dacall-1e0c4593fc.png" style="width:1em; height:1em;" /></span>
绝版沈小伊=>2023-01-10 17:16:42=>0=>致敬
Aawuuqi=>2023-01-10 17:15:32=>0=>致敬
