人间有味是清欢cycy=>2023-02-05 22:19:18=>34=>神奇壮观，逼真形象！<span class="url-icon"><img alt=[good] src="https://h5.sinaimg.cn/m/emoticon/icon/others/h_good-0c51afc69c.png" style="width:1em; height:1em;" /></span><span class="url-icon"><img alt=[good] src="https://h5.sinaimg.cn/m/emoticon/icon/others/h_good-0c51afc69c.png" style="width:1em; height:1em;" /></span><span class="url-icon"><img alt=[good] src="https://h5.sinaimg.cn/m/emoticon/icon/others/h_good-0c51afc69c.png" style="width:1em; height:1em;" /></span>
成都共青团=>2023-02-05 23:27:49=>4=><span class="url-icon"><img alt=[赞] src="https://h5.sinaimg.cn/m/emoticon/icon/others/h_zan-44ddc70637.png" style="width:1em; height:1em;" /></span><span class="url-icon"><img alt=[赞] src="https://h5.sinaimg.cn/m/emoticon/icon/others/h_zan-44ddc70637.png" style="width:1em; height:1em;" /></span><span class="url-icon"><img alt=[赞] src="https://h5.sinaimg.cn/m/emoticon/icon/others/h_zan-44ddc70637.png" style="width:1em; height:1em;" /></span>
一颗黑猩星=>2023-02-05 22:16:37=>10=>巨龙巨龙~好壮观<span class="url-icon"><img alt=[打call] src="https://h5.sinaimg.cn/m/emoticon/icon/default/fb_a1dacall-1e0c4593fc.png" style="width:1em; height:1em;" /></span><span class="url-icon"><img alt=[打call] src="https://h5.sinaimg.cn/m/emoticon/icon/default/fb_a1dacall-1e0c4593fc.png" style="width:1em; height:1em;" /></span><span class="url-icon"><img alt=[打call] src="https://h5.sinaimg.cn/m/emoticon/icon/default/fb_a1dacall-1e0c4593fc.png" style="width:1em; height:1em;" /></span>
蒲公英彭颖子=>2023-02-06 03:54:24=>4=><span class="url-icon"><img alt=[赞] src="https://h5.sinaimg.cn/m/emoticon/icon/others/h_zan-44ddc70637.png" style="width:1em; height:1em;" /></span><span class="url-icon"><img alt=[赞] src="https://h5.sinaimg.cn/m/emoticon/icon/others/h_zan-44ddc70637.png" style="width:1em; height:1em;" /></span><span class="url-icon"><img alt=[赞] src="https://h5.sinaimg.cn/m/emoticon/icon/others/h_zan-44ddc70637.png" style="width:1em; height:1em;" /></span><span class="url-icon"><img alt=[赞] src="https://h5.sinaimg.cn/m/emoticon/icon/others/h_zan-44ddc70637.png" style="width:1em; height:1em;" /></span>
草莓蛋糕酷到飞起来转圈圈=>2023-02-06 01:10:53=>4=>太神奇了<span class="url-icon"><img alt="[哇]" src="https://face.t.sinajs.cn/t4/appstyle/expression/ext/normal/3d/2022_wow_org.png" style="width:1em; height:1em;" /></span>
朱朱宝贝千秋万代一统江湖=>2023-02-05 23:50:25=>2=>元宵节快乐<span class="url-icon"><img alt=[心] src="https://h5.sinaimg.cn/m/emoticon/icon/others/l_xin-43af9086c0.png" style="width:1em; height:1em;" /></span>
宇宙的繁昕-王权少夫人版=>2023-02-05 22:26:04=>2=>好漂亮啊<span class="url-icon"><img alt=[求关注] src="https://h5.sinaimg.cn/m/emoticon/icon/lxh/lxh_qiuguanzhu-d5e122b2f6.png" style="width:1em; height:1em;" /></span>
可念不可想-=>2023-02-05 22:25:42=>2=>好好看<span class="url-icon"><img alt=[打call] src="https://h5.sinaimg.cn/m/emoticon/icon/default/fb_a1dacall-1e0c4593fc.png" style="width:1em; height:1em;" /></span>
一挽解清愁=>2023-02-06 10:10:38=>4=>凤箫声动，玉壶光转，一夜鱼龙舞
以凯之名k=>2023-02-05 22:04:19=>3=>巨龙巡游也太好看了吧<span class="url-icon"><img alt=[憧憬] src="https://h5.sinaimg.cn/m/emoticon/icon/default/d_xingxingyan-c64b6a744b.png" style="width:1em; height:1em;" /></span>
良晨思语=>2023-02-06 10:37:27=>1=>民族遗产
神威桐人=>2023-02-06 00:47:19=>1=>太美了。<span class="url-icon"><img alt=[心] src="https://h5.sinaimg.cn/m/emoticon/icon/others/l_xin-43af9086c0.png" style="width:1em; height:1em;" /></span>
時團今天炸了嗎=>2023-02-05 23:34:30=>1=>很美
星芯不打烊=>2023-02-05 22:55:53=>1=>好看
仓影charying=>2023-02-05 22:45:08=>2=>好看
蟹堡王的祖传秘方是兔女郎=>2023-02-05 22:35:19=>2=>广西桂林遇龙河再现“巨龙巡游”<span class="url-icon"><img alt="[赢牛奶]" src="https://face.t.sinajs.cn/t4/appstyle/expression/ext/normal/9c/2021_yingniunai_org.png" style="width:1em; height:1em;" /></span>
服服要喝109杯奶茶=>2023-02-05 22:25:42=>1=>好漂亮<span class="url-icon"><img alt=[抱一抱] src="https://h5.sinaimg.cn/m/emoticon/icon/default/co_a1hug-f3910d0e88.png" style="width:1em; height:1em;" /></span>
赴约颂雪意_=>2023-02-05 22:10:19=>1=>好看
钮祜禄-颖熙=>2023-02-05 22:09:21=>2=>好美啊，团团元宵快乐<span class="url-icon"><img alt=[鲜花] src="https://h5.sinaimg.cn/m/emoticon/icon/others/w_xianhua-f902c37199.png" style="width:1em; height:1em;" /></span>
芯辰小芬=>2023-02-05 22:08:06=>1=>好美
一起游历星球=>2023-02-05 22:06:59=>1=>好看
败犬空想家_=>2023-02-05 22:05:53=>1=>好壮观啊
一个被迫说话的路人=>2023-02-05 22:05:03=>1=><span class="url-icon"><img alt=[打call] src="https://h5.sinaimg.cn/m/emoticon/icon/default/fb_a1dacall-1e0c4593fc.png" style="width:1em; height:1em;" /></span>
云朵典藏家=>2023-02-05 22:04:53=>2=>好看好看<span class="url-icon"><img alt=[好喜欢] src="https://h5.sinaimg.cn/m/emoticon/icon/lxh/lxh_haoxihuan-51860b62e6.png" style="width:1em; height:1em;" /></span><span class="url-icon"><img alt=[好喜欢] src="https://h5.sinaimg.cn/m/emoticon/icon/lxh/lxh_haoxihuan-51860b62e6.png" style="width:1em; height:1em;" /></span><span class="url-icon"><img alt=[好喜欢] src="https://h5.sinaimg.cn/m/emoticon/icon/lxh/lxh_haoxihuan-51860b62e6.png" style="width:1em; height:1em;" /></span>
双人的雨披=>2023-02-05 22:04:10=>1=>好壮观啊<span class="url-icon"><img alt=[心] src="https://h5.sinaimg.cn/m/emoticon/icon/others/l_xin-43af9086c0.png" style="width:1em; height:1em;" /></span><span class="url-icon"><img alt=[心] src="https://h5.sinaimg.cn/m/emoticon/icon/others/l_xin-43af9086c0.png" style="width:1em; height:1em;" /></span>
吧唧一口月亮星=>2023-02-05 22:03:34=>1=>哇好好看
咕咝咕咝_oO=>2023-02-05 22:05:52=>1=>灯火里的中国<span class="url-icon"><img alt=[抱一抱] src="https://h5.sinaimg.cn/m/emoticon/icon/default/co_a1hug-f3910d0e88.png" style="width:1em; height:1em;" /></span>
-花花果实能力者-=>2023-02-06 00:36:42=>1=>下了课一起吃饭
文轩路43号鱼丸贩卖铺=>2023-02-05 23:36:33=>1=>哇<span class="url-icon"><img alt=[打call] src="https://h5.sinaimg.cn/m/emoticon/icon/default/fb_a1dacall-1e0c4593fc.png" style="width:1em; height:1em;" /></span>
浪里肥五花=>2023-02-05 22:13:49=>1=>凤箫声动，玉壶光转，一夜鱼龙舞
稗子酿酒yu=>2023-02-05 22:09:19=>1=>好美好壮观！<span class="url-icon"><img alt=[打call] src="https://h5.sinaimg.cn/m/emoticon/icon/default/fb_a1dacall-1e0c4593fc.png" style="width:1em; height:1em;" /></span>
我乃混世大魔王_=>2023-02-05 22:08:12=>1=>团团元宵节快乐！
晚自习终将杀了我=>2023-02-05 22:04:58=>1=>简直不要太震撼<span class="url-icon"><img alt=[打call] src="https://h5.sinaimg.cn/m/emoticon/icon/default/fb_a1dacall-1e0c4593fc.png" style="width:1em; height:1em;" /></span>
小陈发财啦YH=>2023-02-05 22:03:38=>1=>哇塞，好美啊<span class="url-icon"><img alt="[哇]" src="https://face.t.sinajs.cn/t4/appstyle/expression/ext/normal/3d/2022_wow_org.png" style="width:1em; height:1em;" /></span>
银河里最闪耀的星=>2023-02-07 01:13:23=>0=>bgm好评<span class="url-icon"><img alt=[心] src="https://h5.sinaimg.cn/m/emoticon/icon/others/l_xin-43af9086c0.png" style="width:1em; height:1em;" /></span>
小小酥肉饼干=>2023-02-06 12:41:09=>0=><a  href="https://m.weibo.cn/p/index?extparam=%E8%B7%9F%E7%9D%80%E5%BE%AE%E5%8D%9A%E7%9C%8B%E9%A3%8E%E6%99%AF&containerid=10080833b6151b9c2da726010e282b30200300" data-hide=""><span class='url-icon'><img style='width: 1rem;height: 1rem' src='https://n.sinaimg.cn/photo/5213b46e/20180926/timeline_card_small_super_default.png'></span><span class="surl-text">跟着微博看风景</span></a> ，古代灯火繁盛也不过如此<span class="url-icon"><img alt=[爱你] src="https://h5.sinaimg.cn/m/emoticon/icon/default/d_aini-09d5f3f870.png" style="width:1em; height:1em;" /></span><span class="url-icon"><img alt=[爱你] src="https://h5.sinaimg.cn/m/emoticon/icon/default/d_aini-09d5f3f870.png" style="width:1em; height:1em;" /></span><span class="url-icon"><img alt=[爱你] src="https://h5.sinaimg.cn/m/emoticon/icon/default/d_aini-09d5f3f870.png" style="width:1em; height:1em;" /></span>
也秉烛游=>2023-02-06 11:46:26=>0=><span class="url-icon"><img alt="[哇]" src="https://face.t.sinajs.cn/t4/appstyle/expression/ext/normal/3d/2022_wow_org.png" style="width:1em; height:1em;" /></span><span class="url-icon"><img alt="[哇]" src="https://face.t.sinajs.cn/t4/appstyle/expression/ext/normal/3d/2022_wow_org.png" style="width:1em; height:1em;" /></span><span class="url-icon"><img alt="[哇]" src="https://face.t.sinajs.cn/t4/appstyle/expression/ext/normal/3d/2022_wow_org.png" style="width:1em; height:1em;" /></span>哇
发福奥利奥2222=>2023-02-06 10:39:48=>0=><span class="url-icon"><img alt="[哇]" src="https://face.t.sinajs.cn/t4/appstyle/expression/ext/normal/3d/2022_wow_org.png" style="width:1em; height:1em;" /></span><span class="url-icon"><img alt="[哇]" src="https://face.t.sinajs.cn/t4/appstyle/expression/ext/normal/3d/2022_wow_org.png" style="width:1em; height:1em;" /></span>
亲亲太子爷=>2023-02-06 09:51:23=>0=><span class="url-icon"><img alt=[打call] src="https://h5.sinaimg.cn/m/emoticon/icon/default/fb_a1dacall-1e0c4593fc.png" style="width:1em; height:1em;" /></span>
未口饭饭=>2023-02-06 09:11:12=>0=>早
棣莉莉棣=>2023-02-06 08:19:57=>0=><span class="url-icon"><img alt=[赞] src="https://h5.sinaimg.cn/m/emoticon/icon/others/h_zan-44ddc70637.png" style="width:1em; height:1em;" /></span><span class="url-icon"><img alt=[赞] src="https://h5.sinaimg.cn/m/emoticon/icon/others/h_zan-44ddc70637.png" style="width:1em; height:1em;" /></span><span class="url-icon"><img alt=[赞] src="https://h5.sinaimg.cn/m/emoticon/icon/others/h_zan-44ddc70637.png" style="width:1em; height:1em;" /></span>
为了明天的后天的后天=>2023-02-06 07:55:29=>0=>好壮观啊
不差那一点流量=>2023-02-06 07:49:14=>0=>美
辰元皇后=>2023-02-06 07:29:22=>0=>哇！
星月藍天1003=>2023-02-06 06:55:28=>0=>美
划亦云=>2023-02-06 04:50:21=>0=>逼真形象！<span class="url-icon"><img alt=[good] src="https://h5.sinaimg.cn/m/emoticon/icon/others/h_good-0c51afc69c.png" style="width:1em; height:1em;" /></span><span class="url-icon"><img alt=[good] src="https://h5.sinaimg.cn/m/emoticon/icon/others/h_good-0c51afc69c.png" style="width:1em; height:1em;" /></span><span class="url-icon"><img alt=[good] src="https://h5.sinaimg.cn/m/emoticon/icon/others/h_good-0c51afc69c.png" style="width:1em; height:1em;" /></span>
xuanduanwen=>2023-02-06 02:30:50=>0=>好好看<span class="url-icon"><img alt="[团圆兔]" src="https://face.t.sinajs.cn/t4/appstyle/expression/ext/normal/ca/2023_intimaterabbit_org.png" style="width:1em; height:1em;" /></span>
日不落联盟=>2023-02-06 02:26:38=>0=><span class="url-icon"><img alt=[鲜花] src="https://h5.sinaimg.cn/m/emoticon/icon/others/w_xianhua-f902c37199.png" style="width:1em; height:1em;" /></span><span class="url-icon"><img alt=[鲜花] src="https://h5.sinaimg.cn/m/emoticon/icon/others/w_xianhua-f902c37199.png" style="width:1em; height:1em;" /></span>
W南波万w=>2023-02-06 02:23:16=>0=>震撼
满芋噗噗=>2023-02-06 01:10:46=>0=>壮观！太美啦<span class="url-icon"><img alt=[心] src="https://h5.sinaimg.cn/m/emoticon/icon/others/l_xin-43af9086c0.png" style="width:1em; height:1em;" /></span>
哥哥为足球出逃的那个雪夜=>2023-02-06 00:52:26=>0=>好美呀<span class="url-icon"><img alt=[亲亲] src="https://h5.sinaimg.cn/m/emoticon/icon/default/d_qinqin-cc50dcd938.png" style="width:1em; height:1em;" /></span>
唯希曼颖_=>2023-02-06 00:43:59=>0=><span class="url-icon"><img alt=[心] src="https://h5.sinaimg.cn/m/emoticon/icon/others/l_xin-43af9086c0.png" style="width:1em; height:1em;" /></span>
小心义义Oh=>2023-02-06 00:35:21=>0=>晚安
你有奥利酱吗=>2023-02-06 00:29:51=>0=><span class="url-icon"><img alt=[赞] src="https://h5.sinaimg.cn/m/emoticon/icon/others/h_zan-44ddc70637.png" style="width:1em; height:1em;" /></span><span class="url-icon"><img alt=[good] src="https://h5.sinaimg.cn/m/emoticon/icon/others/h_good-0c51afc69c.png" style="width:1em; height:1em;" /></span>
哥帝奴=>2023-02-06 00:20:35=>0=>好美
脑袋困掉了叭oh=>2023-02-05 23:58:37=>0=>好美
你也敢惹大小姐=>2023-02-05 23:36:13=>0=>哇好壮观
伊耆飞湖=>2023-02-05 23:35:18=>0=>我没去看，好可惜啊<span class="url-icon"><img alt=[泪] src="https://h5.sinaimg.cn/m/emoticon/icon/default/d_lei-4cdf6ee412.png" style="width:1em; height:1em;" /></span>
雾淮渡_=>2023-02-05 23:32:26=>0=>好好看
一团牛牛=>2023-02-05 23:27:52=>0=>哇趣如果能亲眼看到一定会非常震撼
无形飞宇=>2023-02-05 23:25:15=>0=>壮观<span class="url-icon"><img alt=[赞] src="https://h5.sinaimg.cn/m/emoticon/icon/others/h_zan-44ddc70637.png" style="width:1em; height:1em;" /></span>
Secularys=>2023-02-05 23:25:02=>0=>好好看
可爱430分享者=>2023-02-05 23:23:46=>0=>好像一条龙
Luerrilla=>2023-02-05 23:22:44=>0=>很好看
月牙儿圆圆水瓶=>2023-02-05 23:21:34=>0=>巨龙巡游...缘分一道桥
茶几吃剩饭=>2023-02-05 23:17:09=>0=>巨龙巡游，场面还是很震撼的
上岸榴莲好运连连=>2023-02-05 23:15:39=>0=>哇这也太好看了吧！！<span class="url-icon"><img alt="[哇]" src="https://face.t.sinajs.cn/t4/appstyle/expression/ext/normal/3d/2022_wow_org.png" style="width:1em; height:1em;" /></span><span class="url-icon"><img alt="[哇]" src="https://face.t.sinajs.cn/t4/appstyle/expression/ext/normal/3d/2022_wow_org.png" style="width:1em; height:1em;" /></span>
念念葳芩=>2023-02-05 23:11:44=>0=>好看呀<span class="url-icon"><img alt=[羞嗒嗒] src="https://h5.sinaimg.cn/m/emoticon/icon/lxh/lxh_xiudada-e99552ddb3.png" style="width:1em; height:1em;" /></span>
L-rinaminrin=>2023-02-05 23:11:42=>0=>酷 好看
Daniel柠檬青茶丿=>2023-02-05 23:03:23=>0=>好看
蓝迪喵喵=>2023-02-05 22:56:01=>0=>好美！
苏他活儿好得很=>2023-02-05 22:48:08=>1=>好壮观<span class="url-icon"><img alt=[好喜欢] src="https://h5.sinaimg.cn/m/emoticon/icon/lxh/lxh_haoxihuan-51860b62e6.png" style="width:1em; height:1em;" /></span>
Faranza-=>2023-02-05 22:41:48=>0=>震撼
抹茶出逃_干翻皇子版=>2023-02-05 22:36:19=>0=>好炫呀<span class="url-icon"><img alt=[鼓掌] src="https://h5.sinaimg.cn/m/emoticon/icon/default/d_guzhang-cca8b296d9.png" style="width:1em; height:1em;" /></span><span class="url-icon"><img alt=[鼓掌] src="https://h5.sinaimg.cn/m/emoticon/icon/default/d_guzhang-cca8b296d9.png" style="width:1em; height:1em;" /></span><span class="url-icon"><img alt=[鼓掌] src="https://h5.sinaimg.cn/m/emoticon/icon/default/d_guzhang-cca8b296d9.png" style="width:1em; height:1em;" /></span>
今天妳喝摩卡了吗=>2023-02-05 22:32:14=>0=>好壮观！<span class="url-icon"><img alt="[彩虹屁]" src="https://face.t.sinajs.cn/t4/appstyle/expression/ext/normal/4b/2022_praise_org.png" style="width:1em; height:1em;" /></span>
Charles的饺子酱=>2023-02-05 22:31:53=>0=>牛<span class="url-icon"><img alt=[赞] src="https://h5.sinaimg.cn/m/emoticon/icon/others/h_zan-44ddc70637.png" style="width:1em; height:1em;" /></span>
liyanchaolawyer=>2023-02-05 22:31:37=>0=>震撼，好看。
哦_o哦o_=>2023-02-05 22:30:32=>0=>好漂亮啊
正能量奶茶子=>2023-02-05 22:27:58=>0=>祝大家元宵节快乐
银河系外的轩轩=>2023-02-05 22:25:58=>0=>好壮观
一串数字呀=>2023-02-05 22:25:28=>0=>哇，好逼真！
小花昀朵=>2023-02-05 22:25:00=>0=>壮观<span class="url-icon"><img alt="[哇]" src="https://face.t.sinajs.cn/t4/appstyle/expression/ext/normal/3d/2022_wow_org.png" style="width:1em; height:1em;" /></span><span class="url-icon"><img alt="[哇]" src="https://face.t.sinajs.cn/t4/appstyle/expression/ext/normal/3d/2022_wow_org.png" style="width:1em; height:1em;" /></span><span class="url-icon"><img alt="[哇]" src="https://face.t.sinajs.cn/t4/appstyle/expression/ext/normal/3d/2022_wow_org.png" style="width:1em; height:1em;" /></span>
渐渐热_=>2023-02-05 22:24:41=>0=>好看
荔枝啵啵冰JCT-发疯版=>2023-02-05 22:24:05=>0=>好美！
L1016_大吉大栗-好运莲莲_1007X=>2023-02-05 22:23:00=>0=>哇
兔狲不是兔哟=>2023-02-05 22:22:52=>0=>元宵快乐
被安利的妞妞=>2023-02-05 22:22:39=>0=>哇！好壮观！
Eug跑跑=>2023-02-05 22:22:19=>0=>好长
晴时有风语=>2023-02-05 22:21:06=>0=>哇塞，真壮观<span class="url-icon"><img alt=[good] src="https://h5.sinaimg.cn/m/emoticon/icon/others/h_good-0c51afc69c.png" style="width:1em; height:1em;" /></span>
浓雾悸绵颖=>2023-02-05 22:17:05=>0=>哇
Z-情窦初开=>2023-02-05 22:16:55=>0=>哇塞 好美
美式冰美式热美式=>2023-02-05 22:15:30=>0=>很震撼的美
C_亚亚=>2023-02-05 22:13:07=>0=>好美，视觉盛宴
严焗迷雾=>2023-02-05 22:13:02=>0=>好美<span class="url-icon"><img alt=[哈哈] src="https://h5.sinaimg.cn/m/emoticon/icon/default/d_haha-0ec05e6dad.png" style="width:1em; height:1em;" /></span>
chiiyu-=>2023-02-05 22:11:07=>0=><span class="url-icon"><img alt=[心] src="https://h5.sinaimg.cn/m/emoticon/icon/others/l_xin-43af9086c0.png" style="width:1em; height:1em;" /></span>
乌鲁鲁LIN=>2023-02-05 22:11:02=>0=>好美啊
珏月S=>2023-02-05 22:10:47=>0=>绝了
我梦睡8=>2023-02-05 22:09:53=>0=>团团元宵节快乐<span class="url-icon"><img alt=[打call] src="https://h5.sinaimg.cn/m/emoticon/icon/default/fb_a1dacall-1e0c4593fc.png" style="width:1em; height:1em;" /></span>
北国刀客猫六六=>2023-02-05 22:09:48=>0=>哇<span class="url-icon"><img alt=[doge] src="https://h5.sinaimg.cn/m/emoticon/icon/others/d_doge-be7f768d78.png" style="width:1em; height:1em;" /></span>
我梦睡8=>2023-02-05 22:09:41=>0=>好美
OeAntOf=>2023-02-05 22:09:38=>0=>好好看<span class="url-icon"><img alt=[羞嗒嗒] src="https://h5.sinaimg.cn/m/emoticon/icon/lxh/lxh_xiudada-e99552ddb3.png" style="width:1em; height:1em;" /></span>
芯芯味的可乐=>2023-02-05 22:07:50=>0=>好美<span class="url-icon"><img alt=[舔屏] src="https://h5.sinaimg.cn/m/emoticon/icon/default/d_tian-3b1ce0a112.png" style="width:1em; height:1em;" /></span><span class="url-icon"><img alt=[舔屏] src="https://h5.sinaimg.cn/m/emoticon/icon/default/d_tian-3b1ce0a112.png" style="width:1em; height:1em;" /></span><span class="url-icon"><img alt=[舔屏] src="https://h5.sinaimg.cn/m/emoticon/icon/default/d_tian-3b1ce0a112.png" style="width:1em; height:1em;" /></span>
3366915飘雪=>2023-02-05 22:07:41=>0=>好看
天蝎祎971120=>2023-02-05 22:06:44=>0=>哇<span class="url-icon"><img alt="[哇]" src="https://face.t.sinajs.cn/t4/appstyle/expression/ext/normal/3d/2022_wow_org.png" style="width:1em; height:1em;" /></span>
迪克布丁_=>2023-02-05 22:06:43=>0=>好壮观<span class="url-icon"><img alt=[好喜欢] src="https://h5.sinaimg.cn/m/emoticon/icon/lxh/lxh_haoxihuan-51860b62e6.png" style="width:1em; height:1em;" /></span>
柚渽夠叫了=>2023-02-05 22:04:22=>0=>哇
你好没果汁吃f=>2023-02-05 22:04:11=>0=>好好看
豆腐小僧=>2023-02-05 22:03:55=>0=>哇
Sweet_chestnut_黑化版=>2023-02-05 22:03:55=>0=>哇好美
听嫋嫋碎碎念=>2023-02-05 22:03:25=>0=>好美<span class="url-icon"><img alt="[心动超崽]" src="https://face.t.sinajs.cn/t4/appstyle/expression/ext/normal/ae/2022_CHAO_org.png" style="width:1em; height:1em;" /></span>
呆头鹅嘎嘎-=>2023-02-05 22:03:12=>0=>好美<span class="url-icon"><img alt=[抱一抱] src="https://h5.sinaimg.cn/m/emoticon/icon/default/co_a1hug-f3910d0e88.png" style="width:1em; height:1em;" /></span>
Aa桃颖奶渲=>2023-02-05 22:03:04=>0=>哇塞
长虹绚烂=>2023-02-06 17:55:56=>0=>壮观<span class="url-icon"><img alt=[打call] src="https://h5.sinaimg.cn/m/emoticon/icon/default/fb_a1dacall-1e0c4593fc.png" style="width:1em; height:1em;" /></span>
屎迪的小尾巴=>2023-02-06 13:02:02=>0=>比宾阳炮龙好多了
土哩2012=>2023-02-06 12:30:16=>0=>大家一起努力的奇景
文兰瑛=>2023-02-06 12:20:32=>0=>👏👏👏
反吹秦=>2023-02-06 11:16:18=>0=>哇哦
拈花笑红尘醉=>2023-02-06 10:52:50=>0=>灯火里的中国<span class="url-icon"><img alt=[鼓掌] src="https://h5.sinaimg.cn/m/emoticon/icon/default/d_guzhang-cca8b296d9.png" style="width:1em; height:1em;" /></span>
微语中的蒲公英=>2023-02-06 10:42:18=>0=>好看<span class="url-icon"><img alt=[嘻嘻] src="https://h5.sinaimg.cn/m/emoticon/icon/default/d_xixi-643ef6e48d.png" style="width:1em; height:1em;" /></span>
男儿当如萨内蒂的围脖=>2023-02-06 10:17:31=>0=><span class="url-icon"><img alt="[送花花]" src="https://face.t.sinajs.cn/t4/appstyle/expression/ext/normal/cb/2022_Flowers_org.png" style="width:1em; height:1em;" /></span>
JM大红袍不是绿茶=>2023-02-06 09:59:15=>0=>太壮观了 🙊建议各地传统文化坚持发扬下去呀
韩瑞玲hrl_505=>2023-02-06 09:08:06=>0=>很震撼<span class="url-icon"><img alt=[打call] src="https://h5.sinaimg.cn/m/emoticon/icon/default/fb_a1dacall-1e0c4593fc.png" style="width:1em; height:1em;" /></span>
喵喵喵喵酱ya=>2023-02-06 08:37:16=>0=>美
且听杨敲月=>2023-02-06 08:18:00=>0=>巨龙巡游果然气势磅礴 荡气回肠
丞磊的调色盘-=>2023-02-06 08:00:35=>0=>太美了！
Dakecrazy=>2023-02-06 07:50:26=>0=>因为有夜的黑，才需要灯
小春和小豆=>2023-02-06 07:43:41=>0=>好看
Indefree=>2023-02-06 07:30:25=>0=>好壮观！
椰啵向着有钱=>2023-02-06 06:54:44=>0=>太壮观了<span class="url-icon"><img alt=[打call] src="https://h5.sinaimg.cn/m/emoticon/icon/default/fb_a1dacall-1e0c4593fc.png" style="width:1em; height:1em;" /></span><span class="url-icon"><img alt=[打call] src="https://h5.sinaimg.cn/m/emoticon/icon/default/fb_a1dacall-1e0c4593fc.png" style="width:1em; height:1em;" /></span><span class="url-icon"><img alt=[打call] src="https://h5.sinaimg.cn/m/emoticon/icon/default/fb_a1dacall-1e0c4593fc.png" style="width:1em; height:1em;" /></span>
gumogumo=>2023-02-06 06:04:56=>0=>端午节到了
d微笑的鱼b=>2023-02-06 06:00:10=>0=><span class="url-icon"><img alt=[赞] src="https://h5.sinaimg.cn/m/emoticon/icon/others/h_zan-44ddc70637.png" style="width:1em; height:1em;" /></span><span class="url-icon"><img alt=[赞] src="https://h5.sinaimg.cn/m/emoticon/icon/others/h_zan-44ddc70637.png" style="width:1em; height:1em;" /></span>
混物有成=>2023-02-06 04:23:27=>0=>炫<span class="url-icon"><img alt=[威武] src="https://h5.sinaimg.cn/m/emoticon/icon/others/f_v5-bbd6f199c2.png" style="width:1em; height:1em;" /></span>
新马甲黄金=>2023-02-06 02:32:28=>0=>真牛逼
6355319007_135=>2023-02-06 01:06:15=>0=>哇，太美啦<span class="url-icon"><img alt=[心] src="https://h5.sinaimg.cn/m/emoticon/icon/others/l_xin-43af9086c0.png" style="width:1em; height:1em;" /></span>
妖未初兮=>2023-02-06 00:54:08=>0=>哇<span class="url-icon"><img alt="[666]" src="https://face.t.sinajs.cn/t4/appstyle/expression/ext/normal/6c/2022_666_org.png" style="width:1em; height:1em;" /></span>
付森爱次不娜娜=>2023-02-06 00:18:32=>0=>很美
睡死的羊=>2023-02-06 00:16:54=>0=>哇哦<span class="url-icon"><img alt=[傻眼] src="https://h5.sinaimg.cn/m/emoticon/icon/default/d_shayan-4e8000eba9.png" style="width:1em; height:1em;" /></span>
我应该是很爱这个世界的=>2023-02-06 00:12:48=>0=>好惊艳<span class="url-icon"><img alt="[送花花]" src="https://face.t.sinajs.cn/t4/appstyle/expression/ext/normal/cb/2022_Flowers_org.png" style="width:1em; height:1em;" /></span>
开朗的苹果派=>2023-02-06 00:02:01=>0=><span class="url-icon"><img alt=[抱一抱] src="https://h5.sinaimg.cn/m/emoticon/icon/default/co_a1hug-f3910d0e88.png" style="width:1em; height:1em;" /></span><span class="url-icon"><img alt=[抱一抱] src="https://h5.sinaimg.cn/m/emoticon/icon/default/co_a1hug-f3910d0e88.png" style="width:1em; height:1em;" /></span><span class="url-icon"><img alt=[抱一抱] src="https://h5.sinaimg.cn/m/emoticon/icon/default/co_a1hug-f3910d0e88.png" style="width:1em; height:1em;" /></span>元宵快乐
江老师不教语文=>2023-02-05 23:58:59=>0=>哇靠，大广西就是牛嗷
徐徐霁泽=>2023-02-05 23:55:27=>0=>哇<span class="url-icon"><img alt="[哇]" src="https://face.t.sinajs.cn/t4/appstyle/expression/ext/normal/3d/2022_wow_org.png" style="width:1em; height:1em;" /></span>
恐恋丑癖_=>2023-02-05 23:47:08=>0=>我不能看到说明它不好看<span class="url-icon"><img alt=[微笑] src="https://h5.sinaimg.cn/m/emoticon/icon/default/d_hehe-0be7e6251f.png" style="width:1em; height:1em;" /></span>
吃串串的串=>2023-02-05 23:46:27=>0=>遇龙河上有真龙<span class="url-icon"><img alt=[good] src="https://h5.sinaimg.cn/m/emoticon/icon/others/h_good-0c51afc69c.png" style="width:1em; height:1em;" /></span>
一枝藤萝=>2023-02-05 23:39:55=>0=><span class="url-icon"><img alt="[赢牛奶]" src="https://face.t.sinajs.cn/t4/appstyle/expression/ext/normal/9c/2021_yingniunai_org.png" style="width:1em; height:1em;" /></span>
辣芒果酸=>2023-02-05 23:38:27=>1=>好看
秀若贤婧=>2023-02-05 23:36:44=>0=><span class="url-icon"><img alt=[鼓掌] src="https://h5.sinaimg.cn/m/emoticon/icon/default/d_guzhang-cca8b296d9.png" style="width:1em; height:1em;" /></span><span class="url-icon"><img alt=[鼓掌] src="https://h5.sinaimg.cn/m/emoticon/icon/default/d_guzhang-cca8b296d9.png" style="width:1em; height:1em;" /></span><span class="url-icon"><img alt=[鼓掌] src="https://h5.sinaimg.cn/m/emoticon/icon/default/d_guzhang-cca8b296d9.png" style="width:1em; height:1em;" /></span>
芲颜遇洓=>2023-02-05 23:35:16=>0=>电影开场了<span class="url-icon"><img alt=[允悲] src="https://h5.sinaimg.cn/m/emoticon/icon/default/d_yunbei-a14a649db8.png" style="width:1em; height:1em;" /></span>
了之o-O=>2023-02-05 23:26:08=>0=>漂亮！<span class="url-icon"><img alt="[送花花]" src="https://face.t.sinajs.cn/t4/appstyle/expression/ext/normal/cb/2022_Flowers_org.png" style="width:1em; height:1em;" /></span>
沚桐=>2023-02-05 23:12:47=>0=>好漂亮啊<span class="url-icon"><img alt=[打call] src="https://h5.sinaimg.cn/m/emoticon/icon/default/fb_a1dacall-1e0c4593fc.png" style="width:1em; height:1em;" /></span><span class="url-icon"><img alt=[打call] src="https://h5.sinaimg.cn/m/emoticon/icon/default/fb_a1dacall-1e0c4593fc.png" style="width:1em; height:1em;" /></span><span class="url-icon"><img alt=[打call] src="https://h5.sinaimg.cn/m/emoticon/icon/default/fb_a1dacall-1e0c4593fc.png" style="width:1em; height:1em;" /></span>
窗外的麻雀千真万雀=>2023-02-05 23:09:53=>0=>玉壶光转，一夜鱼龙舞<span class="url-icon"><img alt=[good] src="https://h5.sinaimg.cn/m/emoticon/icon/others/h_good-0c51afc69c.png" style="width:1em; height:1em;" /></span>
溺毙的爱人=>2023-02-05 23:07:05=>0=>哇塞！！！
hyun0won1hyun0=>2023-02-05 22:59:18=>0=>哇塞，好看
在喧哗的世界深潜=>2023-02-05 22:44:13=>0=>哇
汀州沙暖=>2023-02-05 22:41:35=>0=>一条蛇
谁还不是厉飞雨=>2023-02-05 22:34:07=>0=>哇 原来真龙就是这样的啊
行星下落=>2023-02-05 22:32:01=>0=>好漂亮<span class="url-icon"><img alt=[赞] src="https://h5.sinaimg.cn/m/emoticon/icon/others/h_zan-44ddc70637.png" style="width:1em; height:1em;" /></span>
此人十分热爱生活=>2023-02-05 22:30:45=>0=>哇<span class="url-icon"><img alt=[打call] src="https://h5.sinaimg.cn/m/emoticon/icon/default/fb_a1dacall-1e0c4593fc.png" style="width:1em; height:1em;" /></span>这也太有意思了吧！
祈畔屿千=>2023-02-05 22:30:30=>0=>哇塞!好壮观
锐颖出嚣尘=>2023-02-05 22:29:08=>0=>好壮观<span class="url-icon"><img alt="[哇]" src="https://face.t.sinajs.cn/t4/appstyle/expression/ext/normal/3d/2022_wow_org.png" style="width:1em; height:1em;" /></span>
我想改个好点的昵称=>2023-02-05 22:28:25=>0=>有点意思
大脾气的小狮子YY=>2023-02-05 22:25:46=>0=>团团圆圆，中国盛世<span class="url-icon"><img alt=[心] src="https://h5.sinaimg.cn/m/emoticon/icon/others/l_xin-43af9086c0.png" style="width:1em; height:1em;" /></span>
开心的土豆饼=>2023-02-05 22:24:22=>0=>好好看啊<span class="url-icon"><img alt="[哇]" src="https://face.t.sinajs.cn/t4/appstyle/expression/ext/normal/3d/2022_wow_org.png" style="width:1em; height:1em;" /></span>
奈何我仍是我=>2023-02-05 22:20:30=>0=>元宵节假期可以长一点吗<span class="url-icon"><img alt=[允悲] src="https://h5.sinaimg.cn/m/emoticon/icon/default/d_yunbei-a14a649db8.png" style="width:1em; height:1em;" /></span>我都没过过几次
闪开让我先跑5_2=>2023-02-05 22:20:25=>0=>哇好美好想现场看
种花家的熊二=>2023-02-05 22:20:12=>0=>我！大！桂！林！
1斤菠萝包=>2023-02-05 22:19:30=>0=>好美啊<span class="url-icon"><img alt=[微风] src="https://h5.sinaimg.cn/m/emoticon/icon/others/w_weifeng-6dce9bef03.png" style="width:1em; height:1em;" /></span><span class="url-icon"><img alt=[微风] src="https://h5.sinaimg.cn/m/emoticon/icon/others/w_weifeng-6dce9bef03.png" style="width:1em; height:1em;" /></span>团团元宵节快乐呀
微博黄铸=>2023-02-05 22:17:55=>0=>好看好看
超大号鼠标=>2023-02-05 22:17:03=>0=>晚上好<span class="url-icon"><img alt=[太阳] src="https://h5.sinaimg.cn/m/emoticon/icon/others/w_taiyang-2b1d91ddac.png" style="width:1em; height:1em;" /></span>
超大号鼠标=>2023-02-05 22:16:36=>0=>好美好美
度径带烟浮=>2023-02-05 22:13:11=>0=>愿年年，人似旧游<span class="url-icon"><img alt=[抱一抱] src="https://h5.sinaimg.cn/m/emoticon/icon/default/co_a1hug-f3910d0e88.png" style="width:1em; height:1em;" /></span>
火苗mum=>2023-02-05 22:12:33=>0=>漂亮～
la希度度=>2023-02-05 22:11:18=>0=>哇哦
黑-孩=>2023-02-05 22:10:18=>0=>搞得像一条蛇
别抢我小源-=>2023-02-05 22:09:44=>0=>好美
袁鑫V587=>2023-02-05 22:09:17=>0=>偷国：这个偷的难度有点大<span class="url-icon"><img alt=[doge] src="https://h5.sinaimg.cn/m/emoticon/icon/others/d_doge-be7f768d78.png" style="width:1em; height:1em;" /></span>
好了好吧01=>2023-02-05 22:08:02=>0=>好看
吉祥的5=>2023-02-05 22:06:58=>0=>好好看啊！
来则来去则去05=>2023-02-05 22:04:19=>0=>太美了，中国龙
阳台已种花=>2023-02-05 22:04:01=>0=>好看！这才是民族的宝<span class="url-icon"><img alt=[鲜花] src="https://h5.sinaimg.cn/m/emoticon/icon/others/w_xianhua-f902c37199.png" style="width:1em; height:1em;" /></span>
胖虫与阿赵zly=>2023-02-05 22:03:47=>0=>好美<span class="url-icon"><img alt=[抱一抱] src="https://h5.sinaimg.cn/m/emoticon/icon/default/co_a1hug-f3910d0e88.png" style="width:1em; height:1em;" /></span>
濛光照亮前路=>2023-02-20 15:45:38=>0=>美
忙碌小芒果_=>2023-02-07 08:32:17=>0=>漂亮
辞怜昱=>2023-02-06 21:15:35=>0=>好看<span class="url-icon"><img alt=[心] src="https://h5.sinaimg.cn/m/emoticon/icon/others/l_xin-43af9086c0.png" style="width:1em; height:1em;" /></span>
D30064=>2023-02-06 07:19:15=>0=><span class="url-icon"><img alt=[good] src="https://h5.sinaimg.cn/m/emoticon/icon/others/h_good-0c51afc69c.png" style="width:1em; height:1em;" /></span><span class="url-icon"><img alt=[good] src="https://h5.sinaimg.cn/m/emoticon/icon/others/h_good-0c51afc69c.png" style="width:1em; height:1em;" /></span><span class="url-icon"><img alt=[good] src="https://h5.sinaimg.cn/m/emoticon/icon/others/h_good-0c51afc69c.png" style="width:1em; height:1em;" /></span>
嫌他黑白太分明=>2023-02-06 06:54:09=>0=>元宵节快乐
zhiying猪=>2023-02-06 02:43:12=>0=><span class="url-icon"><img alt="[哇]" src="https://face.t.sinajs.cn/t4/appstyle/expression/ext/normal/3d/2022_wow_org.png" style="width:1em; height:1em;" /></span><span class="url-icon"><img alt="[哇]" src="https://face.t.sinajs.cn/t4/appstyle/expression/ext/normal/3d/2022_wow_org.png" style="width:1em; height:1em;" /></span><span class="url-icon"><img alt="[哇]" src="https://face.t.sinajs.cn/t4/appstyle/expression/ext/normal/3d/2022_wow_org.png" style="width:1em; height:1em;" /></span>
橙子兔Shelly=>2023-02-06 01:32:34=>0=>转发微博
每天都说爱你_=>2023-02-05 23:26:27=>1=>好看
喏哞哏啀=>2023-02-05 22:40:07=>0=><span class="url-icon"><img alt=[鼓掌] src="https://h5.sinaimg.cn/m/emoticon/icon/default/d_guzhang-cca8b296d9.png" style="width:1em; height:1em;" /></span>
想吃干锅鱼=>2023-02-05 22:27:33=>0=>好美<span class="url-icon"><img alt="[送花花]" src="https://face.t.sinajs.cn/t4/appstyle/expression/ext/normal/cb/2022_Flowers_org.png" style="width:1em; height:1em;" /></span>祝大家元宵节快乐<span class="url-icon"><img alt="[送花花]" src="https://face.t.sinajs.cn/t4/appstyle/expression/ext/normal/cb/2022_Flowers_org.png" style="width:1em; height:1em;" /></span>
铭心刻骨cjm=>2023-02-05 22:25:27=>0=>针不戳<span class="url-icon"><img alt="[哇]" src="https://face.t.sinajs.cn/t4/appstyle/expression/ext/normal/3d/2022_wow_org.png" style="width:1em; height:1em;" /></span>元宵节快乐
追星Nami=>2023-02-05 22:15:33=>0=>中国龙<span class="url-icon"><img alt="[努力]" src="https://face.t.sinajs.cn/t4/appstyle/expression/ext/normal/7c/2022_Keepgoing_org.png" style="width:1em; height:1em;" /></span>
杨轶良_746_840=>2023-02-05 22:10:25=>0=>好看<span class="url-icon"><img alt=[赞] src="https://h5.sinaimg.cn/m/emoticon/icon/others/h_zan-44ddc70637.png" style="width:1em; height:1em;" /></span><span class="url-icon"><img alt=[赞] src="https://h5.sinaimg.cn/m/emoticon/icon/others/h_zan-44ddc70637.png" style="width:1em; height:1em;" /></span><span class="url-icon"><img alt=[赞] src="https://h5.sinaimg.cn/m/emoticon/icon/others/h_zan-44ddc70637.png" style="width:1em; height:1em;" /></span>
小早沐=>2023-02-06 16:08:09=>0=>好美，太壮观了
眉宇安宁=>2023-02-06 12:57:23=>1=>好漂亮呀！去过一次阳朔，遇龙河蛮美的。
呆呆珉-=>2023-02-06 11:19:51=>0=>好壮观
年似若水=>2023-02-06 09:04:56=>0=>星光万盏灯
xin想是丞=>2023-02-06 08:02:56=>0=>太美了
刀酥鱼=>2023-02-06 07:42:13=>0=>哇
打妹emo=>2023-02-06 07:35:00=>0=>早
koocelee=>2023-02-06 07:31:13=>0=>太震撼了！！
MD_郭蕊=>2023-02-06 06:34:32=>1=>好壮观
木子小白蝎=>2023-02-06 04:55:32=>0=><span class="url-icon"><img alt=[心] src="https://h5.sinaimg.cn/m/emoticon/icon/others/l_xin-43af9086c0.png" style="width:1em; height:1em;" /></span>
蝴蝶奴-_x=>2023-02-06 03:51:47=>0=>好美！！！
JT·总有浪漫值得奔赴=>2023-02-06 03:47:16=>0=>哇
夏得半丝=>2023-02-06 02:34:59=>0=><span class="url-icon"><img alt=[鲜花] src="https://h5.sinaimg.cn/m/emoticon/icon/others/w_xianhua-f902c37199.png" style="width:1em; height:1em;" /></span><span class="url-icon"><img alt=[鲜花] src="https://h5.sinaimg.cn/m/emoticon/icon/others/w_xianhua-f902c37199.png" style="width:1em; height:1em;" /></span>
GraceZhang_jzy=>2023-02-06 02:29:48=>1=>东风夜放花千树，更吹落，星如雨。火树银花不夜天
秃头选拔大使=>2023-02-06 02:18:16=>0=><span class="url-icon"><img alt=[心] src="https://h5.sinaimg.cn/m/emoticon/icon/others/l_xin-43af9086c0.png" style="width:1em; height:1em;" /></span>
逸悖涡缴殺=>2023-02-06 01:12:01=>0=>好壮观
严猫砖家=>2023-02-06 01:02:39=>0=><span class="url-icon"><img alt=[打call] src="https://h5.sinaimg.cn/m/emoticon/icon/default/fb_a1dacall-1e0c4593fc.png" style="width:1em; height:1em;" /></span><span class="url-icon"><img alt=[打call] src="https://h5.sinaimg.cn/m/emoticon/icon/default/fb_a1dacall-1e0c4593fc.png" style="width:1em; height:1em;" /></span><span class="url-icon"><img alt=[打call] src="https://h5.sinaimg.cn/m/emoticon/icon/default/fb_a1dacall-1e0c4593fc.png" style="width:1em; height:1em;" /></span>
诗诗Shelly-橙子兔=>2023-02-06 00:49:33=>1=>好厉害
-花花果实能力者-=>2023-02-06 00:36:53=>1=>庆庆再吃一颗苹果
KatzeKatze心想事成=>2023-02-06 00:20:10=>0=>🆒🆒🆒🆒
鱼嘎嘎叫-=>2023-02-05 23:40:45=>1=>好美
杨又泡馍啦啦啦=>2023-02-05 23:24:47=>0=>屈梦园
因为不知道叫什么所以叫无名=>2023-02-05 23:21:03=>0=>好壮观啊
·芷梦环游记·=>2023-02-05 23:20:42=>0=>好壮观哇
重拾_狗狗祟祟的快乐=>2023-02-05 23:20:15=>0=>好好看
季南诗=>2023-02-05 23:12:56=>0=>好美呀
金阿珉-=>2023-02-05 23:12:02=>0=>蛮壮观的
DirtyBullet=>2023-02-05 23:08:10=>1=>好美
1不要再吃了了=>2023-02-05 23:07:52=>0=><span class="url-icon"><img alt=[赞啊] src="https://h5.sinaimg.cn/m/emoticon/icon/lxh/lxh_zana-dd20c7bed2.png" style="width:1em; height:1em;" /></span>
瑷猫卷=>2023-02-05 23:05:31=>0=>好漂亮
财紫佳仁=>2023-02-05 23:03:25=>0=>赞👍🏻
巧乐兹Lava=>2023-02-05 23:00:00=>0=>哇
宇泥豆鲨=>2023-02-05 22:56:42=>0=>哇塞
bjt咪咕咪咕=>2023-02-05 22:46:03=>0=>好漂亮
臭屁小猫k=>2023-02-05 22:45:07=>1=>好看
Osehynnnn=>2023-02-05 22:44:47=>0=>震撼！
圣灯山隐士=>2023-02-05 22:44:38=>0=>领导真会花钱！
椰猫若=>2023-02-05 22:43:30=>0=>好看
焦糖月饼糕=>2023-02-05 22:42:08=>0=>好漂亮！！
亿刺=>2023-02-05 22:38:44=>0=>好看
菇菇醒了95=>2023-02-05 22:38:15=>0=>这个有点酷
郁金香信笺=>2023-02-05 22:37:52=>0=>哇<span class="url-icon"><img alt="[哇]" src="https://face.t.sinajs.cn/t4/appstyle/expression/ext/normal/3d/2022_wow_org.png" style="width:1em; height:1em;" /></span><span class="url-icon"><img alt="[哇]" src="https://face.t.sinajs.cn/t4/appstyle/expression/ext/normal/3d/2022_wow_org.png" style="width:1em; height:1em;" /></span>好漂亮
风渡夏野=>2023-02-05 22:37:21=>0=>好美<span class="url-icon"><img alt="[哇]" src="https://face.t.sinajs.cn/t4/appstyle/expression/ext/normal/3d/2022_wow_org.png" style="width:1em; height:1em;" /></span>
乔星阮=>2023-02-05 22:37:08=>0=>晚安
小棣瓜_ID=>2023-02-05 22:36:36=>0=>好漂亮啊
七月如糖_=>2023-02-05 22:35:36=>0=><span class="url-icon"><img alt=[心] src="https://h5.sinaimg.cn/m/emoticon/icon/others/l_xin-43af9086c0.png" style="width:1em; height:1em;" /></span><span class="url-icon"><img alt=[心] src="https://h5.sinaimg.cn/m/emoticon/icon/others/l_xin-43af9086c0.png" style="width:1em; height:1em;" /></span>
颂妮詩=>2023-02-05 22:35:29=>0=>哇塞 好美
种花家小兔兔9=>2023-02-05 22:34:00=>0=><span class="url-icon"><img alt=[鼓掌] src="https://h5.sinaimg.cn/m/emoticon/icon/default/d_guzhang-cca8b296d9.png" style="width:1em; height:1em;" /></span><span class="url-icon"><img alt=[鼓掌] src="https://h5.sinaimg.cn/m/emoticon/icon/default/d_guzhang-cca8b296d9.png" style="width:1em; height:1em;" /></span><span class="url-icon"><img alt=[鼓掌] src="https://h5.sinaimg.cn/m/emoticon/icon/default/d_guzhang-cca8b296d9.png" style="width:1em; height:1em;" /></span><span class="url-icon"><img alt=[鼓掌] src="https://h5.sinaimg.cn/m/emoticon/icon/default/d_guzhang-cca8b296d9.png" style="width:1em; height:1em;" /></span><span class="url-icon"><img alt=[鼓掌] src="https://h5.sinaimg.cn/m/emoticon/icon/default/d_guzhang-cca8b296d9.png" style="width:1em; height:1em;" /></span><span class="url-icon"><img alt=[鼓掌] src="https://h5.sinaimg.cn/m/emoticon/icon/default/d_guzhang-cca8b296d9.png" style="width:1em; height:1em;" /></span>
吃不胖可真难=>2023-02-05 22:33:45=>1=>好好看
至今小棍-=>2023-02-05 22:33:35=>0=>好好看
龏奭嚻艸=>2023-02-05 22:32:09=>0=>太壮观了<span class="url-icon"><img alt=[憧憬] src="https://h5.sinaimg.cn/m/emoticon/icon/default/d_xingxingyan-c64b6a744b.png" style="width:1em; height:1em;" /></span><span class="url-icon"><img alt=[憧憬] src="https://h5.sinaimg.cn/m/emoticon/icon/default/d_xingxingyan-c64b6a744b.png" style="width:1em; height:1em;" /></span><span class="url-icon"><img alt=[憧憬] src="https://h5.sinaimg.cn/m/emoticon/icon/default/d_xingxingyan-c64b6a744b.png" style="width:1em; height:1em;" /></span><span class="url-icon"><img alt=[good] src="https://h5.sinaimg.cn/m/emoticon/icon/others/h_good-0c51afc69c.png" style="width:1em; height:1em;" /></span><span class="url-icon"><img alt=[good] src="https://h5.sinaimg.cn/m/emoticon/icon/others/h_good-0c51afc69c.png" style="width:1em; height:1em;" /></span><span class="url-icon"><img alt=[good] src="https://h5.sinaimg.cn/m/emoticon/icon/others/h_good-0c51afc69c.png" style="width:1em; height:1em;" /></span>
我要昏过去了_=>2023-02-05 22:28:22=>0=>好漂亮
海盐蜜桃季风=>2023-02-05 22:28:21=>0=><span class="url-icon"><img alt=[抱一抱] src="https://h5.sinaimg.cn/m/emoticon/icon/default/co_a1hug-f3910d0e88.png" style="width:1em; height:1em;" /></span>
KB_White空白=>2023-02-05 22:28:05=>0=>我的家乡<span class="url-icon"><img alt=[抱一抱] src="https://h5.sinaimg.cn/m/emoticon/icon/default/co_a1hug-f3910d0e88.png" style="width:1em; height:1em;" /></span>
不舍昼夜CM10=>2023-02-05 22:27:41=>1=>元宵节快乐！
吃饭饭饭饭饭饭---=>2023-02-05 22:26:51=>0=>元宵节快乐<span class="url-icon"><img alt=[哈哈] src="https://h5.sinaimg.cn/m/emoticon/icon/default/d_haha-0ec05e6dad.png" style="width:1em; height:1em;" /></span>
讨气受=>2023-02-05 22:26:05=>0=>哇好漂亮
一眼博肖=>2023-02-05 22:21:40=>0=><span class="url-icon"><img alt="[哇]" src="https://face.t.sinajs.cn/t4/appstyle/expression/ext/normal/3d/2022_wow_org.png" style="width:1em; height:1em;" /></span>
小停快跑=>2023-02-05 22:21:35=>0=>壮观！
一点都不够睡=>2023-02-05 22:21:07=>0=>好看
心跳蔓延_=>2023-02-05 22:19:22=>0=>好美<span class="url-icon"><img alt=[哈哈] src="https://h5.sinaimg.cn/m/emoticon/icon/default/d_haha-0ec05e6dad.png" style="width:1em; height:1em;" /></span>元宵节快乐吖
就不发自拍=>2023-02-05 22:17:55=>0=>好好看<span class="url-icon"><img alt=[爱你] src="https://h5.sinaimg.cn/m/emoticon/icon/default/d_aini-09d5f3f870.png" style="width:1em; height:1em;" /></span>
暮色关山客=>2023-02-05 22:14:57=>0=>好美<span class="url-icon"><img alt=[好喜欢] src="https://h5.sinaimg.cn/m/emoticon/icon/lxh/lxh_haoxihuan-51860b62e6.png" style="width:1em; height:1em;" /></span>
天天圆气满满=>2023-02-05 22:14:30=>0=>元宵佳节品汤圆，祝你广结善缘，事事圆满！
彩云归c=>2023-02-05 22:12:48=>0=>好看
用户LLQ=>2023-02-05 22:12:31=>0=>好看
抹茶奶盖oh=>2023-02-05 22:12:19=>0=>太好看了<span class="url-icon"><img alt=[打call] src="https://h5.sinaimg.cn/m/emoticon/icon/default/fb_a1dacall-1e0c4593fc.png" style="width:1em; height:1em;" /></span><span class="url-icon"><img alt=[打call] src="https://h5.sinaimg.cn/m/emoticon/icon/default/fb_a1dacall-1e0c4593fc.png" style="width:1em; height:1em;" /></span>
安年知=>2023-02-05 22:09:36=>0=>哇！！好美！！震撼啊！团团吃汤圆了吗？<span class="url-icon"><img alt=[求关注] src="https://h5.sinaimg.cn/m/emoticon/icon/lxh/lxh_qiuguanzhu-d5e122b2f6.png" style="width:1em; height:1em;" /></span><span class="url-icon"><img alt=[求关注] src="https://h5.sinaimg.cn/m/emoticon/icon/lxh/lxh_qiuguanzhu-d5e122b2f6.png" style="width:1em; height:1em;" /></span>
带着耳机听爱=>2023-02-05 22:08:34=>0=>哇哦，好新奇呀
内东北滴扣2=>2023-02-05 22:07:14=>0=>好壮观
信号协奏曲_=>2023-02-05 22:07:06=>0=>好看
柰子酱酱酱酱=>2023-02-05 22:06:36=>0=>呜哇！！！！！
欣欣即正义=>2023-02-05 22:06:23=>0=>好看
寻海雾=>2023-02-05 22:06:23=>0=>好好看<span class="url-icon"><img alt="[哇]" src="https://face.t.sinajs.cn/t4/appstyle/expression/ext/normal/3d/2022_wow_org.png" style="width:1em; height:1em;" /></span>
吟妤祎yi=>2023-02-05 22:06:15=>0=>好漂亮<span class="url-icon"><img alt=[抱一抱] src="https://h5.sinaimg.cn/m/emoticon/icon/default/co_a1hug-f3910d0e88.png" style="width:1em; height:1em;" /></span>
明天过后-亲签版=>2023-02-05 22:04:47=>0=>晚安 好好看<span class="url-icon"><img alt=[憧憬] src="https://h5.sinaimg.cn/m/emoticon/icon/default/d_xingxingyan-c64b6a744b.png" style="width:1em; height:1em;" /></span>
亦幻世界=>2023-02-05 22:04:47=>0=><span class="url-icon"><img alt=[太开心] src="https://h5.sinaimg.cn/m/emoticon/icon/default/d_taikaixin-b7d86de3fd.png" style="width:1em; height:1em;" /></span>//汐兮辞_:哇好好看
