比卡山=>2023-02-11 19:35:28=>833=>美国人放的火，那可是圣火，不可以扑灭<span class="url-icon"><img alt=[偷笑] src="https://h5.sinaimg.cn/m/emoticon/icon/default/d_touxiao-0d995330b6.png" style="width:1em; height:1em;" /></span>
爱上大声地-198707=>2023-02-11 19:31:03=>170=>说平安的是狗吧？闻着味来了？？收了美国黑金？
雪夜宸筱-晓晓涓=>2023-02-11 19:31:42=>130=>给美军挂黄牌管一下呀，敢不敢<span class="url-icon"><img alt=[思考] src="https://h5.sinaimg.cn/m/emoticon/icon/default/d_sikao-ff9602dd08.png" style="width:1em; height:1em;" /></span><span class="url-icon"><img alt=[思考] src="https://h5.sinaimg.cn/m/emoticon/icon/default/d_sikao-ff9602dd08.png" style="width:1em; height:1em;" /></span><span class="url-icon"><img alt=[思考] src="https://h5.sinaimg.cn/m/emoticon/icon/default/d_sikao-ff9602dd08.png" style="width:1em; height:1em;" /></span><span class="url-icon"><img alt=[思考] src="https://h5.sinaimg.cn/m/emoticon/icon/default/d_sikao-ff9602dd08.png" style="width:1em; height:1em;" /></span>
在爱的冬日里=>2023-02-11 20:00:52=>183=>愿火平安<span class="url-icon"><img alt=[可爱] src="https://h5.sinaimg.cn/m/emoticon/icon/default/d_keai-9aae643ce8.png" style="width:1em; height:1em;" /></span>
话道君=>2023-02-11 19:33:12=>98=>引狼入室<span class="url-icon"><img alt=[赞] src="https://h5.sinaimg.cn/m/emoticon/icon/others/h_zan-44ddc70637.png" style="width:1em; height:1em;" /></span>该
Lws咩=>2023-02-11 19:56:16=>91=>主子放的火，那可是圣🔥，竟敢扑灭？道歉了没，反思了没？<span class="url-icon"><img alt=[doge] src="https://h5.sinaimg.cn/m/emoticon/icon/others/d_doge-be7f768d78.png" style="width:1em; height:1em;" /></span>
本堂町春=>2023-02-11 19:33:34=>48=>刷平安的都是机器人吗<span class="url-icon"><img alt=[哆啦A梦害怕] src="https://h5.sinaimg.cn/m/emoticon/icon/doraemon/dr_03haipa-32e9b53caf.png" style="width:1em; height:1em;" /></span>
匡扶正义蒙=>2023-02-11 20:34:57=>70=>韩国没有给驻韩美军提供防火的训练环境，应该给美国赔偿
北极天2037=>2023-02-11 19:30:34=>22=>笑死，这不就是殖民地嘛
0921星光0921=>2023-02-11 19:58:59=>12=>愿火平安！烧久一点
祈祈憬秋=>2023-02-11 20:07:21=>21=>已阅
该用户说啊=>2023-02-11 20:34:20=>22=>评论区好多机器粉啊？平安个屁平安
Seraphim1128=>2023-02-11 20:06:30=>17=>棒子，是美爹放的火，别不识好歹<span class="url-icon"><img alt=[笑cry] src="https://h5.sinaimg.cn/m/emoticon/icon/default/d_xiaoku-f2bd11b506.png" style="width:1em; height:1em;" /></span>
wiiokk1=>2023-02-11 19:30:31=>22=><span class="url-icon"><img alt=[傻眼] src="https://h5.sinaimg.cn/m/emoticon/icon/default/d_shayan-4e8000eba9.png" style="width:1em; height:1em;" /></span>报应<span class="url-icon"><img alt=[馋嘴] src="https://h5.sinaimg.cn/m/emoticon/icon/default/d_chanzui-fc1acc341b.png" style="width:1em; height:1em;" /></span>
吃喝玩乐专用=>2023-02-11 19:35:42=>15=>韩国特色，可以申遗
倔强的你1949=>2023-02-11 20:15:49=>11=>发平安的机器人真多
惹事市民小辛=>2023-02-11 19:33:29=>7=>活该啊这不纯纯
芒昵芒昵=>2023-02-11 19:53:18=>7=>福报啊
星屑流歌=>2023-02-11 20:10:57=>7=>本来就有很多国家不承认棒子是主权国家，事实也确实如此。
DenoZ=>2023-02-11 20:05:55=>8=>不好意思，看到标题第一时间就笑了，我会反思的<span class="url-icon"><img alt=[doge] src="https://h5.sinaimg.cn/m/emoticon/icon/others/d_doge-be7f768d78.png" style="width:1em; height:1em;" /></span>
郁金香信笺=>2023-02-11 20:47:48=>3=>平安
被自己人挡了一下=>2023-02-11 19:35:01=>4=>爸爸上门送温暖，南朝鲜gan动吗？
花飞暖融香颊60482=>2023-02-11 21:15:36=>8=>强盗兼流氓的垃圾美国<span class="url-icon"><img alt=[蜡烛] src="https://h5.sinaimg.cn/m/emoticon/icon/others/o_lazhu-afb8e4fbdc.png" style="width:1em; height:1em;" /></span>💣
Caseyngel=>2023-02-11 20:48:49=>3=><span class="url-icon"><img alt=[哆啦A梦害怕] src="https://h5.sinaimg.cn/m/emoticon/icon/doraemon/dr_03haipa-32e9b53caf.png" style="width:1em; height:1em;" /></span>
xanaon=>2023-02-11 19:37:41=>2=><span class="url-icon"><img alt=[哆啦A梦害怕] src="https://h5.sinaimg.cn/m/emoticon/icon/doraemon/dr_03haipa-32e9b53caf.png" style="width:1em; height:1em;" /></span>
南宫璃火=>2023-02-11 19:49:33=>3=>殖民地嘛，正常<span class="url-icon"><img alt=[doge] src="https://h5.sinaimg.cn/m/emoticon/icon/others/d_doge-be7f768d78.png" style="width:1em; height:1em;" /></span>
罂粟刺儿1222=>2023-02-11 20:37:07=>3=>美国的山火不是自然熄灭吗？美国小弟没学到精髓啊。
天之力莫大于日=>2023-02-11 20:04:04=>6=>愿火没事，平安<span class="url-icon"><img alt=[笑cry] src="https://h5.sinaimg.cn/m/emoticon/icon/default/d_xiaoku-f2bd11b506.png" style="width:1em; height:1em;" /></span>
赵小球家的东哥=>2023-02-11 19:43:29=>2=>理解，租界嘛
Iverhaha=>2023-02-11 21:49:33=>4=>美帝国的飞地领土，是你们南朝鲜的人想进就能进的吗？
芋头咩咩Psyche=>2023-02-11 20:01:55=>3=>严格调查
颅内躁动者=>2023-02-11 19:30:37=>5=>红红火火
键盘侠一枚欢迎互怼=>2023-02-11 21:38:46=>3=>大韩殖民地，怕什么火，只要美国主子高兴，比什么都重要
指尖左右=>2023-02-11 21:07:19=>2=>这是什么情况？无法进入
WHY陌上尽殇=>2023-02-11 20:59:22=>2=><span class="url-icon"><img alt=[doge] src="https://h5.sinaimg.cn/m/emoticon/icon/others/d_doge-be7f768d78.png" style="width:1em; height:1em;" /></span>等干爹发话 干爹不说话 不许动
-破碎旧情书=>2023-02-11 20:43:54=>1=><span class="url-icon"><img alt=[哆啦A梦害怕] src="https://h5.sinaimg.cn/m/emoticon/icon/doraemon/dr_03haipa-32e9b53caf.png" style="width:1em; height:1em;" /></span><span class="url-icon"><img alt=[哆啦A梦害怕] src="https://h5.sinaimg.cn/m/emoticon/icon/doraemon/dr_03haipa-32e9b53caf.png" style="width:1em; height:1em;" /></span><span class="url-icon"><img alt=[哆啦A梦害怕] src="https://h5.sinaimg.cn/m/emoticon/icon/doraemon/dr_03haipa-32e9b53caf.png" style="width:1em; height:1em;" /></span>
一脚踹狗屁=>2023-02-11 19:30:29=>1=>🙏
脸大头像放不下=>2023-02-11 21:32:47=>2=>爹玩玩烟花咋了
月落云里=>2023-02-11 21:14:31=>4=>一家人不说两家话，烧就烧了吧再去看看韩国其他森林
模糊双眼看世界=>2023-02-11 20:21:07=>1=>美军烤火玩儿吧<span class="url-icon"><img alt=[允悲] src="https://h5.sinaimg.cn/m/emoticon/icon/default/d_yunbei-a14a649db8.png" style="width:1em; height:1em;" /></span>
香钵钵-熙正=>2023-02-11 20:43:22=>2=>多好的事，值得庆祝。
让我想想究竟改个什么样的名字=>2023-02-11 23:45:24=>2=><span class="url-icon"><img alt=[抱一抱] src="https://h5.sinaimg.cn/m/emoticon/icon/default/co_a1hug-f3910d0e88.png" style="width:1em; height:1em;" /></span>漂亮的烟火~
S高傲的格调S=>2023-02-11 21:56:40=>1=>嗯
桑栗清湛=>2023-02-11 19:43:44=>1=><span class="url-icon"><img alt=[哆啦A梦吃惊] src="https://h5.sinaimg.cn/m/emoticon/icon/doraemon/dr_01chijing-31d5542cca.png" style="width:1em; height:1em;" /></span><span class="url-icon"><img alt=[哆啦A梦吃惊] src="https://h5.sinaimg.cn/m/emoticon/icon/doraemon/dr_01chijing-31d5542cca.png" style="width:1em; height:1em;" /></span><span class="url-icon"><img alt=[哆啦A梦吃惊] src="https://h5.sinaimg.cn/m/emoticon/icon/doraemon/dr_01chijing-31d5542cca.png" style="width:1em; height:1em;" /></span>
百川归海PHZ83501=>2023-02-13 19:23:39=>0=>人在做，天在看！
薏仁1122=>2023-02-12 16:07:48=>0=>美丽的风景
落落不知生=>2023-02-12 07:36:02=>0=>美军是韩国人口里说的花钱请来的保镖 ，才不是什么外国驻军<span class="url-icon"><img alt=[偷笑] src="https://h5.sinaimg.cn/m/emoticon/icon/default/d_touxiao-0d995330b6.png" style="width:1em; height:1em;" /></span>
棕熊的爱=>2023-02-11 22:50:14=>0=>都怪漂亮国菌<span class="url-icon"><img alt=[笑cry] src="https://h5.sinaimg.cn/m/emoticon/icon/default/d_xiaoku-f2bd11b506.png" style="width:1em; height:1em;" /></span>
亂春酲=>2023-02-11 21:45:43=>0=>阅
甜甜圈耶_=>2023-02-11 21:36:22=>0=><span class="url-icon"><img alt=[哆啦A梦害怕] src="https://h5.sinaimg.cn/m/emoticon/icon/doraemon/dr_03haipa-32e9b53caf.png" style="width:1em; height:1em;" /></span><span class="url-icon"><img alt=[哆啦A梦害怕] src="https://h5.sinaimg.cn/m/emoticon/icon/doraemon/dr_03haipa-32e9b53caf.png" style="width:1em; height:1em;" /></span>
伱猜丶咯=>2023-02-11 21:12:32=>2=>不敢放个屁<span class="url-icon"><img alt=[摊手] src="https://h5.sinaimg.cn/m/emoticon/icon/default/d_tanshou-fa05d4eacf.png" style="width:1em; height:1em;" /></span>
咕咚咕咚_a=>2023-02-11 21:05:09=>0=>平安
心情updating=>2023-02-11 21:03:35=>0=>机器人都是铁粉🙉
Ana苒=>2023-02-11 20:44:37=>1=><span class="url-icon"><img alt=[哆啦A梦害怕] src="https://h5.sinaimg.cn/m/emoticon/icon/doraemon/dr_03haipa-32e9b53caf.png" style="width:1em; height:1em;" /></span>
织临愿=>2023-02-11 20:39:07=>0=><span class="url-icon"><img alt=[微笑] src="https://h5.sinaimg.cn/m/emoticon/icon/default/d_hehe-0be7e6251f.png" style="width:1em; height:1em;" /></span>
Allen酥酥=>2023-02-11 20:37:15=>1=>只能说棒子国活该<span class="url-icon"><img alt=[笑cry] src="https://h5.sinaimg.cn/m/emoticon/icon/default/d_xiaoku-f2bd11b506.png" style="width:1em; height:1em;" /></span>
别怀念秋了=>2023-02-11 20:34:34=>0=><span class="url-icon"><img alt=[哆啦A梦害怕] src="https://h5.sinaimg.cn/m/emoticon/icon/doraemon/dr_03haipa-32e9b53caf.png" style="width:1em; height:1em;" /></span>
Lyl_420=>2023-02-11 20:18:23=>0=>平安
小羊呼呼睡觉觉=>2023-02-11 20:05:04=>0=><span class="url-icon"><img alt=[可爱] src="https://h5.sinaimg.cn/m/emoticon/icon/default/d_keai-9aae643ce8.png" style="width:1em; height:1em;" /></span>
M晗勋呐=>2023-02-11 19:55:59=>0=>平安<span class="url-icon"><img alt=[心] src="https://h5.sinaimg.cn/m/emoticon/icon/others/l_xin-43af9086c0.png" style="width:1em; height:1em;" /></span>
赴约颂雪意_=>2023-02-11 19:53:30=>0=>平安
龏奭嚻艸=>2023-02-11 19:47:42=>0=>挺好<span class="url-icon"><img alt=[good] src="https://h5.sinaimg.cn/m/emoticon/icon/others/h_good-0c51afc69c.png" style="width:1em; height:1em;" /></span>
钮祜禄-颖熙=>2023-02-11 19:46:30=>0=>愿平安
桑栗清湛=>2023-02-11 19:43:49=>0=>惊呆了<span class="url-icon"><img alt=[哆啦A梦吃惊] src="https://h5.sinaimg.cn/m/emoticon/icon/doraemon/dr_01chijing-31d5542cca.png" style="width:1em; height:1em;" /></span>
貓屋敷未來=>2023-02-11 19:30:30=>0=>平安
一叶知秋-dx=>2023-02-11 22:32:14=>1=>韩国人不觉得窝囊吗？
风无情2005=>2023-02-13 07:58:49=>0=>南朝鲜又得开心很久了，毕竟又有难得的免费部队汤料了。
疯还没停=>2023-02-12 21:40:32=>0=>但愿火没事🙏
夏天的向日葵哈=>2023-02-12 18:55:54=>0=><span class="url-icon"><img alt=[笑cry] src="https://h5.sinaimg.cn/m/emoticon/icon/default/d_xiaoku-f2bd11b506.png" style="width:1em; height:1em;" /></span><span class="url-icon"><img alt=[笑cry] src="https://h5.sinaimg.cn/m/emoticon/icon/default/d_xiaoku-f2bd11b506.png" style="width:1em; height:1em;" /></span>
徐汇田林=>2023-02-12 14:19:39=>0=>活该
你就是刚子=>2023-02-12 12:26:41=>0=>美军放的火正好用来煮南朝鲜殖民地泔水火锅<span class="url-icon"><img alt=[doge] src="https://h5.sinaimg.cn/m/emoticon/icon/others/d_doge-be7f768d78.png" style="width:1em; height:1em;" /></span>那味道才正宗
_Mr_K____=>2023-02-12 10:43:32=>0=>半殖民半资本主义社会是这样的
恬恬清甜=>2023-02-12 10:16:36=>0=>干得好，爸爸做得，儿子不得干，棒子快申遗
你好Fortuna=>2023-02-12 08:30:48=>0=>美利坚合众国南朝鲜殖民地。
剑齿龙186=>2023-02-12 07:57:26=>0=>主放的🔥，那可是圣🔥，不可以🚿
闲来趣味=>2023-02-12 06:28:45=>0=>旺
童遥201901=>2023-02-12 03:36:38=>0=><span class="url-icon"><img alt=[doge] src="https://h5.sinaimg.cn/m/emoticon/icon/others/d_doge-be7f768d78.png" style="width:1em; height:1em;" /></span>
苏福88888=>2023-02-12 02:23:12=>0=>韩国道歉了没有
逗小子yglsan=>2023-02-12 01:55:01=>0=>我想评论一条狠的，可是不好意思<span class="url-icon"><img alt=[允悲] src="https://h5.sinaimg.cn/m/emoticon/icon/default/d_yunbei-a14a649db8.png" style="width:1em; height:1em;" /></span>
吖賢冇锦鲤=>2023-02-12 01:17:09=>1=><span class="url-icon"><img alt=[doge] src="https://h5.sinaimg.cn/m/emoticon/icon/others/d_doge-be7f768d78.png" style="width:1em; height:1em;" /></span>这是自由之火，扑灭就是不想自由，就得赔偿
elavanda=>2023-02-12 01:12:19=>0=>活该
皮小气啊=>2023-02-12 01:03:02=>0=>0.0
琦哥有点娘=>2023-02-12 01:02:27=>0=>主子说:春天到了，刀耕火种一下吧……
喜马拉雅一支花h=>2023-02-12 00:31:16=>0=>好耶✌
大刀凉皮儿=>2023-02-12 00:25:08=>0=>总共多大，烧了还剩啥<span class="url-icon"><img alt=[允悲] src="https://h5.sinaimg.cn/m/emoticon/icon/default/d_yunbei-a14a649db8.png" style="width:1em; height:1em;" /></span>
苦情歌是留给开心的人=>2023-02-12 00:19:30=>0=>狗腿子永远都是狗腿子
OrangeOcean200=>2023-02-12 00:16:45=>0=>活该
到处疯跑=>2023-02-11 23:56:30=>0=>山火算什么，上回那姑娘都没人管<span class="url-icon"><img alt=[摊手] src="https://h5.sinaimg.cn/m/emoticon/icon/default/d_tanshou-fa05d4eacf.png" style="width:1em; height:1em;" /></span>
SS井=>2023-02-11 23:44:06=>0=>呵呵
灬店长8=>2023-02-11 23:26:16=>0=>自由的圣火，谁敢扑灭，谁就是在反对自由<span class="url-icon"><img alt=[笑哈哈] src="https://h5.sinaimg.cn/m/emoticon/icon/lxh/lxh_xiaohaha-56dbc288a5.png" style="width:1em; height:1em;" /></span><span class="url-icon"><img alt=[笑哈哈] src="https://h5.sinaimg.cn/m/emoticon/icon/lxh/lxh_xiaohaha-56dbc288a5.png" style="width:1em; height:1em;" /></span>
Catalina78765=>2023-02-11 23:22:01=>0=>阿西阿西着火了，烧死棒棒美国佬<span class="url-icon"><img alt=[哈哈] src="https://h5.sinaimg.cn/m/emoticon/icon/default/d_haha-0ec05e6dad.png" style="width:1em; height:1em;" /></span><span class="url-icon"><img alt=[哈哈] src="https://h5.sinaimg.cn/m/emoticon/icon/default/d_haha-0ec05e6dad.png" style="width:1em; height:1em;" /></span>
开小月=>2023-02-11 23:19:44=>0=>加油加油
里三光肯尼迪=>2023-02-11 23:19:43=>0=>好家伙，搁着历史重现呢<span class="url-icon"><img alt=[doge] src="https://h5.sinaimg.cn/m/emoticon/icon/others/d_doge-be7f768d78.png" style="width:1em; height:1em;" /></span>
秦秦笙=>2023-02-11 23:18:22=>0=>这不是骑在头上拉屎？
酒梦醒了=>2023-02-11 23:17:15=>0=>韩国佬只是看门狗，那里不是他的地盘
未名浪人=>2023-02-11 23:15:17=>0=>自由之火🔥
吾名剑雪倾城=>2023-02-11 23:07:53=>0=>吓着美国大兵了，不来几个韩国妹子安慰一下吗
kevinzhang0619=>2023-02-11 22:59:46=>0=>这是真·只许州官放火<span class="url-icon"><img alt=[笑cry] src="https://h5.sinaimg.cn/m/emoticon/icon/default/d_xiaoku-f2bd11b506.png" style="width:1em; height:1em;" /></span>
黑暗之锤----=>2023-02-11 22:47:55=>0=>只许美军放火，不许百姓点灯！
汐陌_Hyacinth=>2023-02-11 22:25:50=>0=>已阅
冷艳的枫林残忆=>2023-02-11 22:22:23=>0=>无法进入，埋有地雷无法从地面进入
blog雪夜孤寂05503=>2023-02-11 22:20:58=>0=>不是南朝鲜火灾嘛？哪有什么韩国
nb微微的星=>2023-02-11 22:19:29=>0=>愿火得长长久久
你在瞅我网名吗=>2023-02-11 22:04:06=>0=>一道美丽的风景线<span class="url-icon"><img alt=[憧憬] src="https://h5.sinaimg.cn/m/emoticon/icon/default/d_xingxingyan-c64b6a744b.png" style="width:1em; height:1em;" /></span>
夜微凉丶六月=>2023-02-11 22:03:34=>0=><span class="url-icon"><img alt=[doge] src="https://h5.sinaimg.cn/m/emoticon/icon/others/d_doge-be7f768d78.png" style="width:1em; height:1em;" /></span><span class="url-icon"><img alt=[doge] src="https://h5.sinaimg.cn/m/emoticon/icon/others/d_doge-be7f768d78.png" style="width:1em; height:1em;" /></span>主子放火，敢说啥
谋杀肚腩=>2023-02-11 21:51:31=>0=>乌鲁木齐火灾消防员进小区了吗
随手咔咔金=>2023-02-11 21:50:07=>0=>omg
重中之重上=>2023-02-11 21:35:03=>0=>愿死人
如烟雨般寂寞=>2023-02-11 21:29:43=>0=>真屈辱<span class="url-icon"><img alt=[挖鼻] src="https://h5.sinaimg.cn/m/emoticon/icon/default/d_wabishi-816c4e8890.png" style="width:1em; height:1em;" /></span>
隐舟不渡=>2023-02-11 21:24:40=>0=>美军这不再看看韩国其他树林子<span class="url-icon"><img alt=[喵喵] src="https://h5.sinaimg.cn/m/emoticon/icon/others/d_miao-c1b3d563bd.png" style="width:1em; height:1em;" /></span>
周芳芳一切都好=>2023-02-11 21:20:43=>0=>看了
音小白October=>2023-02-11 21:20:29=>0=>来自主人沉重的爱<span class="url-icon"><img alt=[doge] src="https://h5.sinaimg.cn/m/emoticon/icon/others/d_doge-be7f768d78.png" style="width:1em; height:1em;" /></span>
清茗茶楼=>2023-02-11 21:20:10=>0=>活该！哈哈哈哈哈
陌紫飞飞鱼=>2023-02-11 21:16:53=>0=>这火着的有点晚了，大年夜着起来多美，元宵夜着也很漂亮的啊。不过现在着也可以红红火火的好日子吗，多吉祥！欧耶！<span class="url-icon"><img alt=[鲜花] src="https://h5.sinaimg.cn/m/emoticon/icon/others/w_xianhua-f902c37199.png" style="width:1em; height:1em;" /></span>
国足是垃圾=>2023-02-11 21:16:50=>0=>爹地的火，用不用申遗啊
以吻为笺=>2023-02-11 21:09:20=>0=>哈哈哈哈哈哈哈哈哈，这场闹剧很难憋住不笑<span class="url-icon"><img alt=[偷乐] src="https://h5.sinaimg.cn/m/emoticon/icon/lxh/lxh_toule-244c58c525.png" style="width:1em; height:1em;" /></span>
小熊的舞=>2023-02-11 20:53:23=>0=><span class="url-icon"><img alt=[喵喵] src="https://h5.sinaimg.cn/m/emoticon/icon/others/d_miao-c1b3d563bd.png" style="width:1em; height:1em;" /></span>
森林防火202011=>2023-02-11 20:48:01=>0=>树长起来了，又该......
一包油菜籽=>2023-02-11 20:47:03=>0=>哎我去，无话可说
道雨0815=>2023-02-11 20:44:30=>0=>希望🔥平安
不想取名的菲菲=>2023-02-11 20:42:05=>0=>这火还平安吧
我家的狗会翻跟斗=>2023-02-11 20:40:38=>1=>真惨，自己家里还被人埋了地雷不给去<span class="url-icon"><img alt=[傻眼] src="https://h5.sinaimg.cn/m/emoticon/icon/default/d_shayan-4e8000eba9.png" style="width:1em; height:1em;" /></span><span class="url-icon"><img alt=[傻眼] src="https://h5.sinaimg.cn/m/emoticon/icon/default/d_shayan-4e8000eba9.png" style="width:1em; height:1em;" /></span><span class="url-icon"><img alt=[傻眼] src="https://h5.sinaimg.cn/m/emoticon/icon/default/d_shayan-4e8000eba9.png" style="width:1em; height:1em;" /></span>
花山垂星尘=>2023-02-11 20:39:04=>0=>放火烧山 牢底坐穿 什么？美军在韩国放的 那没事了<span class="url-icon"><img alt=[吃瓜] src="https://h5.sinaimg.cn/m/emoticon/icon/default/d_chigua-7a95e6efc4.png" style="width:1em; height:1em;" /></span><span class="url-icon"><img alt=[吃瓜] src="https://h5.sinaimg.cn/m/emoticon/icon/default/d_chigua-7a95e6efc4.png" style="width:1em; height:1em;" /></span><span class="url-icon"><img alt=[吃瓜] src="https://h5.sinaimg.cn/m/emoticon/icon/default/d_chigua-7a95e6efc4.png" style="width:1em; height:1em;" /></span>
加鸡腿003=>2023-02-11 20:25:57=>0=><span class="url-icon"><img alt=[doge] src="https://h5.sinaimg.cn/m/emoticon/icon/others/d_doge-be7f768d78.png" style="width:1em; height:1em;" /></span>
以纶小天使=>2023-02-11 20:20:04=>0=><span class="url-icon"><img alt=[污] src="https://h5.sinaimg.cn/m/emoticon/icon/default/d_wu-374e5572e8.png" style="width:1em; height:1em;" /></span><span class="url-icon"><img alt=[心] src="https://h5.sinaimg.cn/m/emoticon/icon/others/l_xin-43af9086c0.png" style="width:1em; height:1em;" /></span>
知识就是奶酪=>2023-02-11 20:19:48=>0=>殖民地
WWAITN=>2023-02-11 20:19:23=>0=>天
canusli=>2023-02-11 20:14:10=>0=>你的叙利亚总统呢<span class="url-icon"><img alt=[允悲] src="https://h5.sinaimg.cn/m/emoticon/icon/default/d_yunbei-a14a649db8.png" style="width:1em; height:1em;" /></span>让他上前来
拾柒光echo=>2023-02-11 20:13:55=>0=><span class="url-icon"><img alt="[开学季]" src="https://face.t.sinajs.cn/t4/appstyle/expression/ext/normal/72/2021_kaixueji_org.png" style="width:1em; height:1em;" /></span><span class="url-icon"><img alt="[开学季]" src="https://face.t.sinajs.cn/t4/appstyle/expression/ext/normal/72/2021_kaixueji_org.png" style="width:1em; height:1em;" /></span><span class="url-icon"><img alt="[开学季]" src="https://face.t.sinajs.cn/t4/appstyle/expression/ext/normal/72/2021_kaixueji_org.png" style="width:1em; height:1em;" /></span>
捞星星的渔民叻=>2023-02-11 20:13:51=>0=>平安<span class="url-icon"><img alt=[心] src="https://h5.sinaimg.cn/m/emoticon/icon/others/l_xin-43af9086c0.png" style="width:1em; height:1em;" /></span>
天狼知行=>2023-02-11 20:13:01=>0=>鹰酱如果不说话，南棒还真没权力去救火
冰糖雪梨酥-=>2023-02-11 20:06:34=>0=>引火🔥烧身
视觉-_-=>2023-02-11 19:52:08=>1=>笑死<span class="url-icon"><img alt=[笑cry] src="https://h5.sinaimg.cn/m/emoticon/icon/default/d_xiaoku-f2bd11b506.png" style="width:1em; height:1em;" /></span>
无敌美味可乐鸡翅=>2023-02-11 19:43:57=>0=>韩国都成了桥头堡了
亓祺芙=>2023-02-11 19:43:55=>0=>愿平安吧
鑫铃妙舞=>2023-02-11 19:43:05=>0=><span class="url-icon"><img alt=[挖鼻] src="https://h5.sinaimg.cn/m/emoticon/icon/default/d_wabishi-816c4e8890.png" style="width:1em; height:1em;" /></span>
木子李S1992=>2023-02-11 19:42:33=>0=><span class="url-icon"><img alt=[吃瓜] src="https://h5.sinaimg.cn/m/emoticon/icon/default/d_chigua-7a95e6efc4.png" style="width:1em; height:1em;" /></span>
小歪-yuan=>2023-02-11 19:35:56=>0=>愿平安🙏
秋柃=>2023-02-11 19:32:23=>5=>刷平安干嘛<span class="url-icon"><img alt=[费解] src="https://h5.sinaimg.cn/m/emoticon/icon/default/d_feijie-c1df37ef03.png" style="width:1em; height:1em;" /></span>
flawlessbonnieee=>2023-02-11 19:47:00=>0=>哈哈哈哈哈哈哈哈哈哈哈哈哈哈哈哈哈
紫色猴紫米=>2023-02-11 19:31:26=>3=>爸爸放火烧儿子家怎么了<span class="url-icon"><img alt=[挖鼻] src="https://h5.sinaimg.cn/m/emoticon/icon/default/d_wabishi-816c4e8890.png" style="width:1em; height:1em;" /></span><span class="url-icon"><img alt=[挖鼻] src="https://h5.sinaimg.cn/m/emoticon/icon/default/d_wabishi-816c4e8890.png" style="width:1em; height:1em;" /></span>
素琴弦断酒瓶空=>2023-02-11 22:40:11=>1=>居然在别人家埋地雷！这……不得不说  👍🏻
噫吁嚱那一=>2023-02-12 00:08:54=>0=>不应该再给主子浇点油，烧的更旺一些吗？
风眠千吟=>2023-02-11 22:21:11=>0=><span class="url-icon"><img alt=[并不简单] src="https://h5.sinaimg.cn/m/emoticon/icon/default/d_bingbujiandan-9955880b30.png" style="width:1em; height:1em;" /></span><span class="url-icon"><img alt=[并不简单] src="https://h5.sinaimg.cn/m/emoticon/icon/default/d_bingbujiandan-9955880b30.png" style="width:1em; height:1em;" /></span>
风轻云淡7792364948=>2023-02-11 21:33:26=>0=>养熊患狗
专_浪漫罪名=>2023-02-11 21:04:02=>0=>平安个屁，希望火平安无事就行
炸毛可乐1220=>2023-02-11 20:34:19=>0=>平安🙏
CHESTNUTAYUXYFS=>2023-02-11 20:23:51=>0=><span class="url-icon"><img alt=[微笑] src="https://h5.sinaimg.cn/m/emoticon/icon/default/d_hehe-0be7e6251f.png" style="width:1em; height:1em;" /></span><span class="url-icon"><img alt=[微笑] src="https://h5.sinaimg.cn/m/emoticon/icon/default/d_hehe-0be7e6251f.png" style="width:1em; height:1em;" /></span><span class="url-icon"><img alt=[微笑] src="https://h5.sinaimg.cn/m/emoticon/icon/default/d_hehe-0be7e6251f.png" style="width:1em; height:1em;" /></span><span class="url-icon"><img alt=[微笑] src="https://h5.sinaimg.cn/m/emoticon/icon/default/d_hehe-0be7e6251f.png" style="width:1em; height:1em;" /></span>
秋桑渝=>2023-02-11 20:23:04=>0=>平安<span class="url-icon"><img alt=[心] src="https://h5.sinaimg.cn/m/emoticon/icon/others/l_xin-43af9086c0.png" style="width:1em; height:1em;" /></span>
田曦薇的奶茶店=>2023-02-11 19:51:18=>0=>平安
桃舐=>2023-02-11 19:43:29=>0=>平安
Sdlolid_=>2023-02-11 19:30:48=>0=>平安
帽崽咕噜茶=>2023-02-12 03:47:25=>0=><span class="url-icon"><img alt=[允悲] src="https://h5.sinaimg.cn/m/emoticon/icon/default/d_yunbei-a14a649db8.png" style="width:1em; height:1em;" /></span>
楼兰亓=>2023-02-12 01:03:51=>0=><span class="url-icon"><img alt=[doge] src="https://h5.sinaimg.cn/m/emoticon/icon/others/d_doge-be7f768d78.png" style="width:1em; height:1em;" /></span>西八的主子做出什么都不意外
SJMmmmmmmmmmmmmmmmmmmmmmmmmmm=>2023-02-12 00:32:45=>0=><span class="url-icon"><img alt=[允悲] src="https://h5.sinaimg.cn/m/emoticon/icon/default/d_yunbei-a14a649db8.png" style="width:1em; height:1em;" /></span>
痞叔剪影=>2023-02-12 00:31:21=>0=>儿子还敢说爹<span class="url-icon"><img alt=[太开心] src="https://h5.sinaimg.cn/m/emoticon/icon/default/d_taikaixin-b7d86de3fd.png" style="width:1em; height:1em;" /></span>
赵露思是我的媳妇=>2023-02-12 00:20:07=>1=>主人往自己家放火 有什么大惊小怪的<span class="url-icon"><img alt=[doge] src="https://h5.sinaimg.cn/m/emoticon/icon/others/d_doge-be7f768d78.png" style="width:1em; height:1em;" /></span>
雪绿鸢=>2023-02-11 23:54:11=>0=>美国㊗韩国越烧越旺？
大恼鼠和小福泥=>2023-02-11 23:52:20=>0=><span class="url-icon"><img alt=[微笑] src="https://h5.sinaimg.cn/m/emoticon/icon/default/d_hehe-0be7e6251f.png" style="width:1em; height:1em;" /></span>爸爸在自己的土地上放的火 小偷们有什么资格进入
遗忘的我的田地=>2023-02-11 22:41:19=>0=>引狼入室
椿雨後戀愛=>2023-02-11 22:28:14=>2=>火一定要平平安安的<span class="url-icon"><img alt=[鲜花] src="https://h5.sinaimg.cn/m/emoticon/icon/others/w_xianhua-f902c37199.png" style="width:1em; height:1em;" /></span>
重拾_狗狗祟祟的快乐=>2023-02-11 22:18:11=>0=>平安
钟意蔡徐坤的女人=>2023-02-11 21:34:33=>0=>平安
茶色岛er=>2023-02-11 21:20:40=>0=>是不是狗子不听话了，狗主人放把火表示很生气
点点小苗苗=>2023-02-11 21:14:39=>0=>哈哈哈哈<span class="url-icon"><img alt=[允悲] src="https://h5.sinaimg.cn/m/emoticon/icon/default/d_yunbei-a14a649db8.png" style="width:1em; height:1em;" /></span>好蠢
冷酷极品小番茄=>2023-02-11 20:42:03=>0=>愿平安
丨我要睡到自然醒=>2023-02-11 20:34:25=>0=><span class="url-icon"><img alt=[哆啦A梦害怕] src="https://h5.sinaimg.cn/m/emoticon/icon/doraemon/dr_03haipa-32e9b53caf.png" style="width:1em; height:1em;" /></span>
鼕恋棣=>2023-02-11 20:33:28=>0=>平安
Rookiehan=>2023-02-11 20:26:00=>0=>殖民地就这样
-颂栀絮语玫-=>2023-02-11 20:23:42=>0=><span class="url-icon"><img alt=[思考] src="https://h5.sinaimg.cn/m/emoticon/icon/default/d_sikao-ff9602dd08.png" style="width:1em; height:1em;" /></span><span class="url-icon"><img alt=[思考] src="https://h5.sinaimg.cn/m/emoticon/icon/default/d_sikao-ff9602dd08.png" style="width:1em; height:1em;" /></span>
揽月姫=>2023-02-11 20:18:06=>1=>爸爸放火烧个山有关系吗？棒子就是舔也得给舔灭喽！
我叫王启权=>2023-02-11 20:17:08=>0=><span class="url-icon"><img alt=[允悲] src="https://h5.sinaimg.cn/m/emoticon/icon/default/d_yunbei-a14a649db8.png" style="width:1em; height:1em;" /></span>
里森堡仪仗队=>2023-02-11 20:16:23=>0=>殖民地是这样的<span class="url-icon"><img alt=[笑cry] src="https://h5.sinaimg.cn/m/emoticon/icon/default/d_xiaoku-f2bd11b506.png" style="width:1em; height:1em;" /></span>
子贇zy=>2023-02-11 20:13:14=>1=>但是你看看，韩国人敢说啥。所以对待欺软怕硬的邻居，就应该这样。
海岸线上看明月=>2023-02-11 20:12:55=>0=>殖民地
驻足远望=>2023-02-11 20:12:29=>0=>州官放火的火嘛？？<span class="url-icon"><img alt=[二哈] src="https://h5.sinaimg.cn/m/emoticon/icon/others/d_erha-139d0e07bd.png" style="width:1em; height:1em;" /></span><span class="url-icon"><img alt=[二哈] src="https://h5.sinaimg.cn/m/emoticon/icon/others/d_erha-139d0e07bd.png" style="width:1em; height:1em;" /></span>
今天也没喝到奶茶=>2023-02-11 20:07:09=>0=>看都没看清内容，看到着火就平安 我说你们搞铁也认真点吧<span class="url-icon"><img alt=[哈欠] src="https://h5.sinaimg.cn/m/emoticon/icon/default/d_dahaqi-b1824d3d83.png" style="width:1em; height:1em;" /></span>
青柠抹茶气泡水=>2023-02-11 20:06:39=>0=>平安
DongDDDDD-_=>2023-02-11 20:04:25=>0=>笑死人了
小岛诗_=>2023-02-11 19:57:29=>1=><span class="url-icon"><img alt=[哆啦A梦害怕] src="https://h5.sinaimg.cn/m/emoticon/icon/doraemon/dr_03haipa-32e9b53caf.png" style="width:1em; height:1em;" /></span><span class="url-icon"><img alt=[哆啦A梦害怕] src="https://h5.sinaimg.cn/m/emoticon/icon/doraemon/dr_03haipa-32e9b53caf.png" style="width:1em; height:1em;" /></span>
桃曛奶俊=>2023-02-11 19:50:18=>0=><span class="url-icon"><img alt=[费解] src="https://h5.sinaimg.cn/m/emoticon/icon/default/d_feijie-c1df37ef03.png" style="width:1em; height:1em;" /></span>
要不哩哩我=>2023-02-11 19:42:20=>0=>平安<span class="url-icon"><img alt=[心] src="https://h5.sinaimg.cn/m/emoticon/icon/others/l_xin-43af9086c0.png" style="width:1em; height:1em;" /></span>
赋诗行=>2023-02-11 19:36:01=>0=><span class="url-icon"><img alt=[抱一抱] src="https://h5.sinaimg.cn/m/emoticon/icon/default/co_a1hug-f3910d0e88.png" style="width:1em; height:1em;" /></span><span class="url-icon"><img alt=[抱一抱] src="https://h5.sinaimg.cn/m/emoticon/icon/default/co_a1hug-f3910d0e88.png" style="width:1em; height:1em;" /></span>
我的轻松熊叫做面包=>2023-02-11 19:34:09=>0=><span class="url-icon"><img alt=[思考] src="https://h5.sinaimg.cn/m/emoticon/icon/default/d_sikao-ff9602dd08.png" style="width:1em; height:1em;" /></span>
厂媚模拟器=>2023-02-11 19:33:55=>0=>平安
夜游无尽夏=>2023-02-11 19:32:47=>0=>愿平安
陨石MA=>2023-02-11 19:31:17=>1=>埋有地雷。。。。啧。。。。。<span class="url-icon"><img alt=[污] src="https://h5.sinaimg.cn/m/emoticon/icon/default/d_wu-374e5572e8.png" style="width:1em; height:1em;" /></span>
只搞内娱帅哥=>2023-02-11 19:30:51=>0=>愿人平安
少装冰块_=>2023-02-11 19:30:34=>2=>平平安安
艺术家不吃糖=>2023-02-11 19:30:19=>0=>平平安安
春欲晚_追求自由=>2023-02-11 19:30:18=>0=>平安
咩咩甜汽水=>2023-02-11 19:30:16=>1=>天啊
