-咬一口棉花-=>2023-03-06 08:13:58=>2=>早上好<span class="url-icon"><img alt=[心] src="https://h5.sinaimg.cn/m/emoticon/icon/others/l_xin-43af9086c0.png" style="width:1em; height:1em;" /></span><span class="url-icon"><img alt=[心] src="https://h5.sinaimg.cn/m/emoticon/icon/others/l_xin-43af9086c0.png" style="width:1em; height:1em;" /></span>
-所罗门的海豹茶-=>2023-03-06 08:15:00=>2=>早<span class="url-icon"><img alt=[给力] src="https://h5.sinaimg.cn/m/emoticon/icon/others/f_geili-78be8d9152.png" style="width:1em; height:1em;" /></span><span class="url-icon"><img alt=[给力] src="https://h5.sinaimg.cn/m/emoticon/icon/others/f_geili-78be8d9152.png" style="width:1em; height:1em;" /></span>
戳八颗番茄8=>2023-03-06 09:57:18=>1=>早上好<span class="url-icon"><img alt="[送花花]" src="https://face.t.sinajs.cn/t4/appstyle/expression/ext/normal/cb/2022_Flowers_org.png" style="width:1em; height:1em;" /></span>
景礼一瓢水=>2023-03-06 08:26:48=>1=>早上好<span class="url-icon"><img alt=[心] src="https://h5.sinaimg.cn/m/emoticon/icon/others/l_xin-43af9086c0.png" style="width:1em; height:1em;" /></span>
我佛慈悲小o版=>2023-03-06 08:26:02=>1=>早上好<span class="url-icon"><img alt=[心] src="https://h5.sinaimg.cn/m/emoticon/icon/others/l_xin-43af9086c0.png" style="width:1em; height:1em;" /></span>
喝点南瓜粥_=>2023-03-06 08:11:35=>1=>早上好<span class="url-icon"><img alt=[心] src="https://h5.sinaimg.cn/m/emoticon/icon/others/l_xin-43af9086c0.png" style="width:1em; height:1em;" /></span>
Oyodeto=>2023-03-06 08:10:14=>1=>真正把青少年培养成为拥有“四个自信”的孩子
貓屋敷未來=>2023-03-06 08:08:49=>1=>早<span class="url-icon"><img alt=[心] src="https://h5.sinaimg.cn/m/emoticon/icon/others/l_xin-43af9086c0.png" style="width:1em; height:1em;" /></span>
宏屹_Hedger=>2023-03-06 08:16:21=>1=>青少年是祖国的未来<span class="url-icon"><img alt=[赞] src="https://h5.sinaimg.cn/m/emoticon/icon/others/h_zan-44ddc70637.png" style="width:1em; height:1em;" /></span>
秋秋桂雪数糖花=>2023-03-06 09:50:03=>0=>早上好<span class="url-icon"><img alt=[心] src="https://h5.sinaimg.cn/m/emoticon/icon/others/l_xin-43af9086c0.png" style="width:1em; height:1em;" /></span>
牛头人重度爱好者=>2023-03-06 08:36:10=>0=>加油！
失眠棣朵朵=>2023-03-06 08:35:20=>0=>早上好<span class="url-icon"><img alt=[心] src="https://h5.sinaimg.cn/m/emoticon/icon/others/l_xin-43af9086c0.png" style="width:1em; height:1em;" /></span>
扎哈里机长=>2023-03-06 08:34:39=>0=>做一个有底气、有自信的人<span class="url-icon"><img alt=[心] src="https://h5.sinaimg.cn/m/emoticon/icon/others/l_xin-43af9086c0.png" style="width:1em; height:1em;" /></span><span class="url-icon"><img alt=[心] src="https://h5.sinaimg.cn/m/emoticon/icon/others/l_xin-43af9086c0.png" style="width:1em; height:1em;" /></span><span class="url-icon"><img alt=[心] src="https://h5.sinaimg.cn/m/emoticon/icon/others/l_xin-43af9086c0.png" style="width:1em; height:1em;" /></span>
lovkurmi=>2023-03-06 08:31:23=>0=>早<span class="url-icon"><img alt="[开学季]" src="https://face.t.sinajs.cn/t4/appstyle/expression/ext/normal/72/2021_kaixueji_org.png" style="width:1em; height:1em;" /></span>
朱九族_=>2023-03-06 08:18:56=>0=>祖国的未来
crispmeteors=>2023-03-06 08:13:53=>0=>早<span class="url-icon"><img alt=[心] src="https://h5.sinaimg.cn/m/emoticon/icon/others/l_xin-43af9086c0.png" style="width:1em; height:1em;" /></span>
别枝再议=>2023-03-06 08:09:58=>0=>早上好<span class="url-icon"><img alt=[羞嗒嗒] src="https://h5.sinaimg.cn/m/emoticon/icon/lxh/lxh_xiudada-e99552ddb3.png" style="width:1em; height:1em;" /></span>
饭团酪糕=>2023-03-06 08:09:48=>0=>早上好
小幻想家=>2023-03-06 08:09:46=>0=>早上好
吃肉怎么吃不饱呀=>2023-03-06 08:08:19=>0=>早上好
严小邈的逗猫棒=>2023-03-06 08:39:13=>0=>早上好
兮兮酱超幸运鸭=>2023-03-06 08:36:07=>0=>早
跳拉丁的小棉袄=>2023-03-06 08:27:57=>0=><span class="url-icon"><img alt=[赞] src="https://h5.sinaimg.cn/m/emoticon/icon/others/h_zan-44ddc70637.png" style="width:1em; height:1em;" /></span><span class="url-icon"><img alt=[赞] src="https://h5.sinaimg.cn/m/emoticon/icon/others/h_zan-44ddc70637.png" style="width:1em; height:1em;" /></span><span class="url-icon"><img alt=[赞] src="https://h5.sinaimg.cn/m/emoticon/icon/others/h_zan-44ddc70637.png" style="width:1em; height:1em;" /></span><span class="url-icon"><img alt=[赞] src="https://h5.sinaimg.cn/m/emoticon/icon/others/h_zan-44ddc70637.png" style="width:1em; height:1em;" /></span><span class="url-icon"><img alt=[赞] src="https://h5.sinaimg.cn/m/emoticon/icon/others/h_zan-44ddc70637.png" style="width:1em; height:1em;" /></span><span class="url-icon"><img alt=[赞] src="https://h5.sinaimg.cn/m/emoticon/icon/others/h_zan-44ddc70637.png" style="width:1em; height:1em;" /></span><span class="url-icon"><img alt=[赞] src="https://h5.sinaimg.cn/m/emoticon/icon/others/h_zan-44ddc70637.png" style="width:1em; height:1em;" /></span>
星河使者Weiiii=>2023-03-06 08:10:47=>0=>育人教育太重要了
莫知正=>2023-03-06 09:19:27=>0=>青少年是祖国的未来<span class="url-icon"><img alt="[努力]" src="https://face.t.sinajs.cn/t4/appstyle/expression/ext/normal/7c/2022_Keepgoing_org.png" style="width:1em; height:1em;" /></span>
·Chees1c·=>2023-03-06 08:39:25=>0=>早上好
玖月苹果=>2023-03-06 08:34:55=>0=>早上好<span class="url-icon"><img alt=[心] src="https://h5.sinaimg.cn/m/emoticon/icon/others/l_xin-43af9086c0.png" style="width:1em; height:1em;" /></span>
谈蜜=>2023-03-06 08:34:37=>0=>四个自信<span class="url-icon"><img alt=[打call] src="https://h5.sinaimg.cn/m/emoticon/icon/default/fb_a1dacall-1e0c4593fc.png" style="width:1em; height:1em;" /></span>
白桐敲木鱼=>2023-03-06 08:33:48=>0=>早<span class="url-icon"><img alt="[哇]" src="https://face.t.sinajs.cn/t4/appstyle/expression/ext/normal/3d/2022_wow_org.png" style="width:1em; height:1em;" /></span>
芋圆可可牛奶_=>2023-03-06 08:30:38=>1=>早上好<span class="url-icon"><img alt="[赢牛奶]" src="https://face.t.sinajs.cn/t4/appstyle/expression/ext/normal/9c/2021_yingniunai_org.png" style="width:1em; height:1em;" /></span>
南辰王府的小王妃=>2023-03-06 08:28:27=>0=>自信心太重要了！
漫游降落点=>2023-03-06 08:14:42=>0=>早上好
娜疯爱橘子=>2023-03-06 08:11:33=>0=>早上好
忙碌版-想不出名字就随便叫吧=>2023-03-06 08:09:23=>2=><span class="url-icon"><img alt=[赞] src="https://h5.sinaimg.cn/m/emoticon/icon/others/h_zan-44ddc70637.png" style="width:1em; height:1em;" /></span><span class="url-icon"><img alt=[赞] src="https://h5.sinaimg.cn/m/emoticon/icon/others/h_zan-44ddc70637.png" style="width:1em; height:1em;" /></span><span class="url-icon"><img alt=[赞] src="https://h5.sinaimg.cn/m/emoticon/icon/others/h_zan-44ddc70637.png" style="width:1em; height:1em;" /></span>
