成都共青团=>2023-05-22 23:56:03=>2=>一粥一饭，当思来之不易，<a  href="https://m.weibo.cn/search?containerid=231522type%3D1%26t%3D10%26q%3D%23%E8%8A%82%E7%B2%AE%E6%9C%89%E6%88%91%23&extparam=%23%E8%8A%82%E7%B2%AE%E6%9C%89%E6%88%91%23" data-hide=""><span class="surl-text">#节粮有我#</span></a>，行动起来！<a  href="https://m.weibo.cn/search?containerid=231522type%3D1%26t%3D10%26q%3D%23%E6%96%B0%E9%9D%92%E5%B9%B4+%E6%96%B0%E4%BD%9C%E4%B8%BA%23" data-hide=""><span class="surl-text">#新青年 新作为#</span></a><span class="url-icon"><img alt=[加油] src="https://h5.sinaimg.cn/m/emoticon/icon/default/d_jiayou-a34ced0409.png" style="width:1em; height:1em;" /></span><span class="url-icon"><img alt=[加油] src="https://h5.sinaimg.cn/m/emoticon/icon/default/d_jiayou-a34ced0409.png" style="width:1em; height:1em;" /></span><span class="url-icon"><img alt=[加油] src="https://h5.sinaimg.cn/m/emoticon/icon/default/d_jiayou-a34ced0409.png" style="width:1em; height:1em;" /></span><a  href="https://m.weibo.cn/search?containerid=231522type%3D1%26t%3D10%26q%3D%23%E6%99%92%E7%A9%BA%E7%A2%97%23" data-hide=""><span class="surl-text">#晒空碗#</span></a>
贴窗剪爱=>2023-05-22 19:21:55=>6=>我知盘中餐，粒粒皆辛苦！
中粮COFCO=>2023-05-22 18:49:27=>5=><a  href="https://m.weibo.cn/search?containerid=231522type%3D1%26t%3D10%26q%3D%23%E6%99%92%E7%A9%BA%E7%A2%97%23" data-hide=""><span class="surl-text">#晒空碗#</span></a> 中粮集团与共青团中央合作制作“青春节粮·禾下有梦”教育主题系列视频重磅上线第一期！中粮与团团号召大家珍惜粮食，一起晒空碗！！<span class="url-icon"><img alt="[努力]" src="https://face.t.sinajs.cn/t4/appstyle/expression/ext/normal/7c/2022_Keepgoing_org.png" style="width:1em; height:1em;" /></span><span class="url-icon"><img alt="[努力]" src="https://face.t.sinajs.cn/t4/appstyle/expression/ext/normal/7c/2022_Keepgoing_org.png" style="width:1em; height:1em;" /></span>
小林是王子奇是演员王子奇的小林=>2023-05-22 18:55:28=>5=>节约粮食从我做起，争做时代好青年<span class="url-icon"><img alt=[打call] src="https://h5.sinaimg.cn/m/emoticon/icon/default/fb_a1dacall-1e0c4593fc.png" style="width:1em; height:1em;" /></span><span class="url-icon"><img alt=[打call] src="https://h5.sinaimg.cn/m/emoticon/icon/default/fb_a1dacall-1e0c4593fc.png" style="width:1em; height:1em;" /></span>
被安利的妞妞=>2023-05-22 18:30:32=>2=>谁知盘中餐，粒粒皆辛苦
西安拆牵十五年不给房=>2023-05-22 19:03:32=>1=>西安拆迁十四年不给房，一分钱过渡费不给
2UNE_=>2023-05-22 18:29:12=>1=>珍惜粮食<span class="url-icon"><img alt=[心] src="https://h5.sinaimg.cn/m/emoticon/icon/others/l_xin-43af9086c0.png" style="width:1em; height:1em;" /></span>
望川酷梓=>2023-05-23 11:26:16=>0=>节约粮食<span class="url-icon"><img alt="[送花花]" src="https://face.t.sinajs.cn/t4/appstyle/expression/ext/normal/cb/2022_Flowers_org.png" style="width:1em; height:1em;" /></span>
奈奈琦呀=>2023-05-23 07:12:10=>0=><span class="url-icon"><img alt="[老师好]" src="https://face.t.sinajs.cn/t4/appstyle/expression/ext/normal/0d/2022_Teacher_org.png" style="width:1em; height:1em;" /></span><span class="url-icon"><img alt="[老师好]" src="https://face.t.sinajs.cn/t4/appstyle/expression/ext/normal/0d/2022_Teacher_org.png" style="width:1em; height:1em;" /></span>
是顾清禾吗=>2023-05-22 23:46:49=>0=><span class="url-icon"><img alt=[抱一抱] src="https://h5.sinaimg.cn/m/emoticon/icon/default/co_a1hug-f3910d0e88.png" style="width:1em; height:1em;" /></span>
歪歪棣si=>2023-05-22 23:11:47=>0=>珍惜粮食
橙歌kaka=>2023-05-22 21:44:20=>0=>节约粮食 从我做起 争做时代好青年
重庆建川博物馆聚落=>2023-05-22 21:25:13=>0=><a  href="https://m.weibo.cn/search?containerid=231522type%3D1%26t%3D10%26q%3D%23%E8%8A%82%E7%B2%AE%E6%9C%89%E6%88%91%23&extparam=%23%E8%8A%82%E7%B2%AE%E6%9C%89%E6%88%91%23" data-hide=""><span class="surl-text">#节粮有我#</span></a> 行动起来！
会飞的小白云Na=>2023-05-22 20:32:34=>0=>珍惜粮食！
我开心最重要l=>2023-05-22 20:29:27=>0=>珍惜粮食
杰么爱你z=>2023-05-22 19:41:26=>0=>节粮有我<span class="url-icon"><img alt=[心] src="https://h5.sinaimg.cn/m/emoticon/icon/others/l_xin-43af9086c0.png" style="width:1em; height:1em;" /></span>
Zzzzx_zhi=>2023-05-22 18:33:18=>0=>珍惜粮食
全速奔向农=>2023-05-22 18:30:05=>0=>珍惜粮食
茵国国王学茵语=>2023-05-22 18:29:09=>0=>珍惜粮食
Kxc_御总=>2023-05-22 18:27:35=>0=>珍惜粮食
再遇书杯我就紫砂=>2023-05-22 18:23:34=>0=>珍惜粮食
云朵典藏家=>2023-05-22 18:21:55=>0=>珍惜粮食
zghjbjkl=>2023-10-30 11:03:55=>0=>节粮有我！
L爱吃紫薯丸=>2023-10-30 11:03:53=>0=>“节粮有我”
Li54_=>2023-10-30 10:24:39=>0=>节粮有我
文明开封龙亭环卫=>2023-06-20 09:51:55=>0=>转发微博
我的狗叫舔狗=>2023-06-17 18:24:59=>0=>节粮有我
邱啾球=>2023-06-17 17:51:07=>0=>节粮有我
小婷爱饱饱=>2023-06-17 12:38:58=>0=>节粮有我
不让我叫美大王=>2023-06-17 11:09:36=>0=>节粮有我
手可摘星辰50743=>2023-06-17 11:03:46=>0=>节粮有我！
天府新区通用航空职业学院团委=>2023-06-16 22:21:08=>0=>谁知盘中餐，粒粒皆辛苦。
y_阿言_=>2023-06-14 22:52:41=>0=>节粮有我
箬及兰己兮=>2023-06-14 00:01:27=>0=>节粮有我
墨奕染1016=>2023-06-13 19:59:04=>0=>节粮有我
脱去学痴的外壳兔=>2023-06-10 23:07:22=>0=>节约有我！
箬及兰己兮=>2023-06-10 15:02:09=>0=>节粮有我
交联葡萄糖凝胶=>2023-06-10 11:37:42=>0=>节粮有我
箬及兰己兮=>2023-06-09 17:37:51=>0=>节粮有我
拂晓6760201=>2023-06-08 22:39:45=>0=>节粮有我
邓884169=>2023-06-08 21:05:49=>0=>节粮有我！
-pik7-=>2023-06-08 21:04:01=>0=>节粮有我！
箬及兰己兮=>2023-06-08 15:49:11=>0=>节粮有我
欧皇-释=>2023-06-08 10:37:52=>0=><a  href="https://m.weibo.cn/search?containerid=231522type%3D1%26t%3D10%26q%3D%23%E9%9D%92%E6%98%A5%E8%87%B4%E6%95%AC%E8%A2%81%E9%9A%86%E5%B9%B3%23&extparam=%23%E9%9D%92%E6%98%A5%E8%87%B4%E6%95%AC%E8%A2%81%E9%9A%86%E5%B9%B3%23" data-hide=""><span class="surl-text">#青春致敬袁隆平#</span></a>、<a  href="https://m.weibo.cn/search?containerid=231522type%3D1%26t%3D10%26q%3D%23%E6%99%92%E7%A9%BA%E7%A2%97%23" data-hide=""><span class="surl-text">#晒空碗#</span></a>、<a  href="https://m.weibo.cn/search?containerid=231522type%3D1%26t%3D10%26q%3D%23%E9%9D%92%E6%98%A5%E8%8A%82%E7%B2%AE+%E7%A6%BE%E4%B8%8B%E6%9C%89%E6%A2%A6%23&extparam=%23%E9%9D%92%E6%98%A5%E8%8A%82%E7%B2%AE+%E7%A6%BE%E4%B8%8B%E6%9C%89%E6%A2%A6%23" data-hide=""><span class="surl-text">#青春节粮 禾下有梦#</span></a>、<a  href="https://m.weibo.cn/search?containerid=231522type%3D1%26t%3D10%26q%3D%23%E6%96%B0%E9%9D%92%E5%B9%B4+%E6%96%B0%E4%BD%9C%E4%B8%BA%23" data-hide=""><span class="surl-text">#新青年 新作为#</span></a>节粮有我！
箬及兰己兮=>2023-06-07 17:32:01=>0=>节粮有我
箬及兰己兮=>2023-06-06 20:02:12=>0=>节粮有我
许诺言koufax=>2023-06-06 14:56:46=>0=>节粮有我！
箬及兰己兮=>2023-06-05 13:08:29=>0=>节粮有我
樱染003=>2023-06-05 08:19:01=>0=>节粮有我<a  href="https://m.weibo.cn/search?containerid=231522type%3D1%26t%3D10%26q%3D%23%E9%9D%92%E6%98%A5%E8%87%B4%E6%95%AC%E8%A2%81%E9%9A%86%E5%B9%B3%23&extparam=%23%E9%9D%92%E6%98%A5%E8%87%B4%E6%95%AC%E8%A2%81%E9%9A%86%E5%B9%B3%23" data-hide=""><span class="surl-text">#青春致敬袁隆平#</span></a>、<a  href="https://m.weibo.cn/search?containerid=231522type%3D1%26t%3D10%26q%3D%23%E6%99%92%E7%A9%BA%E7%A2%97%23" data-hide=""><span class="surl-text">#晒空碗#</span></a>、<a  href="https://m.weibo.cn/search?containerid=231522type%3D1%26t%3D10%26q%3D%23%E9%9D%92%E6%98%A5%E8%8A%82%E7%B2%AE+%E7%A6%BE%E4%B8%8B%E6%9C%89%E6%A2%A6%23&extparam=%23%E9%9D%92%E6%98%A5%E8%8A%82%E7%B2%AE+%E7%A6%BE%E4%B8%8B%E6%9C%89%E6%A2%A6%23" data-hide=""><span class="surl-text">#青春节粮 禾下有梦#</span></a>、<a  href="https://m.weibo.cn/search?containerid=231522type%3D1%26t%3D10%26q%3D%23%E6%96%B0%E9%9D%92%E5%B9%B4+%E6%96%B0%E4%BD%9C%E4%B8%BA%23" data-hide=""><span class="surl-text">#新青年 新作为#</span></a>
樱染003=>2023-06-05 08:17:56=>0=>节粮有我
hjh2022=>2023-06-04 21:30:27=>0=>一粥一饭，当思来之不易。<span class="url-icon"><img alt=[打call] src="https://h5.sinaimg.cn/m/emoticon/icon/default/fb_a1dacall-1e0c4593fc.png" style="width:1em; height:1em;" /></span><span class="url-icon"><img alt=[打call] src="https://h5.sinaimg.cn/m/emoticon/icon/default/fb_a1dacall-1e0c4593fc.png" style="width:1em; height:1em;" /></span><span class="url-icon"><img alt=[打call] src="https://h5.sinaimg.cn/m/emoticon/icon/default/fb_a1dacall-1e0c4593fc.png" style="width:1em; height:1em;" /></span>
甜甜的巧克力dhancha=>2023-06-04 21:17:01=>0=>节约粮食！<span class="url-icon"><img alt=[心] src="https://h5.sinaimg.cn/m/emoticon/icon/others/l_xin-43af9086c0.png" style="width:1em; height:1em;" /></span>
箬及兰己兮=>2023-06-04 20:00:36=>0=>节粮有我
梧桐不想兼细雨=>2023-06-04 18:19:01=>0=>节粮有我
裂开乌拉=>2023-06-04 12:16:22=>0=>节粮有我！
箬及兰己兮=>2023-06-03 15:58:08=>0=>节粮有我
小马今天早睡=>2023-06-03 11:06:48=>0=>节粮有我！
很仙的神仙鱼=>2023-06-03 00:14:08=>0=>节粮有我
箬及兰己兮=>2023-06-02 18:01:02=>0=>节粮有我
vsicep=>2023-06-02 14:26:12=>0=>节粮有我
nothing-199902=>2023-06-02 14:04:56=>0=>节粮有我
Cariemsty=>2023-06-02 12:57:12=>0=>节粮有我！
桔色橙汁=>2023-06-01 23:31:03=>0=>节粮有我
拂衣远去矣=>2023-06-01 21:57:54=>0=>节粮有我
波博2009=>2023-06-01 21:26:29=>0=>节粮有我
时墨半夏=>2023-06-01 20:57:00=>0=>节粮有我！
syx永不分离=>2023-06-01 20:49:55=>0=>节粮有我
清泠司=>2023-06-01 20:29:41=>0=>节粮有我0
送我拥抱i1982=>2023-06-01 20:14:20=>0=>节粮有我！
球球饿了想吃肉=>2023-06-01 16:42:44=>0=><a  href="https://m.weibo.cn/search?containerid=231522type%3D1%26t%3D10%26q%3D%23%E9%9D%92%E6%98%A5%E8%8A%82%E7%B2%AE+%E7%A6%BE%E4%B8%8B%E6%9C%89%E6%A2%A6%23&extparam=%23%E9%9D%92%E6%98%A5%E8%8A%82%E7%B2%AE+%E7%A6%BE%E4%B8%8B%E6%9C%89%E6%A2%A6%23" data-hide=""><span class="surl-text">#青春节粮 禾下有梦#</span></a> 节粮有我
球球饿了想吃肉=>2023-06-01 16:40:34=>0=>节约粮食有我
New-_1=>2023-06-01 13:08:45=>0=>节粮有我
Zio-栀漫=>2023-05-31 23:06:13=>0=>节粮有我
劳资最可爱017=>2023-05-31 17:24:02=>0=>节粮有我！<a  href="https://m.weibo.cn/search?containerid=231522type%3D1%26t%3D10%26q%3D%23%E9%9D%92%E6%98%A5%E8%87%B4%E6%95%AC%E8%A2%81%E9%9A%86%E5%B9%B3%23&extparam=%23%E9%9D%92%E6%98%A5%E8%87%B4%E6%95%AC%E8%A2%81%E9%9A%86%E5%B9%B3%23" data-hide=""><span class="surl-text">#青春致敬袁隆平#</span></a>
先退十个看看实力=>2023-05-31 12:51:57=>0=>我知盘中餐，粒粒皆辛苦
统统59630=>2023-05-31 11:41:47=>0=>谁知盘中餐 粒粒皆辛苦
赫敏不吃巧克力蛙=>2023-05-30 21:49:06=>0=>谁知盘中餐，粒粒皆辛苦。
遇予与温_十二=>2023-05-30 21:06:58=>0=>节粮有我
萝莉一凡儿i=>2023-05-30 17:27:32=>0=>节粮有我！
T_方小块=>2023-05-29 14:31:01=>0=>粒粒皆辛苦<span class="url-icon"><img alt=[心] src="https://h5.sinaimg.cn/m/emoticon/icon/others/l_xin-43af9086c0.png" style="width:1em; height:1em;" /></span><a  href="https://m.weibo.cn/search?containerid=231522type%3D1%26t%3D10%26q%3D%23%E8%8A%82%E7%B2%AE%E6%9C%89%E6%88%91%23&extparam=%23%E8%8A%82%E7%B2%AE%E6%9C%89%E6%88%91%23" data-hide=""><span class="surl-text">#节粮有我#</span></a>
霸气靖宝=>2023-05-29 14:27:43=>0=>我知盘中餐，粒粒皆辛苦！
T_方小块=>2023-05-29 14:27:13=>0=>节约粮食，从我做起<span class="url-icon"><img alt=[心] src="https://h5.sinaimg.cn/m/emoticon/icon/others/l_xin-43af9086c0.png" style="width:1em; height:1em;" /></span>
雨荷轻舞199809=>2023-05-29 14:26:51=>0=>节粮有我
原来我爱小颗粒=>2023-05-29 14:20:47=>0=>我知盘中餐粒粒皆辛苦<span class="url-icon"><img alt=[打call] src="https://h5.sinaimg.cn/m/emoticon/icon/default/fb_a1dacall-1e0c4593fc.png" style="width:1em; height:1em;" /></span>
好烨haoy=>2023-05-28 17:23:28=>0=>节粮有我
洛兮不可爱=>2023-05-27 16:41:37=>0=>节粮有我
豆包沾酱油=>2023-05-27 16:31:55=>0=>节粮有我
顾长歌天下第一=>2023-05-27 13:58:40=>1=>节粮有我
-玉米排骨汤-l=>2023-05-26 23:30:11=>0=>节粮有我
七濑陆900=>2023-05-26 21:07:05=>0=>节粮有我
深爱久久呀=>2023-05-26 20:27:46=>0=>节粮有我！
小阿烨烨=>2023-05-26 20:24:31=>0=>节粮有我
桃桃甜心呀=>2023-05-26 16:55:26=>0=>节粮有我
梦未央央央央=>2023-05-26 16:31:20=>0=>节粮有我！
一支多啦a梦=>2023-05-26 14:37:00=>0=>节粮有我！
欣欣鹿子=>2023-05-26 13:08:39=>0=>节粮有我！
精致小迷妹=>2023-05-26 13:02:54=>0=>节粮有我
什麼宇欣=>2023-05-26 12:54:26=>0=>节粮有我！
情困呆呆猫=>2023-05-26 12:53:37=>0=>节约粮食，你我做起<span class="url-icon"><img alt=[心] src="https://h5.sinaimg.cn/m/emoticon/icon/others/l_xin-43af9086c0.png" style="width:1em; height:1em;" /></span><span class="url-icon"><img alt=[心] src="https://h5.sinaimg.cn/m/emoticon/icon/others/l_xin-43af9086c0.png" style="width:1em; height:1em;" /></span>
aiton_=>2023-05-26 12:26:40=>0=>节粮有我
总要见一次鹿晗吧=>2023-05-26 11:52:59=>0=>节粮有我！
i狗病=>2023-05-26 11:26:46=>0=>节粮有我！
麻烦-y=>2023-05-26 11:06:33=>0=>节粮有我
瀛瀛20040620=>2023-05-26 11:03:16=>0=>节粮有我！
浅笑心柔05205=>2023-05-26 11:00:44=>0=>节粮有我
小蕊睡不醒_=>2023-05-26 10:54:44=>0=>节粮有我！
_o海绵饱饱o_=>2023-05-26 10:52:26=>0=>节粮有我！
七言_Li=>2023-05-26 10:34:08=>0=>节粮有我
海南婴童王迦慧=>2023-05-26 02:11:02=>0=><span class="url-icon"><img alt=[赞啊] src="https://h5.sinaimg.cn/m/emoticon/icon/lxh/lxh_zana-dd20c7bed2.png" style="width:1em; height:1em;" /></span><span class="url-icon"><img alt=[赞啊] src="https://h5.sinaimg.cn/m/emoticon/icon/lxh/lxh_zana-dd20c7bed2.png" style="width:1em; height:1em;" /></span><span class="url-icon"><img alt=[赞啊] src="https://h5.sinaimg.cn/m/emoticon/icon/lxh/lxh_zana-dd20c7bed2.png" style="width:1em; height:1em;" /></span>
甜橙很美味=>2023-05-25 13:21:13=>0=>节粮有我<span class="url-icon"><img alt="[努力]" src="https://face.t.sinajs.cn/t4/appstyle/expression/ext/normal/7c/2022_Keepgoing_org.png" style="width:1em; height:1em;" /></span>
花落忘川=>2023-05-25 05:03:10=>0=>珍惜粮食
smile14129=>2023-05-24 10:33:10=>0=>东营职业学院团委
米暮22=>2023-05-24 09:49:40=>0=>节粮有我
饿了吃星星520=>2023-05-24 09:46:17=>0=>节粮有我！
俺是牛小花=>2023-05-23 21:45:31=>0=>珍惜粮食<span class="url-icon"><img alt=[心] src="https://h5.sinaimg.cn/m/emoticon/icon/others/l_xin-43af9086c0.png" style="width:1em; height:1em;" /></span><span class="url-icon"><img alt=[心] src="https://h5.sinaimg.cn/m/emoticon/icon/others/l_xin-43af9086c0.png" style="width:1em; height:1em;" /></span><span class="url-icon"><img alt=[心] src="https://h5.sinaimg.cn/m/emoticon/icon/others/l_xin-43af9086c0.png" style="width:1em; height:1em;" /></span><span class="url-icon"><img alt=[抱抱] src="https://h5.sinaimg.cn/m/emoticon/icon/default/d_baobao-820d2c9a0f.png" style="width:1em; height:1em;" /></span><span class="url-icon"><img alt=[抱抱] src="https://h5.sinaimg.cn/m/emoticon/icon/default/d_baobao-820d2c9a0f.png" style="width:1em; height:1em;" /></span><span class="url-icon"><img alt=[抱抱] src="https://h5.sinaimg.cn/m/emoticon/icon/default/d_baobao-820d2c9a0f.png" style="width:1em; height:1em;" /></span>
我叫你说的都对i=>2023-05-23 21:37:37=>0=>节粮有我！
我叫你说的都对i=>2023-05-23 21:37:08=>0=>我知盘中餐，粒粒皆辛苦！
Hahahau_u=>2023-05-23 21:26:18=>0=>节约粮食，共创美好家园
小咸不可言=>2023-05-23 19:38:45=>0=>节约粮食，从我做起
Cola03519=>2023-05-23 19:24:29=>0=>节粮有我！
曼man1006=>2023-05-23 17:28:25=>0=>谁知盘中餐，粒粒皆辛苦
Fiee-追寻-麓=>2023-05-23 17:03:51=>0=>珍惜粮食
Baekssabx=>2023-05-23 16:57:50=>0=>珍惜粮食<span class="url-icon"><img alt=[心] src="https://h5.sinaimg.cn/m/emoticon/icon/others/l_xin-43af9086c0.png" style="width:1em; height:1em;" /></span>
明日雨典=>2023-05-23 16:10:10=>0=>珍惜粮食
巧克力l努力工作版=>2023-05-23 16:04:16=>0=>我知盘中餐，粒粒皆辛苦！
陈翰林真的叫陈翰林=>2023-05-23 15:55:21=>0=>珍惜粮食
草莓莓蛋挞-=>2023-05-23 15:53:10=>0=><span class="url-icon"><img alt=[心] src="https://h5.sinaimg.cn/m/emoticon/icon/others/l_xin-43af9086c0.png" style="width:1em; height:1em;" /></span><span class="url-icon"><img alt=[心] src="https://h5.sinaimg.cn/m/emoticon/icon/others/l_xin-43af9086c0.png" style="width:1em; height:1em;" /></span><span class="url-icon"><img alt=[心] src="https://h5.sinaimg.cn/m/emoticon/icon/others/l_xin-43af9086c0.png" style="width:1em; height:1em;" /></span>
SaraCYF=>2023-05-23 15:51:03=>0=>转发微博
22市营2班团支部=>2023-05-23 15:14:31=>0=><span class="url-icon"><img alt=[打call] src="https://h5.sinaimg.cn/m/emoticon/icon/default/fb_a1dacall-1e0c4593fc.png" style="width:1em; height:1em;" /></span><span class="url-icon"><img alt=[打call] src="https://h5.sinaimg.cn/m/emoticon/icon/default/fb_a1dacall-1e0c4593fc.png" style="width:1em; height:1em;" /></span>
卑微女三=>2023-05-23 15:10:53=>0=>节约粮食从我做起<span class="url-icon"><img alt=[打call] src="https://h5.sinaimg.cn/m/emoticon/icon/default/fb_a1dacall-1e0c4593fc.png" style="width:1em; height:1em;" /></span>
小杨月楼yy=>2023-05-23 14:39:56=>0=>粒粒皆辛苦
霽禾-極北=>2023-05-23 14:36:02=>0=>谁知盘中餐，粒粒皆辛苦
海岛南岸8888=>2023-05-23 13:49:58=>0=>节约粮食从我做起，争做时代好青年<span class="url-icon"><img alt=[打call] src="https://h5.sinaimg.cn/m/emoticon/icon/default/fb_a1dacall-1e0c4593fc.png" style="width:1em; height:1em;" /></span><span class="url-icon"><img alt=[打call] src="https://h5.sinaimg.cn/m/emoticon/icon/default/fb_a1dacall-1e0c4593fc.png" style="width:1em; height:1em;" /></span>
一小肥猪=>2023-05-23 13:39:58=>0=>一粥一饭当思来之不易，一起节约粮食吧！
我爱茹同学=>2023-05-23 13:24:07=>0=>节约粮食从我做起，争做时代好青年<span class="url-icon"><img alt=[打call] src="https://h5.sinaimg.cn/m/emoticon/icon/default/fb_a1dacall-1e0c4593fc.png" style="width:1em; height:1em;" /></span><span class="url-icon"><img alt=[打call] src="https://h5.sinaimg.cn/m/emoticon/icon/default/fb_a1dacall-1e0c4593fc.png" style="width:1em; height:1em;" /></span>
小小新r=>2023-05-23 13:01:40=>0=>节粮有我<span class="url-icon"><img alt=[打call] src="https://h5.sinaimg.cn/m/emoticon/icon/default/fb_a1dacall-1e0c4593fc.png" style="width:1em; height:1em;" /></span>
任性叛逆又乖巧=>2023-05-23 12:36:41=>0=>节约粮食
狗屎大王gululu=>2023-05-23 12:00:34=>0=>节约粮食
小潘不知道=>2023-05-23 11:51:57=>0=>谁知盘中餐，粒粒皆辛苦。
不知鱼味的猫=>2023-05-23 11:41:10=>0=>节约粮食从我做起<span class="url-icon"><img alt=[打call] src="https://h5.sinaimg.cn/m/emoticon/icon/default/fb_a1dacall-1e0c4593fc.png" style="width:1em; height:1em;" /></span><span class="url-icon"><img alt=[打call] src="https://h5.sinaimg.cn/m/emoticon/icon/default/fb_a1dacall-1e0c4593fc.png" style="width:1em; height:1em;" /></span>
jshshsjdn=>2023-05-23 11:34:56=>0=>节约粮食从平常的生活做起
静的一一=>2023-05-23 11:31:01=>0=>珍惜每一粒米
我是du怪=>2023-05-23 11:25:59=>0=>节约粮食
我是du怪=>2023-05-23 11:24:59=>0=>解决粮食从我做起
芝士奶盖1118=>2023-05-23 10:59:01=>0=>一粥一饭，当思来之不易
零碎雪季=>2023-05-23 10:15:10=>0=>节约粮食从我做起
北极筱蓝89458=>2023-05-23 10:09:10=>0=>节约粮食，从我做起
小熊可可茶T12=>2023-05-23 10:03:48=>0=>我知盘中餐，粒粒皆辛苦！
刑天铠甲12074=>2023-05-23 09:52:16=>0=><span class="url-icon"><img alt=[打call] src="https://h5.sinaimg.cn/m/emoticon/icon/default/fb_a1dacall-1e0c4593fc.png" style="width:1em; height:1em;" /></span><span class="url-icon"><img alt=[打call] src="https://h5.sinaimg.cn/m/emoticon/icon/default/fb_a1dacall-1e0c4593fc.png" style="width:1em; height:1em;" /></span><span class="url-icon"><img alt=[打call] src="https://h5.sinaimg.cn/m/emoticon/icon/default/fb_a1dacall-1e0c4593fc.png" style="width:1em; height:1em;" /></span><span class="url-icon"><img alt=[打call] src="https://h5.sinaimg.cn/m/emoticon/icon/default/fb_a1dacall-1e0c4593fc.png" style="width:1em; height:1em;" /></span>
可乐配米饭xndjbf=>2023-05-23 09:45:10=>0=>一粥一饭，当思来之不易。
认真学习的小孩-=>2023-05-23 09:26:43=>0=>节约粮食从我做起
云茶茶茶=>2023-05-23 09:23:19=>0=>节粮有我
曦柠www=>2023-05-23 09:15:31=>0=>节约粮食
雾禾风=>2023-05-23 09:03:11=>0=><span class="url-icon"><img alt=[心] src="https://h5.sinaimg.cn/m/emoticon/icon/others/l_xin-43af9086c0.png" style="width:1em; height:1em;" /></span><span class="url-icon"><img alt=[心] src="https://h5.sinaimg.cn/m/emoticon/icon/others/l_xin-43af9086c0.png" style="width:1em; height:1em;" /></span>
ZX_2003=>2023-05-23 08:58:38=>0=>节粮有我
Mjwcf=>2023-05-23 08:55:24=>0=>珍惜粮食
落雨156=>2023-05-23 08:35:07=>0=>珍惜粮食
吃菠萝的米饭=>2023-05-23 08:26:19=>0=><span class="url-icon"><img alt=[赞] src="https://h5.sinaimg.cn/m/emoticon/icon/others/h_zan-44ddc70637.png" style="width:1em; height:1em;" /></span><span class="url-icon"><img alt=[赞] src="https://h5.sinaimg.cn/m/emoticon/icon/others/h_zan-44ddc70637.png" style="width:1em; height:1em;" /></span><span class="url-icon"><img alt=[赞] src="https://h5.sinaimg.cn/m/emoticon/icon/others/h_zan-44ddc70637.png" style="width:1em; height:1em;" /></span>
慧慧超清醒=>2023-05-23 07:52:52=>0=>节约粮食
嬗莨14382=>2023-05-23 07:39:42=>0=>节约粮食，从我做起
绝对happy_=>2023-05-23 07:27:57=>0=><span class="url-icon"><img alt=[打call] src="https://h5.sinaimg.cn/m/emoticon/icon/default/fb_a1dacall-1e0c4593fc.png" style="width:1em; height:1em;" /></span><span class="url-icon"><img alt=[打call] src="https://h5.sinaimg.cn/m/emoticon/icon/default/fb_a1dacall-1e0c4593fc.png" style="width:1em; height:1em;" /></span>
可爱的小不点668=>2023-05-23 06:59:07=>0=>珍惜粮食🌾
争当上岸的咸鱼小贺=>2023-05-22 23:36:15=>0=>珍惜粮食，好好吃饭。
乖乖的怪哈哈=>2023-05-22 23:29:48=>0=>珍惜粮食
朱橐驼=>2023-05-22 23:29:39=>0=>我知盘中餐，粒粒皆辛苦<span class="url-icon"><img alt=[打call] src="https://h5.sinaimg.cn/m/emoticon/icon/default/fb_a1dacall-1e0c4593fc.png" style="width:1em; height:1em;" /></span>
Xfavor995J=>2023-05-22 23:18:29=>0=>节粮有我！！！
Xfavor995J=>2023-05-22 23:14:23=>0=>节粮有我！！
清水浅花笑=>2023-05-22 23:13:29=>0=>节粮有我
要干饭的猫=>2023-05-22 23:12:06=>0=>节约粮食，人人有责
云珩YH=>2023-05-22 22:50:44=>0=>节粮有我
-岐香的夏天-=>2023-05-22 22:47:00=>0=>节粮有我<span class="url-icon"><img alt=[馋嘴] src="https://h5.sinaimg.cn/m/emoticon/icon/default/d_chanzui-fc1acc341b.png" style="width:1em; height:1em;" /></span><span class="url-icon"><img alt=[委屈] src="https://h5.sinaimg.cn/m/emoticon/icon/default/d_weiqu-758386fa64.png" style="width:1em; height:1em;" /></span><span class="url-icon"><img alt=[抱一抱] src="https://h5.sinaimg.cn/m/emoticon/icon/default/co_a1hug-f3910d0e88.png" style="width:1em; height:1em;" /></span>
怎么办啊李泽言aaa=>2023-05-22 22:29:41=>0=>珍惜粮食
Alone82290=>2023-05-22 22:24:20=>0=>谁知盘中餐，粒粒皆辛苦<span class="url-icon"><img alt=[赞] src="https://h5.sinaimg.cn/m/emoticon/icon/others/h_zan-44ddc70637.png" style="width:1em; height:1em;" /></span>
败降ang=>2023-05-22 22:18:24=>0=>节粮有我！
我睡醒了_68=>2023-05-22 22:16:40=>1=>节约粮食从我做起，争做时代好青年<span class="url-icon"><img alt=[打call] src="https://h5.sinaimg.cn/m/emoticon/icon/default/fb_a1dacall-1e0c4593fc.png" style="width:1em; height:1em;" /></span><span class="url-icon"><img alt=[打call] src="https://h5.sinaimg.cn/m/emoticon/icon/default/fb_a1dacall-1e0c4593fc.png" style="width:1em; height:1em;" /></span>
厌22=>2023-05-22 22:13:51=>0=>节约粮食从我做起！！！<span class="url-icon"><img alt=[拳头] src="https://h5.sinaimg.cn/m/emoticon/icon/others/h_quantou-81f684d5ed.png" style="width:1em; height:1em;" /></span><span class="url-icon"><img alt=[拳头] src="https://h5.sinaimg.cn/m/emoticon/icon/others/h_quantou-81f684d5ed.png" style="width:1em; height:1em;" /></span><span class="url-icon"><img alt=[拳头] src="https://h5.sinaimg.cn/m/emoticon/icon/others/h_quantou-81f684d5ed.png" style="width:1em; height:1em;" /></span>
轩轩不吃青椒=>2023-05-22 22:12:35=>0=>珍惜粮食 节粮有我<span class="url-icon"><img alt=[心] src="https://h5.sinaimg.cn/m/emoticon/icon/others/l_xin-43af9086c0.png" style="width:1em; height:1em;" /></span>
可以让我改名字吗=>2023-05-22 22:05:37=>0=>谁知盘中餐，粒粒皆辛苦
浩浩野原=>2023-05-22 22:05:11=>0=>谁知盘中餐，粒粒皆辛苦
cold7xixixixixixi=>2023-05-22 22:01:03=>0=>节粮有我
小小筱筱柒=>2023-05-22 21:55:43=>0=>珍惜粮食
锂_1206=>2023-05-22 21:41:39=>0=>节粮有我！
吃稀饭喊我=>2023-05-22 21:39:17=>0=>珍惜粮食
云游远去TLXQ=>2023-05-22 21:33:42=>0=>节粮有我
一堆十七=>2023-05-22 21:28:42=>0=>节约粮食从我做起，争做时代好青年<span class="url-icon"><img alt=[打call] src="https://h5.sinaimg.cn/m/emoticon/icon/default/fb_a1dacall-1e0c4593fc.png" style="width:1em; height:1em;" /></span><span class="url-icon"><img alt=[打call] src="https://h5.sinaimg.cn/m/emoticon/icon/default/fb_a1dacall-1e0c4593fc.png" style="width:1em; height:1em;" /></span>
谁困了我都不会困=>2023-05-22 21:22:50=>0=>珍惜
hi-祺祺祺祺=>2023-05-22 21:21:44=>0=>节约粮食从我做起
傲娇卷=>2023-05-22 21:19:55=>0=>节粮有我！
反冲圣斗士=>2023-05-22 21:07:57=>0=>我知盘中餐，粒粒皆辛苦！
市民小蜗出走和我没关系海绵宝宝=>2023-05-22 21:07:06=>0=>珍惜粮食
臣服我的温柔=>2023-05-22 21:06:42=>0=>粒粒皆辛苦
市民小蜗出走和我没关系海绵宝宝=>2023-05-22 21:06:15=>0=>一粥一饭，当思来之不易
神崎的小猥=>2023-05-22 21:05:06=>0=><span class="url-icon"><img alt=[打call] src="https://h5.sinaimg.cn/m/emoticon/icon/default/fb_a1dacall-1e0c4593fc.png" style="width:1em; height:1em;" /></span>节粮有我<span class="url-icon"><img alt=[心] src="https://h5.sinaimg.cn/m/emoticon/icon/others/l_xin-43af9086c0.png" style="width:1em; height:1em;" /></span>
渊种来了=>2023-05-22 20:58:19=>0=>节约粮食，浪费可耻
岚烟裎=>2023-05-22 20:57:57=>0=>珍惜粮食
请叫我香菜女王=>2023-05-22 20:56:45=>0=>珍惜粮食
请叫我香菜女王=>2023-05-22 20:56:17=>1=>珍惜粮食从我做起
一元章鱼=>2023-05-22 20:55:05=>0=>节粮有我！
爱七西蓝花=>2023-05-22 20:53:11=>0=>珍惜粮食人人有责
mmtter=>2023-05-22 20:51:45=>0=>珍惜粮食
Mikrokosmos______=>2023-05-22 20:49:05=>0=>我知盘中餐，粒粒皆辛苦！
Kiteradios=>2023-05-22 20:48:48=>0=>节粮有我
sookuiiii=>2023-05-22 20:45:08=>0=>节粮有我！
闲坐庭前听落花=>2023-05-22 20:44:09=>0=>转发微博
摆烂修陈=>2023-05-22 20:39:15=>0=>珍惜粮食
乱78糟128=>2023-05-22 20:35:45=>0=>谁知盘中餐，粒粒皆辛苦
不吃红豆花生=>2023-05-22 20:34:48=>0=>我爱大米饭<span class="url-icon"><img alt="[赢牛奶]" src="https://face.t.sinajs.cn/t4/appstyle/expression/ext/normal/9c/2021_yingniunai_org.png" style="width:1em; height:1em;" /></span>
Yyyhhhh020728=>2023-05-22 20:32:53=>0=>珍惜粮食
要永远轻盈永远滚烫=>2023-05-22 20:31:18=>0=>珍惜粮食<span class="url-icon"><img alt=[心] src="https://h5.sinaimg.cn/m/emoticon/icon/others/l_xin-43af9086c0.png" style="width:1em; height:1em;" /></span>
十八216_=>2023-05-22 20:29:48=>0=>节粮有我！
好听且网名03=>2023-05-22 20:27:13=>0=>我知盘中餐，粒粒皆辛苦！
源源好小只=>2023-05-22 20:26:41=>0=><span class="url-icon"><img alt=[心] src="https://h5.sinaimg.cn/m/emoticon/icon/others/l_xin-43af9086c0.png" style="width:1em; height:1em;" /></span><span class="url-icon"><img alt=[心] src="https://h5.sinaimg.cn/m/emoticon/icon/others/l_xin-43af9086c0.png" style="width:1em; height:1em;" /></span>
回忆已泛锈=>2023-05-22 20:22:34=>0=>一粥一饭，当思来之不易。
唯热爱永存=>2023-05-22 20:22:08=>0=><span class="url-icon"><img alt=[抱一抱] src="https://h5.sinaimg.cn/m/emoticon/icon/default/co_a1hug-f3910d0e88.png" style="width:1em; height:1em;" /></span><span class="url-icon"><img alt=[抱一抱] src="https://h5.sinaimg.cn/m/emoticon/icon/default/co_a1hug-f3910d0e88.png" style="width:1em; height:1em;" /></span>
Z亲爱的芭芭拉=>2023-05-22 20:20:25=>0=><span class="url-icon"><img alt=[爱你] src="https://h5.sinaimg.cn/m/emoticon/icon/default/d_aini-09d5f3f870.png" style="width:1em; height:1em;" /></span>
小程不辛苦=>2023-05-22 20:15:43=>0=>珍惜粮食
想养一百只猫=>2023-05-22 20:15:28=>0=>好好好节约粮食棒棒棒<span class="url-icon"><img alt=[打call] src="https://h5.sinaimg.cn/m/emoticon/icon/default/fb_a1dacall-1e0c4593fc.png" style="width:1em; height:1em;" /></span><span class="url-icon"><img alt=[打call] src="https://h5.sinaimg.cn/m/emoticon/icon/default/fb_a1dacall-1e0c4593fc.png" style="width:1em; height:1em;" /></span><span class="url-icon"><img alt=[打call] src="https://h5.sinaimg.cn/m/emoticon/icon/default/fb_a1dacall-1e0c4593fc.png" style="width:1em; height:1em;" /></span>
Fancy0908=>2023-05-22 20:09:17=>0=><span class="url-icon"><img alt=[打call] src="https://h5.sinaimg.cn/m/emoticon/icon/default/fb_a1dacall-1e0c4593fc.png" style="width:1em; height:1em;" /></span><span class="url-icon"><img alt=[打call] src="https://h5.sinaimg.cn/m/emoticon/icon/default/fb_a1dacall-1e0c4593fc.png" style="width:1em; height:1em;" /></span><span class="url-icon"><img alt=[打call] src="https://h5.sinaimg.cn/m/emoticon/icon/default/fb_a1dacall-1e0c4593fc.png" style="width:1em; height:1em;" /></span>
六元的柴柴LHR=>2023-05-22 20:08:59=>0=>节约粮食从我做起
周语语语=>2023-05-22 20:08:52=>0=>节粮有我
陈志恒20060716=>2023-05-22 20:08:39=>0=>节粮有我！
陈志恒20060716=>2023-05-22 20:08:05=>0=>谁知盘中餐，粒粒皆辛苦
君念JN=>2023-05-22 20:07:27=>0=>节粮有我
美味蟹黄堡11=>2023-05-22 20:04:04=>0=>谁知盘中餐，粒粒皆辛苦。
AAA土豆批发刘姐=>2023-05-22 20:00:09=>0=>珍惜粮食
小张和你拼啦03=>2023-05-22 19:58:37=>0=>珍惜粮食
什么时候可以吃青草蛋糕啊=>2023-05-22 19:58:18=>0=>珍惜粮食
易祺抓小仓鼠=>2023-05-22 19:55:30=>0=>珍惜粮食
知之不是芝=>2023-05-22 19:55:03=>0=>节粮有我
亲亲我的李先生=>2023-05-22 19:54:16=>0=>珍惜粮食<span class="url-icon"><img alt=[打call] src="https://h5.sinaimg.cn/m/emoticon/icon/default/fb_a1dacall-1e0c4593fc.png" style="width:1em; height:1em;" /></span>
逍遥客zy=>2023-05-22 19:52:15=>0=>很棒
22跨境电商朱杨璐=>2023-05-22 19:51:48=>0=>节约粮食，从我做起
尋林深处i90955=>2023-05-22 19:50:41=>0=>节约粮食
今天认真打第五了吗=>2023-05-22 19:49:38=>0=>珍惜粮食<span class="url-icon"><img alt=[打call] src="https://h5.sinaimg.cn/m/emoticon/icon/default/fb_a1dacall-1e0c4593fc.png" style="width:1em; height:1em;" /></span>
劝告你说话注意点=>2023-05-22 19:48:46=>0=>珍惜粮食从我做起！！
好想养小狗儿=>2023-05-22 19:47:58=>0=>节约粮食从我做起
l晚安vvv=>2023-05-22 19:47:39=>0=>粒粒皆辛苦
nzzncs=>2023-05-22 19:47:23=>0=>珍惜粮食
车二一A=>2023-05-22 19:47:08=>0=>谁知盘中餐，粒粒皆辛苦
芹菜不吃香菜-=>2023-05-22 19:45:07=>0=>珍惜粮食
他与然皆失=>2023-05-22 19:44:40=>0=>粒粒皆辛苦！
第几章心动=>2023-05-22 19:43:52=>0=>节约粮食 从我做起<span class="url-icon"><img alt=[打call] src="https://h5.sinaimg.cn/m/emoticon/icon/default/fb_a1dacall-1e0c4593fc.png" style="width:1em; height:1em;" /></span><span class="url-icon"><img alt=[打call] src="https://h5.sinaimg.cn/m/emoticon/icon/default/fb_a1dacall-1e0c4593fc.png" style="width:1em; height:1em;" /></span><span class="url-icon"><img alt=[打call] src="https://h5.sinaimg.cn/m/emoticon/icon/default/fb_a1dacall-1e0c4593fc.png" style="width:1em; height:1em;" /></span><span class="url-icon"><img alt=[打call] src="https://h5.sinaimg.cn/m/emoticon/icon/default/fb_a1dacall-1e0c4593fc.png" style="width:1em; height:1em;" /></span><span class="url-icon"><img alt=[打call] src="https://h5.sinaimg.cn/m/emoticon/icon/default/fb_a1dacall-1e0c4593fc.png" style="width:1em; height:1em;" /></span><span class="url-icon"><img alt=[打call] src="https://h5.sinaimg.cn/m/emoticon/icon/default/fb_a1dacall-1e0c4593fc.png" style="width:1em; height:1em;" /></span>
从清晨到日暮1963=>2023-05-22 19:43:40=>0=>珍惜粮食
_Jenny璐=>2023-05-22 19:43:24=>0=>珍惜粮食，从我做起
和霖霖去偷盐=>2023-05-22 19:42:57=>0=><span class="url-icon"><img alt="[月亮代表我的心]" src="https://face.t.sinajs.cn/t4/appstyle/expression/ext/normal/4a/2022_Remyheart_org.png" style="width:1em; height:1em;" /></span><span class="url-icon"><img alt="[月亮代表我的心]" src="https://face.t.sinajs.cn/t4/appstyle/expression/ext/normal/4a/2022_Remyheart_org.png" style="width:1em; height:1em;" /></span>
不吃榴莲believe=>2023-05-22 19:42:49=>0=>珍惜粮食
多加辣油哇=>2023-05-22 19:41:48=>0=>珍惜粮食
0522任性=>2023-05-22 19:41:27=>0=>珍惜粮食
爱吃芋芋芋圆子=>2023-05-22 19:39:37=>0=>我只盘中餐，粒粒皆辛苦！
包菜发芽了=>2023-05-22 19:37:20=>0=>节约粮食
就好这口金汤力-=>2023-05-22 19:37:11=>0=>珍惜粮食
困糊涂了k=>2023-05-22 19:36:35=>0=>谁知盘中餐，粒粒皆辛苦
泡椒小竹孙女士=>2023-05-22 19:36:30=>0=>节粮有我<span class="url-icon"><img alt="[举手]" src="https://face.t.sinajs.cn/t4/appstyle/expression/ext/normal/fd/2022_raisehand_org.png" style="width:1em; height:1em;" /></span>
拉屎旋转带洗头的土豆=>2023-05-22 19:34:45=>0=>节约粮食
言辞深情不及言辞=>2023-05-22 19:34:43=>0=>我知盘中餐，粒粒皆辛苦！
过冬記=>2023-05-22 19:34:32=>0=>节约粮食从我做起，争做时代好青年<span class="url-icon"><img alt=[抱抱] src="https://h5.sinaimg.cn/m/emoticon/icon/default/d_baobao-820d2c9a0f.png" style="width:1em; height:1em;" /></span>
KADIRYEax=>2023-05-22 19:34:03=>0=>节粮有我！
扁桃体永不发言1230=>2023-05-22 19:33:43=>0=>节约粮食<span class="url-icon"><img alt=[心] src="https://h5.sinaimg.cn/m/emoticon/icon/others/l_xin-43af9086c0.png" style="width:1em; height:1em;" /></span>
享甜202208=>2023-05-22 19:32:36=>0=><span class="url-icon"><img alt=[心] src="https://h5.sinaimg.cn/m/emoticon/icon/others/l_xin-43af9086c0.png" style="width:1em; height:1em;" /></span><span class="url-icon"><img alt=[心] src="https://h5.sinaimg.cn/m/emoticon/icon/others/l_xin-43af9086c0.png" style="width:1em; height:1em;" /></span><span class="url-icon"><img alt=[心] src="https://h5.sinaimg.cn/m/emoticon/icon/others/l_xin-43af9086c0.png" style="width:1em; height:1em;" /></span><span class="url-icon"><img alt=[心] src="https://h5.sinaimg.cn/m/emoticon/icon/others/l_xin-43af9086c0.png" style="width:1em; height:1em;" /></span><span class="url-icon"><img alt=[心] src="https://h5.sinaimg.cn/m/emoticon/icon/others/l_xin-43af9086c0.png" style="width:1em; height:1em;" /></span>
拉屎旋转带洗头的土豆=>2023-05-22 19:32:26=>0=>节约粮食，从我做起，争做时代好青年
唯爱的小十二=>2023-05-22 19:32:10=>0=>珍惜粮食
头发住单间=>2023-05-22 19:31:43=>0=>谁知盘中餐，粒粒皆辛苦
bbbyg0105=>2023-05-22 19:31:37=>0=>珍惜粮食
Singularity0423=>2023-05-22 19:31:26=>0=>节粮有我！
白昼颂诗=>2023-05-22 19:29:51=>0=>谁知盘中餐 粒粒皆辛苦
和音kzine=>2023-05-22 19:29:24=>0=>节粮有我！
胖鸭梨Bang=>2023-05-22 19:28:49=>0=><span class="url-icon"><img alt=[赞] src="https://h5.sinaimg.cn/m/emoticon/icon/others/h_zan-44ddc70637.png" style="width:1em; height:1em;" /></span><span class="url-icon"><img alt=[赞] src="https://h5.sinaimg.cn/m/emoticon/icon/others/h_zan-44ddc70637.png" style="width:1em; height:1em;" /></span><span class="url-icon"><img alt=[抱抱] src="https://h5.sinaimg.cn/m/emoticon/icon/default/d_baobao-820d2c9a0f.png" style="width:1em; height:1em;" /></span><span class="url-icon"><img alt=[抱抱] src="https://h5.sinaimg.cn/m/emoticon/icon/default/d_baobao-820d2c9a0f.png" style="width:1em; height:1em;" /></span>
橘子aeo=>2023-05-22 19:27:35=>0=>节粮有我！
糖吵力子=>2023-05-22 19:26:53=>0=>节粮有我
春春的糕冷小丞=>2023-05-22 19:22:16=>0=>珍惜粮食
顾萱_Aute=>2023-05-22 19:19:58=>0=>节粮有我!
白鹿鹿爱自拍=>2023-05-22 19:19:10=>0=>粒粒皆辛苦
陶不出手心8759=>2023-05-22 19:13:18=>0=><a  href="https://m.weibo.cn/search?containerid=231522type%3D1%26t%3D10%26q%3D%23%E9%9D%92%E6%98%A5%E8%87%B4%E6%95%AC%E8%A2%81%E9%9A%86%E5%B9%B3%23&extparam=%23%E9%9D%92%E6%98%A5%E8%87%B4%E6%95%AC%E8%A2%81%E9%9A%86%E5%B9%B3%23" data-hide=""><span class="surl-text">#青春致敬袁隆平#</span></a>节粮有我
芭比萌ei=>2023-05-22 19:11:41=>0=>节约粮食争做时代好青年
养一只小菲兔=>2023-05-22 19:10:21=>0=>节粮有我
凡人多烦事shellway=>2023-05-22 19:04:51=>0=>怀念袁院士。<span class="url-icon"><img alt=[蜡烛] src="https://h5.sinaimg.cn/m/emoticon/icon/others/o_lazhu-afb8e4fbdc.png" style="width:1em; height:1em;" /></span>
张浔_=>2023-05-22 19:00:45=>0=>节粮有我
哇去你吗的=>2023-05-22 18:58:26=>0=>节粮有我<span class="url-icon"><img alt=[打call] src="https://h5.sinaimg.cn/m/emoticon/icon/default/fb_a1dacall-1e0c4593fc.png" style="width:1em; height:1em;" /></span>
南鸢离梦吖吖=>2023-05-22 18:56:02=>0=>节粮有我
南鸢离梦吖吖=>2023-05-22 18:55:42=>0=><a  href="https://m.weibo.cn/search?containerid=231522type%3D1%26t%3D10%26q%3D%23%E9%9D%92%E6%98%A5%E8%87%B4%E6%95%AC%E8%A2%81%E9%9A%86%E5%B9%B3%23&extparam=%23%E9%9D%92%E6%98%A5%E8%87%B4%E6%95%AC%E8%A2%81%E9%9A%86%E5%B9%B3%23" data-hide=""><span class="surl-text">#青春致敬袁隆平#</span></a>、<a  href="https://m.weibo.cn/search?containerid=231522type%3D1%26t%3D10%26q%3D%23%E6%99%92%E7%A9%BA%E7%A2%97%23" data-hide=""><span class="surl-text">#晒空碗#</span></a>
SChaobye=>2023-05-22 18:55:00=>0=>节粮有我
北悸安凉200607=>2023-05-22 18:54:10=>1=>节粮有我！！
鞠然是熊孩子=>2023-05-22 18:43:50=>0=>节粮有我
TenzinTialay=>2023-05-22 18:42:53=>0=>珍惜粮食
李希霍芬=>2023-05-22 18:42:52=>0=>节粮有我
octjin=>2023-05-22 18:38:00=>0=>节粮有我
小郝同志ya=>2023-05-22 18:34:51=>0=>节粮有我
孙宇彤3276=>2023-05-22 18:32:08=>0=>//孙宇彤3276:节粮有我
绿绿啵啵=>2023-05-22 18:31:59=>0=><a  href="https://m.weibo.cn/search?containerid=231522type%3D1%26t%3D10%26q%3D%23%E8%8A%82%E7%B2%AE%E6%9C%89%E6%88%91%23&extparam=%23%E8%8A%82%E7%B2%AE%E6%9C%89%E6%88%91%23" data-hide=""><span class="surl-text">#节粮有我#</span></a> !
孙宇彤3276=>2023-05-22 18:30:59=>0=>节粮有我
猫铃情鸢=>2023-05-22 18:30:54=>0=>珍惜粮食
不爱冰雪的巴酱=>2023-05-22 18:19:46=>0=>粒粒皆辛苦
涛baron=>2023-05-22 20:23:36=>0=>节约粮食 从我做起<span class="url-icon"><img alt=[心] src="https://h5.sinaimg.cn/m/emoticon/icon/others/l_xin-43af9086c0.png" style="width:1em; height:1em;" /></span>
小谢和小婷=>2023-05-22 19:31:44=>0=>我们要珍惜粮食
浅笑Sunshine84849=>2023-10-30 10:53:57=>0=>节约有我
白月成霜_=>2023-12-06 18:13:04=>0=>节粮有我<a  href="https://m.weibo.cn/search?containerid=231522type%3D1%26t%3D10%26q%3D%23%E6%99%92%E7%A9%BA%E7%A2%97%23" data-hide=""><span class="surl-text">#晒空碗#</span></a> <a  href="https://m.weibo.cn/search?containerid=231522type%3D1%26t%3D10%26q%3D%23%E9%9D%92%E6%98%A5%E8%87%B4%E6%95%AC%E8%A2%81%E9%9A%86%E5%B9%B3%23&extparam=%23%E9%9D%92%E6%98%A5%E8%87%B4%E6%95%AC%E8%A2%81%E9%9A%86%E5%B9%B3%23" data-hide=""><span class="surl-text">#青春致敬袁隆平#</span></a> <a  href="https://m.weibo.cn/search?containerid=231522type%3D1%26t%3D10%26q%3D%23%E9%9D%92%E6%98%A5%E8%8A%82%E7%B2%AE+%E7%A6%BE%E4%B8%8B%E6%9C%89%E6%A2%A6%23&extparam=%23%E9%9D%92%E6%98%A5%E8%8A%82%E7%B2%AE+%E7%A6%BE%E4%B8%8B%E6%9C%89%E6%A2%A6%23" data-hide=""><span class="surl-text">#青春节粮 禾下有梦#</span></a>
浅笑Sunshine84849=>2023-10-30 10:56:27=>0=>“节约有我”<a  href="https://m.weibo.cn/search?containerid=231522type%3D1%26t%3D10%26q%3D%23%E9%9D%92%E6%98%A5%E8%87%B4%E6%95%AC%E8%A2%81%E9%9A%86%E5%B9%B3%23&extparam=%23%E9%9D%92%E6%98%A5%E8%87%B4%E6%95%AC%E8%A2%81%E9%9A%86%E5%B9%B3%23" data-hide=""><span class="surl-text">#青春致敬袁隆平#</span></a> <a  href="https://m.weibo.cn/search?containerid=231522type%3D1%26t%3D10%26q%3D%23%E6%99%92%E7%A9%BA%E7%A2%97%23" data-hide=""><span class="surl-text">#晒空碗#</span></a> <a  href="https://m.weibo.cn/search?containerid=231522type%3D1%26t%3D10%26q%3D%23%E9%9D%92%E6%98%A5%E8%8A%82%E7%B2%AE+%E7%A6%BE%E4%B8%8B%E6%9C%89%E6%A2%A6%23&extparam=%23%E9%9D%92%E6%98%A5%E8%8A%82%E7%B2%AE+%E7%A6%BE%E4%B8%8B%E6%9C%89%E6%A2%A6%23" data-hide=""><span class="surl-text">#青春节粮 禾下有梦#</span></a> <a  href="https://m.weibo.cn/search?containerid=231522type%3D1%26t%3D10%26q%3D%23%E6%96%B0%E9%9D%92%E5%B9%B4+%E6%96%B0%E4%BD%9C%E4%B8%BA%23" data-hide=""><span class="surl-text">#新青年 新作为#</span></a>
快乐做自己2001=>2023-10-30 10:49:33=>0=>节粮有我<a  href="https://m.weibo.cn/search?containerid=231522type%3D1%26t%3D10%26q%3D%23%E5%85%B1%E9%9D%92%E5%9B%A2%E4%B8%AD%E5%A4%AE%23&isnewpage=1" data-hide=""><span class="surl-text">#共青团中央#</span></a> <a  href="https://m.weibo.cn/search?containerid=231522type%3D1%26t%3D10%26q%3D%23%E8%8A%82%E7%B2%AE%E6%9C%89%E6%88%91%23&extparam=%23%E8%8A%82%E7%B2%AE%E6%9C%89%E6%88%91%23" data-hide=""><span class="surl-text">#节粮有我#</span></a> <a  href="https://m.weibo.cn/search?containerid=231522type%3D1%26t%3D10%26q%3D%23%E7%88%B1%E7%B2%AE%E8%8A%82%E7%B2%AE%2C%E4%BC%A0%E6%89%BF%E7%BE%8E%E5%BE%B7%23&extparam=%23%E7%88%B1%E7%B2%AE%E8%8A%82%E7%B2%AE%2C%E4%BC%A0%E6%89%BF%E7%BE%8E%E5%BE%B7%23" data-hide=""><span class="surl-text">#爱粮节粮,传承美德#</span></a>
天线小破孩儿=>2023-10-30 10:28:34=>0=>节粮有我
Nik楠=>2023-10-30 10:26:34=>0=>节粮有我！
阡陌阡陌UI=>2023-06-26 11:30:38=>0=>节粮有我，环保共建<span class="url-icon"><img alt=[打call] src="https://h5.sinaimg.cn/m/emoticon/icon/default/fb_a1dacall-1e0c4593fc.png" style="width:1em; height:1em;" /></span><span class="url-icon"><img alt=[打call] src="https://h5.sinaimg.cn/m/emoticon/icon/default/fb_a1dacall-1e0c4593fc.png" style="width:1em; height:1em;" /></span>
虞美人_202306=>2023-06-23 18:53:03=>0=>转发微博
斯塔万格的灯塔=>2023-06-20 23:16:14=>0=>北京卫生职业学院
i18636874=>2023-06-17 19:05:42=>0=>节粮有我
纸乌鸦08=>2023-06-17 18:22:49=>0=>节粮有我
用户周欣怡=>2023-06-17 14:40:07=>0=>节粮有我
亚亚-3719=>2023-06-17 11:07:04=>0=>节粮有我
桑桑每天睡大觉=>2023-06-16 23:50:54=>0=>节粮有我！
颖懿生=>2023-06-16 13:06:29=>0=><span class="url-icon"><img alt=[心] src="https://h5.sinaimg.cn/m/emoticon/icon/others/l_xin-43af9086c0.png" style="width:1em; height:1em;" /></span>
限定草莓=>2023-06-15 20:39:51=>0=>节粮有我！
斯塔万格的灯塔=>2023-06-13 08:22:45=>0=>北京卫生职业学院
初二4郭锦嘉=>2023-06-12 19:10:08=>0=>节粮有我
黄益强hyq=>2023-06-10 18:40:12=>0=>我知盘中餐，粒粒皆辛苦！
