点子正=>2023-10-20 14:05:44=>1=><span class="url-icon"><img alt=[心] src="https://h5.sinaimg.cn/m/emoticon/icon/others/l_xin-43af9086c0.png" style="width:1em; height:1em;" /></span>
孤单合理具象=>2023-10-20 14:16:50=>4=>中国队加油！<span class="url-icon"><img alt=[加油] src="https://h5.sinaimg.cn/m/emoticon/icon/default/d_jiayou-a34ced0409.png" style="width:1em; height:1em;" /></span><span class="url-icon"><img alt=[加油] src="https://h5.sinaimg.cn/m/emoticon/icon/default/d_jiayou-a34ced0409.png" style="width:1em; height:1em;" /></span>
人间有味是清欢cycy=>2023-10-20 14:20:06=>2=>友好互助，永不言败，体育精神，超越胜负！<span class="url-icon"><img alt=[good] src="https://h5.sinaimg.cn/m/emoticon/icon/others/h_good-0c51afc69c.png" style="width:1em; height:1em;" /></span><span class="url-icon"><img alt=[good] src="https://h5.sinaimg.cn/m/emoticon/icon/others/h_good-0c51afc69c.png" style="width:1em; height:1em;" /></span><span class="url-icon"><img alt=[good] src="https://h5.sinaimg.cn/m/emoticon/icon/others/h_good-0c51afc69c.png" style="width:1em; height:1em;" /></span>
我行我素ky=>2023-10-20 19:13:29=>1=>中国队加油！
陈隆安anan=>2023-10-20 17:52:14=>1=>加油
咩咩牌芋圆=>2023-10-20 16:26:40=>1=>中国队加油！
啥啥都不可用=>2023-10-20 16:21:42=>1=>加油中国队<span class="url-icon"><img alt=[抱一抱] src="https://h5.sinaimg.cn/m/emoticon/icon/default/co_a1hug-f3910d0e88.png" style="width:1em; height:1em;" /></span>
刘学义的柠檬精=>2023-10-20 15:12:25=>1=>加油<span class="url-icon"><img alt=[心] src="https://h5.sinaimg.cn/m/emoticon/icon/others/l_xin-43af9086c0.png" style="width:1em; height:1em;" /></span>
邓为今天好好7饭了吗=>2023-10-20 14:13:52=>1=>中国队加油<span class="url-icon"><img alt=[打call] src="https://h5.sinaimg.cn/m/emoticon/icon/default/fb_a1dacall-1e0c4593fc.png" style="width:1em; height:1em;" /></span><span class="url-icon"><img alt=[打call] src="https://h5.sinaimg.cn/m/emoticon/icon/default/fb_a1dacall-1e0c4593fc.png" style="width:1em; height:1em;" /></span><span class="url-icon"><img alt=[打call] src="https://h5.sinaimg.cn/m/emoticon/icon/default/fb_a1dacall-1e0c4593fc.png" style="width:1em; height:1em;" /></span>
小椰早睡不晚起=>2023-10-20 14:05:44=>1=>加油
真不喜欢吃油桃=>2023-10-20 14:04:08=>1=>中国队加油<span class="url-icon"><img alt=[给你小心心] src="https://h5.sinaimg.cn/m/emoticon/icon/others/qixi2018_xiaoxinxin-c76bf85343.png" style="width:1em; height:1em;" /></span><span class="url-icon"><img alt=[给你小心心] src="https://h5.sinaimg.cn/m/emoticon/icon/others/qixi2018_xiaoxinxin-c76bf85343.png" style="width:1em; height:1em;" /></span><span class="url-icon"><img alt=[给你小心心] src="https://h5.sinaimg.cn/m/emoticon/icon/others/qixi2018_xiaoxinxin-c76bf85343.png" style="width:1em; height:1em;" /></span>
歪梨小甜豆=>2023-10-20 14:03:59=>1=>加油<span class="url-icon"><img alt=[加油] src="https://h5.sinaimg.cn/m/emoticon/icon/default/d_jiayou-a34ced0409.png" style="width:1em; height:1em;" /></span><span class="url-icon"><img alt=[加油] src="https://h5.sinaimg.cn/m/emoticon/icon/default/d_jiayou-a34ced0409.png" style="width:1em; height:1em;" /></span><span class="url-icon"><img alt=[加油] src="https://h5.sinaimg.cn/m/emoticon/icon/default/d_jiayou-a34ced0409.png" style="width:1em; height:1em;" /></span>
-落日弥漫的橘-NGC2237=>2023-10-20 14:03:50=>1=>加油！<span class="url-icon"><img alt=[good] src="https://h5.sinaimg.cn/m/emoticon/icon/others/h_good-0c51afc69c.png" style="width:1em; height:1em;" /></span>
Katie-清清=>2023-10-20 14:03:28=>1=>加油<span class="url-icon"><img alt=[加油] src="https://h5.sinaimg.cn/m/emoticon/icon/default/d_jiayou-a34ced0409.png" style="width:1em; height:1em;" /></span>
tbzuyeon-=>2023-10-22 11:02:29=>0=>加油！
张佳ZHJ=>2023-10-22 00:40:37=>0=>加油！
小橘小利=>2023-10-21 11:27:25=>0=><span class="url-icon"><img alt=[心] src="https://h5.sinaimg.cn/m/emoticon/icon/others/l_xin-43af9086c0.png" style="width:1em; height:1em;" /></span><span class="url-icon"><img alt=[心] src="https://h5.sinaimg.cn/m/emoticon/icon/others/l_xin-43af9086c0.png" style="width:1em; height:1em;" /></span><span class="url-icon"><img alt=[心] src="https://h5.sinaimg.cn/m/emoticon/icon/others/l_xin-43af9086c0.png" style="width:1em; height:1em;" /></span>
冻栗未瑜=>2023-10-21 10:37:40=>0=>中国队加油
檀跳跳_=>2023-10-21 09:51:40=>0=>中国队，加油！🇨🇳
·颖崽小可耐·=>2023-10-20 23:57:29=>0=>加油！
吃不吃云吞呢=>2023-10-20 23:51:31=>0=>中国队加油！
停猜=>2023-10-20 21:57:19=>0=>加油
福时祎=>2023-10-20 21:46:14=>0=>加油<span class="url-icon"><img alt=[good] src="https://h5.sinaimg.cn/m/emoticon/icon/others/h_good-0c51afc69c.png" style="width:1em; height:1em;" /></span><span class="url-icon"><img alt=[good] src="https://h5.sinaimg.cn/m/emoticon/icon/others/h_good-0c51afc69c.png" style="width:1em; height:1em;" /></span>
宋你一只呆呆熊吧=>2023-10-20 21:29:05=>0=>加油<span class="url-icon"><img alt=[求关注] src="https://h5.sinaimg.cn/m/emoticon/icon/lxh/lxh_qiuguanzhu-d5e122b2f6.png" style="width:1em; height:1em;" /></span>
星梦之下的小吴=>2023-10-20 21:13:14=>0=>中国队加油 。
Teresa若筠=>2023-10-20 19:49:18=>0=>摔倒的中国队员，过来帮忙的外国队员，真正做到了友谊第一比赛第二
椰芝芋丸烧_=>2023-10-20 19:40:55=>0=>加油<span class="url-icon"><img alt=[心] src="https://h5.sinaimg.cn/m/emoticon/icon/others/l_xin-43af9086c0.png" style="width:1em; height:1em;" /></span><span class="url-icon"><img alt=[心] src="https://h5.sinaimg.cn/m/emoticon/icon/others/l_xin-43af9086c0.png" style="width:1em; height:1em;" /></span>
浅秋微凉DW=>2023-10-20 19:38:24=>0=>这就是中国精神！！！<span class="url-icon"><img alt=[心] src="https://h5.sinaimg.cn/m/emoticon/icon/others/l_xin-43af9086c0.png" style="width:1em; height:1em;" /></span><span class="url-icon"><img alt=[心] src="https://h5.sinaimg.cn/m/emoticon/icon/others/l_xin-43af9086c0.png" style="width:1em; height:1em;" /></span><span class="url-icon"><img alt=[心] src="https://h5.sinaimg.cn/m/emoticon/icon/others/l_xin-43af9086c0.png" style="width:1em; height:1em;" /></span>
椰芝小猫卷=>2023-10-20 18:39:36=>0=>加油
咕噜生姜=>2023-10-20 17:16:59=>0=>中国队加油
追风赶月只为春山=>2023-10-20 16:51:46=>0=>中国队加油！！！！！
捕猴达人撒西不理=>2023-10-20 16:48:11=>0=><span class="url-icon"><img alt=[赞] src="https://h5.sinaimg.cn/m/emoticon/icon/others/h_zan-44ddc70637.png" style="width:1em; height:1em;" /></span><span class="url-icon"><img alt=[赞] src="https://h5.sinaimg.cn/m/emoticon/icon/others/h_zan-44ddc70637.png" style="width:1em; height:1em;" /></span><span class="url-icon"><img alt=[赞] src="https://h5.sinaimg.cn/m/emoticon/icon/others/h_zan-44ddc70637.png" style="width:1em; height:1em;" /></span>
捕猴达人撒西不理=>2023-10-20 16:48:08=>0=><span class="url-icon"><img alt=[心] src="https://h5.sinaimg.cn/m/emoticon/icon/others/l_xin-43af9086c0.png" style="width:1em; height:1em;" /></span><span class="url-icon"><img alt=[赞] src="https://h5.sinaimg.cn/m/emoticon/icon/others/h_zan-44ddc70637.png" style="width:1em; height:1em;" /></span>
捕猴达人撒西不理=>2023-10-20 16:48:00=>0=>加油
小航你脸怎么红了=>2023-10-20 16:47:28=>0=>中国队加油💪
那年夏天一眼万年199306=>2023-10-20 16:43:47=>0=>友好互助，永不言败！中国队加油！<span class="url-icon"><img alt=[加油] src="https://h5.sinaimg.cn/m/emoticon/icon/default/d_jiayou-a34ced0409.png" style="width:1em; height:1em;" /></span>
临晏书_=>2023-10-20 16:39:58=>0=>中国队加油<span class="url-icon"><img alt=[给你小心心] src="https://h5.sinaimg.cn/m/emoticon/icon/others/qixi2018_xiaoxinxin-c76bf85343.png" style="width:1em; height:1em;" /></span>
朝暮岁辰伴非凡=>2023-10-20 16:14:49=>0=>中国队加油<span class="url-icon"><img alt=[好爱哦] src="https://h5.sinaimg.cn/m/emoticon/icon/lxh/lxh_haoaio-bd64a94751.png" style="width:1em; height:1em;" /></span>
ZFanyw_狂热版=>2023-10-20 16:06:56=>0=>加油
山海落日与旎=>2023-10-20 16:06:20=>0=>友好互助，永不言败，中国队加油！<span class="url-icon"><img alt=[心] src="https://h5.sinaimg.cn/m/emoticon/icon/others/l_xin-43af9086c0.png" style="width:1em; height:1em;" /></span>
为邓你而来=>2023-10-20 16:05:52=>0=>中国加油<span class="url-icon"><img alt=[打call] src="https://h5.sinaimg.cn/m/emoticon/icon/default/fb_a1dacall-1e0c4593fc.png" style="width:1em; height:1em;" /></span>
一尺月_=>2023-10-20 15:50:47=>0=>加油
酸梅coca=>2023-10-20 15:45:35=>0=><span class="url-icon"><img alt=[赞] src="https://h5.sinaimg.cn/m/emoticon/icon/others/h_zan-44ddc70637.png" style="width:1em; height:1em;" /></span><span class="url-icon"><img alt=[赞] src="https://h5.sinaimg.cn/m/emoticon/icon/others/h_zan-44ddc70637.png" style="width:1em; height:1em;" /></span>
Lisa爱草莓脆=>2023-10-20 15:43:16=>0=>中国队加油！
为为子的苦茶子=>2023-10-20 15:34:39=>0=>中国队加油
时光叽=>2023-10-20 15:30:36=>0=><span class="url-icon"><img alt=[加油] src="https://h5.sinaimg.cn/m/emoticon/icon/default/d_jiayou-a34ced0409.png" style="width:1em; height:1em;" /></span>中国队加油！<span class="url-icon"><img alt=[打call] src="https://h5.sinaimg.cn/m/emoticon/icon/default/fb_a1dacall-1e0c4593fc.png" style="width:1em; height:1em;" /></span>
檀先生的玫瑰小姐=>2023-10-20 15:23:12=>0=>中国队加油！你们辛苦了<span class="url-icon"><img alt=[心] src="https://h5.sinaimg.cn/m/emoticon/icon/others/l_xin-43af9086c0.png" style="width:1em; height:1em;" /></span>
傅诗淇的小果酱=>2023-10-20 15:22:29=>0=>中国队加油
桃源迷露I=>2023-10-20 15:18:45=>0=><span class="url-icon"><img alt=[心] src="https://h5.sinaimg.cn/m/emoticon/icon/others/l_xin-43af9086c0.png" style="width:1em; height:1em;" /></span>
灬云端灬漫步灬=>2023-10-20 15:13:45=>0=><span class="url-icon"><img alt=[鼓掌] src="https://h5.sinaimg.cn/m/emoticon/icon/default/d_guzhang-cca8b296d9.png" style="width:1em; height:1em;" /></span>
奶糕小猫团=>2023-10-20 15:12:16=>0=>中国队加油
万万喜欢鱼鱼y=>2023-10-20 15:07:49=>0=>加油<span class="url-icon"><img alt=[给你小心心] src="https://h5.sinaimg.cn/m/emoticon/icon/others/qixi2018_xiaoxinxin-c76bf85343.png" style="width:1em; height:1em;" /></span><span class="url-icon"><img alt=[给你小心心] src="https://h5.sinaimg.cn/m/emoticon/icon/others/qixi2018_xiaoxinxin-c76bf85343.png" style="width:1em; height:1em;" /></span><span class="url-icon"><img alt=[给你小心心] src="https://h5.sinaimg.cn/m/emoticon/icon/others/qixi2018_xiaoxinxin-c76bf85343.png" style="width:1em; height:1em;" /></span>
安逸的蘑菇=>2023-10-20 15:07:46=>0=>中国队加油<span class="url-icon"><img alt=[心] src="https://h5.sinaimg.cn/m/emoticon/icon/others/l_xin-43af9086c0.png" style="width:1em; height:1em;" /></span>
朱丽蜜=>2023-10-20 15:06:10=>0=>中国🇨🇳加油
我是昕昕昕锅Er=>2023-10-20 15:03:06=>0=>中国队加油！<span class="url-icon"><img alt="[老师爱你]" src="https://face.t.sinajs.cn/t4/appstyle/expression/ext/normal/82/2023_Teacherlovesyou_org.png" style="width:1em; height:1em;" /></span>
祎的小喵=>2023-10-20 15:00:41=>0=>加油
順绒塔塔堡=>2023-10-20 14:51:16=>0=>加油！
艺艺要快乐吖=>2023-10-20 14:50:04=>0=>中国队加油！！！
目垂要暴富=>2023-10-20 14:47:56=>0=>加油<span class="url-icon"><img alt="[努力]" src="https://face.t.sinajs.cn/t4/appstyle/expression/ext/normal/7c/2022_Keepgoing_org.png" style="width:1em; height:1em;" /></span>
狐狸太乖噜=>2023-10-20 14:44:25=>0=>加油！
纯情小女生不会骂人=>2023-10-20 14:35:34=>0=>加油加油加油<span class="url-icon"><img alt="[苦涩]" src="https://face.t.sinajs.cn/t4/appstyle/expression/ext/normal/7e/2021_bitter_org.png" style="width:1em; height:1em;" /></span>
白天妹妹=>2023-10-20 14:21:47=>0=>加油<span class="url-icon"><img alt=[抱一抱] src="https://h5.sinaimg.cn/m/emoticon/icon/default/co_a1hug-f3910d0e88.png" style="width:1em; height:1em;" /></span>
麻辣拌面_=>2023-10-20 14:21:35=>0=>加油<span class="url-icon"><img alt=[加油] src="https://h5.sinaimg.cn/m/emoticon/icon/default/d_jiayou-a34ced0409.png" style="width:1em; height:1em;" /></span>
一口气能吃五个喜久福=>2023-10-20 14:20:31=>0=>加油<span class="url-icon"><img alt=[加油] src="https://h5.sinaimg.cn/m/emoticon/icon/default/d_jiayou-a34ced0409.png" style="width:1em; height:1em;" /></span><span class="url-icon"><img alt=[加油] src="https://h5.sinaimg.cn/m/emoticon/icon/default/d_jiayou-a34ced0409.png" style="width:1em; height:1em;" /></span>
今日予留晴=>2023-10-20 14:20:01=>0=>加油
禹禾-=>2023-10-20 14:18:37=>0=>加油
Cocoatii_i=>2023-10-20 14:17:55=>0=>中国队加油
花开半凉空城=>2023-10-20 14:15:07=>0=>加油
Erxiao二晓=>2023-10-20 14:14:45=>0=>转发微博
-小狗肖恩-=>2023-10-20 14:14:27=>0=>加油
鱼-0304=>2023-10-20 14:14:22=>0=>加油！
游资论道万鹏=>2023-10-20 14:13:10=>0=>加油
锦鲤Jini=>2023-10-20 14:12:16=>0=>加油
神浒玫瑰=>2023-10-20 14:12:16=>0=>中国队加油
困困熊的日记=>2023-10-20 14:09:23=>0=>加油
不发光的金子666=>2023-10-20 14:07:27=>0=>加油<span class="url-icon"><img alt=[心] src="https://h5.sinaimg.cn/m/emoticon/icon/others/l_xin-43af9086c0.png" style="width:1em; height:1em;" /></span>
鱼尾星星_Esther=>2023-10-20 14:07:09=>0=>加油
脆皮三花兔=>2023-10-20 14:06:46=>0=>加油<span class="url-icon"><img alt=[心] src="https://h5.sinaimg.cn/m/emoticon/icon/others/l_xin-43af9086c0.png" style="width:1em; height:1em;" /></span>
盐亚椰菜壳=>2023-10-20 14:05:16=>0=>加油
解析题入我梦=>2023-10-20 14:03:44=>0=>中国力量<span class="url-icon"><img alt=[赞] src="https://h5.sinaimg.cn/m/emoticon/icon/others/h_zan-44ddc70637.png" style="width:1em; height:1em;" /></span>
莉莉丝DesireChurc7=>2023-10-20 14:03:42=>0=>加油
七月如糖_=>2023-10-20 14:03:29=>0=>加油
冬風小茄=>2023-10-20 14:03:26=>0=>加油
小莫澳洲GO=>2023-10-24 19:21:53=>0=>身残志坚
沈二玲=>2023-10-23 22:09:42=>0=><span class="url-icon"><img alt=[心] src="https://h5.sinaimg.cn/m/emoticon/icon/others/l_xin-43af9086c0.png" style="width:1em; height:1em;" /></span>
孤一宁=>2023-10-21 11:15:13=>0=><span class="url-icon"><img alt=[good] src="https://h5.sinaimg.cn/m/emoticon/icon/others/h_good-0c51afc69c.png" style="width:1em; height:1em;" /></span>
李白说人生得意须尽欢=>2023-10-21 10:28:20=>0=>弘扬体育精神！
徐雪超526=>2023-10-21 07:58:29=>0=>中国队加油！
沈二玲=>2023-10-21 05:42:37=>0=><span class="url-icon"><img alt=[心] src="https://h5.sinaimg.cn/m/emoticon/icon/others/l_xin-43af9086c0.png" style="width:1em; height:1em;" /></span>
星辰拥吻月亮_=>2023-10-21 02:57:38=>0=>中国队加油
斯念君=>2023-10-21 00:03:32=>0=>1
m2太阳系=>2023-10-20 22:50:36=>0=>国家队可以公开纹身了吗？
CPC0721=>2023-10-20 22:32:15=>0=>加油<span class="url-icon"><img alt=[加油] src="https://h5.sinaimg.cn/m/emoticon/icon/default/d_jiayou-a34ced0409.png" style="width:1em; height:1em;" /></span><span class="url-icon"><img alt=[加油] src="https://h5.sinaimg.cn/m/emoticon/icon/default/d_jiayou-a34ced0409.png" style="width:1em; height:1em;" /></span><span class="url-icon"><img alt=[加油] src="https://h5.sinaimg.cn/m/emoticon/icon/default/d_jiayou-a34ced0409.png" style="width:1em; height:1em;" /></span>
菠萝奶妍=>2023-10-20 20:26:38=>0=>加油
倪闹闹爱梦游=>2023-10-20 20:20:22=>0=>再看看亚运会的男蓝…
为子的钻粉=>2023-10-20 18:58:04=>0=>中国队加油<span class="url-icon"><img alt=[心] src="https://h5.sinaimg.cn/m/emoticon/icon/others/l_xin-43af9086c0.png" style="width:1em; height:1em;" /></span>
唯爱天籁199612=>2023-10-20 18:51:34=>0=>加油！！
鱼梁要开心呐0123=>2023-10-20 18:39:13=>0=>加油<span class="url-icon"><img alt=[心] src="https://h5.sinaimg.cn/m/emoticon/icon/others/l_xin-43af9086c0.png" style="width:1em; height:1em;" /></span><span class="url-icon"><img alt=[心] src="https://h5.sinaimg.cn/m/emoticon/icon/others/l_xin-43af9086c0.png" style="width:1em; height:1em;" /></span>，一定可以的
发发牌香芋派=>2023-10-20 18:04:37=>0=>加油
甘甜为=>2023-10-20 17:48:01=>0=>加油<span class="url-icon"><img alt=[打call] src="https://h5.sinaimg.cn/m/emoticon/icon/default/fb_a1dacall-1e0c4593fc.png" style="width:1em; height:1em;" /></span>
晚灯高挂=>2023-10-20 17:44:20=>0=>加油<span class="url-icon"><img alt=[打call] src="https://h5.sinaimg.cn/m/emoticon/icon/default/fb_a1dacall-1e0c4593fc.png" style="width:1em; height:1em;" /></span>
梅果er=>2023-10-20 17:40:42=>0=>体育精神！
程子碰碰樂=>2023-10-20 17:19:47=>0=>中国队加油<span class="url-icon"><img alt=[打call] src="https://h5.sinaimg.cn/m/emoticon/icon/default/fb_a1dacall-1e0c4593fc.png" style="width:1em; height:1em;" /></span>
日常发疯哈=>2023-10-20 15:43:30=>0=>加油<span class="url-icon"><img alt=[心] src="https://h5.sinaimg.cn/m/emoticon/icon/others/l_xin-43af9086c0.png" style="width:1em; height:1em;" /></span>
87遇星缘=>2023-10-20 15:43:20=>0=>加油
虽善无征虽善无征=>2023-10-20 15:42:51=>0=>中国队加油<span class="url-icon"><img alt=[心] src="https://h5.sinaimg.cn/m/emoticon/icon/others/l_xin-43af9086c0.png" style="width:1em; height:1em;" /></span><span class="url-icon"><img alt=[心] src="https://h5.sinaimg.cn/m/emoticon/icon/others/l_xin-43af9086c0.png" style="width:1em; height:1em;" /></span>
zzy此间少年=>2023-10-20 15:39:18=>0=>中国队加油！
鑫海闪耀星=>2023-10-20 15:28:19=>0=>加油加油<span class="url-icon"><img alt=[打call] src="https://h5.sinaimg.cn/m/emoticon/icon/default/fb_a1dacall-1e0c4593fc.png" style="width:1em; height:1em;" /></span>
WADRSSFG=>2023-10-20 15:28:20=>0=>中国队加油<span class="url-icon"><img alt=[打call] src="https://h5.sinaimg.cn/m/emoticon/icon/default/fb_a1dacall-1e0c4593fc.png" style="width:1em; height:1em;" /></span>
ID祈芅冬霱=>2023-10-20 15:26:29=>0=>加油
相机走遍世界=>2023-10-20 15:15:31=>0=>都加油
圣托里尼1298=>2023-10-20 15:11:33=>0=>加油
网坤95604=>2023-10-20 15:08:43=>0=>加油
北海没有道--=>2023-10-20 14:58:38=>0=>加油<span class="url-icon"><img alt=[打call] src="https://h5.sinaimg.cn/m/emoticon/icon/default/fb_a1dacall-1e0c4593fc.png" style="width:1em; height:1em;" /></span><span class="url-icon"><img alt=[打call] src="https://h5.sinaimg.cn/m/emoticon/icon/default/fb_a1dacall-1e0c4593fc.png" style="width:1em; height:1em;" /></span><span class="url-icon"><img alt=[心] src="https://h5.sinaimg.cn/m/emoticon/icon/others/l_xin-43af9086c0.png" style="width:1em; height:1em;" /></span>
小桃徵=>2023-10-20 14:55:15=>0=>中国队加油！<span class="url-icon"><img alt=[打call] src="https://h5.sinaimg.cn/m/emoticon/icon/default/fb_a1dacall-1e0c4593fc.png" style="width:1em; height:1em;" /></span><span class="url-icon"><img alt=[打call] src="https://h5.sinaimg.cn/m/emoticon/icon/default/fb_a1dacall-1e0c4593fc.png" style="width:1em; height:1em;" /></span><span class="url-icon"><img alt=[打call] src="https://h5.sinaimg.cn/m/emoticon/icon/default/fb_a1dacall-1e0c4593fc.png" style="width:1em; height:1em;" /></span>
提拉米苏0514=>2023-10-20 14:52:15=>0=>中国队加油！！<span class="url-icon"><img alt=[打call] src="https://h5.sinaimg.cn/m/emoticon/icon/default/fb_a1dacall-1e0c4593fc.png" style="width:1em; height:1em;" /></span>
_狗宝特攻_=>2023-10-20 14:51:58=>0=>中国队加油<span class="url-icon"><img alt=[打call] src="https://h5.sinaimg.cn/m/emoticon/icon/default/fb_a1dacall-1e0c4593fc.png" style="width:1em; height:1em;" /></span>
一生只1ove杨紫=>2023-10-20 14:48:12=>0=>加油
佛佛今天不准再抑郁=>2023-10-20 14:40:24=>0=>中国队加油！
知名早睡早起艺术家=>2023-10-20 14:25:47=>0=>中国队加油！
进阶爆米花=>2023-10-20 14:23:58=>0=>中国队加油
sorairobird=>2023-10-20 14:18:16=>0=>看起身的动作，运动轮椅可能可以在下侧再加两个轮子，来方便摔倒后起身
孙子兵法不是我写的201111=>2023-10-20 14:17:17=>0=>加油！
小春和小豆=>2023-10-20 14:17:05=>0=>真是不容易
瑞天瑞地瑞佳佳__田嘉瑞你瑞不瑞=>2023-10-20 14:16:04=>0=>中国队加油
芝士满天星=>2023-10-20 14:15:06=>0=>中国队，加油
路过的壹只=>2023-10-20 14:14:47=>0=>中国队加油<span class="url-icon"><img alt=[打call] src="https://h5.sinaimg.cn/m/emoticon/icon/default/fb_a1dacall-1e0c4593fc.png" style="width:1em; height:1em;" /></span>
Future_零竹=>2023-10-20 14:12:25=>0=>加油
观景云端=>2023-10-20 14:12:01=>0=>加油<span class="url-icon"><img alt=[心] src="https://h5.sinaimg.cn/m/emoticon/icon/others/l_xin-43af9086c0.png" style="width:1em; height:1em;" /></span>
想润的365天=>2023-10-20 14:10:33=>0=>加油<span class="url-icon"><img alt="[开学季]" src="https://face.t.sinajs.cn/t4/appstyle/expression/ext/normal/72/2021_kaixueji_org.png" style="width:1em; height:1em;" /></span>
好青年三观要正哦=>2023-10-20 14:08:18=>0=>真棒!<span class="url-icon"><img alt=[good] src="https://h5.sinaimg.cn/m/emoticon/icon/others/h_good-0c51afc69c.png" style="width:1em; height:1em;" /></span><span class="url-icon"><img alt=[good] src="https://h5.sinaimg.cn/m/emoticon/icon/others/h_good-0c51afc69c.png" style="width:1em; height:1em;" /></span><span class="url-icon"><img alt=[good] src="https://h5.sinaimg.cn/m/emoticon/icon/others/h_good-0c51afc69c.png" style="width:1em; height:1em;" /></span>
云朵奶芋糖=>2023-10-20 14:05:41=>0=>加油
顾白柒L=>2023-10-20 14:04:58=>0=>好棒<span class="url-icon"><img alt=[泪] src="https://h5.sinaimg.cn/m/emoticon/icon/default/d_lei-4cdf6ee412.png" style="width:1em; height:1em;" /></span>
当一枚学习机器=>2023-10-20 14:03:16=>0=>天呢，好可怜，加油呀
阿蛮蛮912=>2023-10-21 01:22:54=>0=>中国队加油<span class="url-icon"><img alt=[心] src="https://h5.sinaimg.cn/m/emoticon/icon/others/l_xin-43af9086c0.png" style="width:1em; height:1em;" /></span>
一起檀檀可爱多=>2023-10-21 00:43:25=>0=>中国队加油！！
夜半歌声小夜曲=>2023-10-20 20:59:59=>0=>中国队加油<span class="url-icon"><img alt=[心] src="https://h5.sinaimg.cn/m/emoticon/icon/others/l_xin-43af9086c0.png" style="width:1em; height:1em;" /></span>
等等酱子001=>2023-10-20 20:14:28=>0=>加油<span class="url-icon"><img alt=[心] src="https://h5.sinaimg.cn/m/emoticon/icon/others/l_xin-43af9086c0.png" style="width:1em; height:1em;" /></span>
百日草在太行山跳伞=>2023-10-20 20:12:38=>0=>中国队加油<span class="url-icon"><img alt=[打call] src="https://h5.sinaimg.cn/m/emoticon/icon/default/fb_a1dacall-1e0c4593fc.png" style="width:1em; height:1em;" /></span>
不知秋与春=>2023-10-20 16:53:44=>0=><span class="url-icon"><img alt=[good] src="https://h5.sinaimg.cn/m/emoticon/icon/others/h_good-0c51afc69c.png" style="width:1em; height:1em;" /></span><span class="url-icon"><img alt=[good] src="https://h5.sinaimg.cn/m/emoticon/icon/others/h_good-0c51afc69c.png" style="width:1em; height:1em;" /></span><span class="url-icon"><img alt=[good] src="https://h5.sinaimg.cn/m/emoticon/icon/others/h_good-0c51afc69c.png" style="width:1em; height:1em;" /></span>
微醺两点半-=>2023-10-20 15:23:11=>0=>加油！
w小西奥=>2023-10-20 15:02:17=>0=><span class="url-icon"><img alt=[心] src="https://h5.sinaimg.cn/m/emoticon/icon/others/l_xin-43af9086c0.png" style="width:1em; height:1em;" /></span><span class="url-icon"><img alt=[心] src="https://h5.sinaimg.cn/m/emoticon/icon/others/l_xin-43af9086c0.png" style="width:1em; height:1em;" /></span>
祎祎永远爱俊凯=>2023-10-20 14:55:32=>0=>加油💪
于是有你Yosh=>2023-10-20 14:47:45=>0=>中国队加油🇨🇳
六级我必过=>2023-10-20 14:30:37=>0=>加油加油！！
寥寥星火JC=>2023-10-20 14:06:54=>0=>加油
檀兮尔的小猫咪=>2023-10-20 14:05:13=>0=>加油
毅颗成子05=>2023-11-02 22:00:53=>0=><span class="url-icon"><img alt=[心] src="https://h5.sinaimg.cn/m/emoticon/icon/others/l_xin-43af9086c0.png" style="width:1em; height:1em;" /></span>
年似若水=>2023-10-23 10:55:02=>0=>加油
一一忍冬一一=>2023-10-22 12:14:33=>0=>加油<span class="url-icon"><img alt=[打call] src="https://h5.sinaimg.cn/m/emoticon/icon/default/fb_a1dacall-1e0c4593fc.png" style="width:1em; height:1em;" /></span>
MirJebeeeel=>2023-10-22 10:51:45=>1=>看得眼眶一热，加油<span class="url-icon"><img alt=[打call] src="https://h5.sinaimg.cn/m/emoticon/icon/default/fb_a1dacall-1e0c4593fc.png" style="width:1em; height:1em;" /></span>
一一忍冬一一=>2023-10-21 19:30:58=>0=>加油
荣荣爱颖=>2023-10-20 21:46:14=>0=>中国队加油
甜豆豆豆豆_=>2023-10-20 20:43:28=>0=>加油<span class="url-icon"><img alt=[心] src="https://h5.sinaimg.cn/m/emoticon/icon/others/l_xin-43af9086c0.png" style="width:1em; height:1em;" /></span>
小哭包灯灯=>2023-10-20 20:31:57=>0=>加油
可不可以笑西西=>2023-10-20 20:27:10=>0=><span class="url-icon"><img alt=[泪] src="https://h5.sinaimg.cn/m/emoticon/icon/default/d_lei-4cdf6ee412.png" style="width:1em; height:1em;" /></span>
重归于-好=>2023-10-20 20:04:39=>0=>中国队加油<span class="url-icon"><img alt=[心] src="https://h5.sinaimg.cn/m/emoticon/icon/others/l_xin-43af9086c0.png" style="width:1em; height:1em;" /></span>
小莉lc1122=>2023-10-20 19:54:27=>0=>加油中国队<span class="url-icon"><img alt=[赞] src="https://h5.sinaimg.cn/m/emoticon/icon/others/h_zan-44ddc70637.png" style="width:1em; height:1em;" /></span>
千梦好运连绵ovo=>2023-10-20 19:44:42=>0=>中国队加油
肖个榴莲=>2023-10-20 19:26:33=>0=>中国加油<span class="url-icon"><img alt=[心] src="https://h5.sinaimg.cn/m/emoticon/icon/others/l_xin-43af9086c0.png" style="width:1em; height:1em;" /></span>
蔚蓝为子=>2023-10-20 19:25:36=>0=>加油<span class="url-icon"><img alt=[打call] src="https://h5.sinaimg.cn/m/emoticon/icon/default/fb_a1dacall-1e0c4593fc.png" style="width:1em; height:1em;" /></span>
小树耳耳=>2023-10-20 19:05:54=>0=>中国队加油，运动员真棒
淘气团仔=>2023-10-20 18:56:12=>0=>中国队加油
一只白日梦wsy=>2023-10-20 18:52:02=>0=><a  href="https://m.weibo.cn/p/index?extparam=%E6%B1%9F%E4%B8%AD%E5%88%86%E4%BA%AB&containerid=100808191e8d02659b111419af44e62b931285" data-hide=""><span class='url-icon'><img style='width: 1rem;height: 1rem' src='https://n.sinaimg.cn/photo/5213b46e/20180926/timeline_card_small_super_default.png'></span><span class="surl-text">江中分享</span></a><a  href="https://m.weibo.cn/search?containerid=231522type%3D1%26t%3D10%26q%3D%23%E6%AE%8B%E7%96%BE%E8%BF%90%E5%8A%A8%E5%91%98%E5%80%92%E5%9C%B0%E5%85%A8%E5%9C%BA%E4%B8%BA%E4%BB%96%E9%AB%98%E5%96%8A%E5%8A%A0%E6%B2%B9%23&extparam=%23%E6%AE%8B%E7%96%BE%E8%BF%90%E5%8A%A8%E5%91%98%E5%80%92%E5%9C%B0%E5%85%A8%E5%9C%BA%E4%B8%BA%E4%BB%96%E9%AB%98%E5%96%8A%E5%8A%A0%E6%B2%B9%23" data-hide=""><span class="surl-text">#残疾运动员倒地全场为他高喊加油#</span></a> &quot;中国队，加油！&quot;多么强有力的一句呐喊，为场上的运动员鼓足了勇气去为祖国争夺每一份荣誉！
-南宫先生=>2023-10-20 18:40:00=>0=>中国队加油！<span class="url-icon"><img alt=[加油] src="https://h5.sinaimg.cn/m/emoticon/icon/default/d_jiayou-a34ced0409.png" style="width:1em; height:1em;" /></span><span class="url-icon"><img alt=[加油] src="https://h5.sinaimg.cn/m/emoticon/icon/default/d_jiayou-a34ced0409.png" style="width:1em; height:1em;" /></span>
Shaylyn_DVD3=>2023-10-20 18:20:20=>0=>加油
Mao_DVD1=>2023-10-20 18:07:18=>0=>加油！
cookie_幸运降迹=>2023-10-20 17:31:12=>0=>加油中国队<span class="url-icon"><img alt=[赞] src="https://h5.sinaimg.cn/m/emoticon/icon/others/h_zan-44ddc70637.png" style="width:1em; height:1em;" /></span>
蜗牛进校园=>2023-10-20 17:27:04=>0=>转发微博
为了更好的为为为=>2023-10-20 17:16:56=>0=>中国队加油<span class="url-icon"><img alt=[心] src="https://h5.sinaimg.cn/m/emoticon/icon/others/l_xin-43af9086c0.png" style="width:1em; height:1em;" /></span>
小麦可可颂_=>2023-10-20 16:51:27=>0=>加油中国队<span class="url-icon"><img alt=[心] src="https://h5.sinaimg.cn/m/emoticon/icon/others/l_xin-43af9086c0.png" style="width:1em; height:1em;" /></span>
不会做饭但又不想学=>2023-10-20 16:51:25=>0=>加油<span class="url-icon"><img alt=[心] src="https://h5.sinaimg.cn/m/emoticon/icon/others/l_xin-43af9086c0.png" style="width:1em; height:1em;" /></span>
沈梦瑶小可爱=>2023-10-20 16:46:12=>0=>👍🏻
赞比小兔的裤裤=>2023-10-20 16:39:01=>1=>中国队加油
桑栗清湛=>2023-10-20 16:23:26=>0=>中国队加油<span class="url-icon"><img alt="[比心心]" src="https://face.t.sinajs.cn/t4/appstyle/expression/ext/normal/21/2023_S_heart_org.png" style="width:1em; height:1em;" /></span><span class="url-icon"><img alt="[比心心]" src="https://face.t.sinajs.cn/t4/appstyle/expression/ext/normal/21/2023_S_heart_org.png" style="width:1em; height:1em;" /></span><span class="url-icon"><img alt="[比心心]" src="https://face.t.sinajs.cn/t4/appstyle/expression/ext/normal/21/2023_S_heart_org.png" style="width:1em; height:1em;" /></span>
春风迟时暮=>2023-10-20 16:08:23=>0=>中国队加油<span class="url-icon"><img alt=[打call] src="https://h5.sinaimg.cn/m/emoticon/icon/default/fb_a1dacall-1e0c4593fc.png" style="width:1em; height:1em;" /></span><span class="url-icon"><img alt=[打call] src="https://h5.sinaimg.cn/m/emoticon/icon/default/fb_a1dacall-1e0c4593fc.png" style="width:1em; height:1em;" /></span>
春秋夜归=>2023-10-20 15:49:42=>2=>向这些优秀的运动员致敬！
祁-_yu=>2023-10-20 15:42:35=>0=>加油
素素又回来了=>2023-10-20 15:40:21=>0=>加油
淮唸昊Neo=>2023-10-20 15:36:39=>0=>加油。
微醺三点半-=>2023-10-20 15:26:36=>0=>加油！
古古梦_=>2023-10-20 15:26:23=>0=><span class="url-icon"><img alt=[心] src="https://h5.sinaimg.cn/m/emoticon/icon/others/l_xin-43af9086c0.png" style="width:1em; height:1em;" /></span>
邓为家的小宝贝Y=>2023-10-20 15:22:48=>0=>中国队！！！！加油！！！！！
晴天_29m=>2023-10-20 15:20:59=>1=>中国队加油🇨🇳
软萌炸酱机-D=>2023-10-20 15:18:09=>0=>加油
屁桃爱吃肉的第二天=>2023-10-20 15:17:22=>0=>中国加油！
小芒天下第一_=>2023-10-20 15:13:41=>0=>加油
奶油脏脏-D=>2023-10-20 15:11:11=>0=>加油
会武功的洲洲=>2023-10-20 15:10:01=>0=>加油！
阿严心动铺=>2023-10-20 15:09:20=>0=>中国队加油！
夏夜晚风吹666=>2023-10-20 15:08:16=>0=>加油
sakula01=>2023-10-20 15:06:19=>0=>中国队加油 冲冲冲<span class="url-icon"><img alt=[打call] src="https://h5.sinaimg.cn/m/emoticon/icon/default/fb_a1dacall-1e0c4593fc.png" style="width:1em; height:1em;" /></span><span class="url-icon"><img alt=[打call] src="https://h5.sinaimg.cn/m/emoticon/icon/default/fb_a1dacall-1e0c4593fc.png" style="width:1em; height:1em;" /></span>
樱媚梦境=>2023-10-20 15:06:08=>0=>加油<span class="url-icon"><img alt=[给你小心心] src="https://h5.sinaimg.cn/m/emoticon/icon/others/qixi2018_xiaoxinxin-c76bf85343.png" style="width:1em; height:1em;" /></span><span class="url-icon"><img alt=[给你小心心] src="https://h5.sinaimg.cn/m/emoticon/icon/others/qixi2018_xiaoxinxin-c76bf85343.png" style="width:1em; height:1em;" /></span>
lulu超绝臭屁=>2023-10-20 15:04:28=>1=>加油<span class="url-icon"><img alt=[赞] src="https://h5.sinaimg.cn/m/emoticon/icon/others/h_zan-44ddc70637.png" style="width:1em; height:1em;" /></span><span class="url-icon"><img alt=[赞] src="https://h5.sinaimg.cn/m/emoticon/icon/others/h_zan-44ddc70637.png" style="width:1em; height:1em;" /></span>
第181秒废话记录员=>2023-10-20 15:02:15=>0=>友好互助，永不言败，加油！
陶张小葵=>2023-10-20 15:00:32=>0=>加油<span class="url-icon"><img alt=[给你小心心] src="https://h5.sinaimg.cn/m/emoticon/icon/others/qixi2018_xiaoxinxin-c76bf85343.png" style="width:1em; height:1em;" /></span>
玖玖Lynn=>2023-10-20 14:57:35=>0=>加油<span class="url-icon"><img alt=[心] src="https://h5.sinaimg.cn/m/emoticon/icon/others/l_xin-43af9086c0.png" style="width:1em; height:1em;" /></span><span class="url-icon"><img alt=[心] src="https://h5.sinaimg.cn/m/emoticon/icon/others/l_xin-43af9086c0.png" style="width:1em; height:1em;" /></span><span class="url-icon"><img alt=[加油] src="https://h5.sinaimg.cn/m/emoticon/icon/default/d_jiayou-a34ced0409.png" style="width:1em; height:1em;" /></span>
出远门的小狐狸=>2023-10-20 14:55:19=>0=>加油加油加油<span class="url-icon"><img alt=[加油] src="https://h5.sinaimg.cn/m/emoticon/icon/default/d_jiayou-a34ced0409.png" style="width:1em; height:1em;" /></span>
一许小昕意=>2023-10-20 14:51:28=>0=>友好互助，永不言败，中国队加油<span class="url-icon"><img alt=[心] src="https://h5.sinaimg.cn/m/emoticon/icon/others/l_xin-43af9086c0.png" style="width:1em; height:1em;" /></span>
白桃波波_=>2023-10-20 14:49:30=>0=>加油
少喝3杯奶茶=>2023-10-20 14:48:04=>0=>中国队加油<span class="url-icon"><img alt=[打call] src="https://h5.sinaimg.cn/m/emoticon/icon/default/fb_a1dacall-1e0c4593fc.png" style="width:1em; height:1em;" /></span>
名字被娘口三三吃了=>2023-10-20 14:46:36=>0=>加油<span class="url-icon"><img alt=[打call] src="https://h5.sinaimg.cn/m/emoticon/icon/default/fb_a1dacall-1e0c4593fc.png" style="width:1em; height:1em;" /></span>
少喝2杯奶茶=>2023-10-20 14:41:34=>0=>中国队加油<span class="url-icon"><img alt=[打call] src="https://h5.sinaimg.cn/m/emoticon/icon/default/fb_a1dacall-1e0c4593fc.png" style="width:1em; height:1em;" /></span>
蟹老板的小长工=>2023-10-20 14:37:05=>0=>中国队，加油！
少喝1杯奶茶=>2023-10-20 14:36:35=>0=>中国队加油<span class="url-icon"><img alt="[努力]" src="https://face.t.sinajs.cn/t4/appstyle/expression/ext/normal/7c/2022_Keepgoing_org.png" style="width:1em; height:1em;" /></span>
Thelast1h=>2023-10-20 14:31:38=>0=>中国队加油！！
杨离子栗_=>2023-10-20 14:30:15=>0=>中国队加油
-奶茶不好喝了-=>2023-10-20 14:29:39=>0=>加油！
初屿笙=>2023-10-20 14:23:51=>0=>加油
撸串研一黑化后妈在读=>2023-10-20 14:23:13=>0=>加油中国队
甜豆的puppetfive=>2023-10-20 14:20:28=>0=>中国队加油💪💪
宅宅乐晚期=>2023-10-20 14:19:32=>0=>中国队加油！
小恩假期买炸串=>2023-10-20 14:17:26=>0=><span class="url-icon"><img alt=[打call] src="https://h5.sinaimg.cn/m/emoticon/icon/default/fb_a1dacall-1e0c4593fc.png" style="width:1em; height:1em;" /></span><span class="url-icon"><img alt=[打call] src="https://h5.sinaimg.cn/m/emoticon/icon/default/fb_a1dacall-1e0c4593fc.png" style="width:1em; height:1em;" /></span>加油
能吃小蛋糕了吗=>2023-10-20 14:15:54=>0=>加油<span class="url-icon"><img alt=[打call] src="https://h5.sinaimg.cn/m/emoticon/icon/default/fb_a1dacall-1e0c4593fc.png" style="width:1em; height:1em;" /></span><span class="url-icon"><img alt=[打call] src="https://h5.sinaimg.cn/m/emoticon/icon/default/fb_a1dacall-1e0c4593fc.png" style="width:1em; height:1em;" /></span>
蜡笔的使命=>2023-10-20 14:14:34=>1=>加油！<span class="url-icon"><img alt=[打call] src="https://h5.sinaimg.cn/m/emoticon/icon/default/fb_a1dacall-1e0c4593fc.png" style="width:1em; height:1em;" /></span><span class="url-icon"><img alt=[打call] src="https://h5.sinaimg.cn/m/emoticon/icon/default/fb_a1dacall-1e0c4593fc.png" style="width:1em; height:1em;" /></span>
吟川JC=>2023-10-20 14:13:43=>0=>加油
写一首匿名诗=>2023-10-20 14:11:43=>0=>加油<span class="url-icon"><img alt="[开学季]" src="https://face.t.sinajs.cn/t4/appstyle/expression/ext/normal/72/2021_kaixueji_org.png" style="width:1em; height:1em;" /></span>
迪克布丁_=>2023-10-20 14:10:55=>0=>中国队加油
Fairy-嘻嘻=>2023-10-20 14:07:30=>0=>加油
百嗑不熟=>2023-10-20 14:07:12=>0=>加油
是甜兔耶=>2023-10-20 14:06:35=>1=>加油！
可乐涂涂_=>2023-10-20 14:05:56=>0=>加油<span class="url-icon"><img alt=[给你小心心] src="https://h5.sinaimg.cn/m/emoticon/icon/others/qixi2018_xiaoxinxin-c76bf85343.png" style="width:1em; height:1em;" /></span>
蹦卡卡哦啦=>2023-10-20 14:05:14=>0=>加油
霖度不驯=>2023-10-20 14:03:59=>0=>加油
焦糖芋泥啵啵_=>2023-10-20 14:03:43=>0=>加油！<span class="url-icon"><img alt=[打call] src="https://h5.sinaimg.cn/m/emoticon/icon/default/fb_a1dacall-1e0c4593fc.png" style="width:1em; height:1em;" /></span>
珍贵着美妙的万分之一=>2023-10-20 14:03:39=>0=>加油<span class="url-icon"><img alt=[抱抱] src="https://h5.sinaimg.cn/m/emoticon/icon/default/d_baobao-820d2c9a0f.png" style="width:1em; height:1em;" /></span>
