淇怪的小新_=>2023-12-18 11:30:50=>15=>军事科技力量<span class="url-icon"><img alt=[赞] src="https://h5.sinaimg.cn/m/emoticon/icon/others/h_zan-44ddc70637.png" style="width:1em; height:1em;" /></span><span class="url-icon"><img alt=[赞] src="https://h5.sinaimg.cn/m/emoticon/icon/others/h_zan-44ddc70637.png" style="width:1em; height:1em;" /></span>
亻冇有郁=>2023-12-18 11:27:13=>14=>可以去人不能去的位置，处理人不能处理的事。
小桃徵=>2023-12-18 11:29:43=>6=>科技兴国<span class="url-icon"><img alt=[good] src="https://h5.sinaimg.cn/m/emoticon/icon/others/h_good-0c51afc69c.png" style="width:1em; height:1em;" /></span><span class="url-icon"><img alt=[good] src="https://h5.sinaimg.cn/m/emoticon/icon/others/h_good-0c51afc69c.png" style="width:1em; height:1em;" /></span><span class="url-icon"><img alt=[good] src="https://h5.sinaimg.cn/m/emoticon/icon/others/h_good-0c51afc69c.png" style="width:1em; height:1em;" /></span>
想和张凌赫一起唱歌=>2023-12-18 13:52:51=>3=>科技强国<span class="url-icon"><img alt=[心] src="https://h5.sinaimg.cn/m/emoticon/icon/others/l_xin-43af9086c0.png" style="width:1em; height:1em;" /></span>
-蜡笔小心眼子6=>2023-12-18 14:03:21=>2=>太厉害了！
诺米CiCi_ZYL=>2023-12-18 11:24:59=>3=>亚运会赛场上跑腿的<span class="url-icon"><img alt=[doge] src="https://h5.sinaimg.cn/m/emoticon/icon/others/d_doge-be7f768d78.png" style="width:1em; height:1em;" /></span><span class="url-icon"><img alt=[doge] src="https://h5.sinaimg.cn/m/emoticon/icon/others/d_doge-be7f768d78.png" style="width:1em; height:1em;" /></span>
罗云熙的小点点=>2023-12-18 15:25:38=>1=>好厉害啊！！<span class="url-icon"><img alt=[打call] src="https://h5.sinaimg.cn/m/emoticon/icon/default/fb_a1dacall-1e0c4593fc.png" style="width:1em; height:1em;" /></span>
我行我素ky=>2023-12-18 15:08:31=>1=>厉害！
der驾向前冲=>2023-12-18 14:14:03=>1=>科技兴国<span class="url-icon"><img alt=[心] src="https://h5.sinaimg.cn/m/emoticon/icon/others/l_xin-43af9086c0.png" style="width:1em; height:1em;" /></span>
陪伴小狗一百年Zz=>2023-12-18 13:51:01=>1=>科技兴国👍🏻
邓为家的团团儿=>2023-12-18 13:12:56=>1=>厉害
弋潼儿=>2023-12-18 12:13:40=>1=>太厉害了<span class="url-icon"><img alt=[good] src="https://h5.sinaimg.cn/m/emoticon/icon/others/h_good-0c51afc69c.png" style="width:1em; height:1em;" /></span>
一定是个太阳吧=>2023-12-18 11:20:34=>1=>厉害<span class="url-icon"><img alt=[赞] src="https://h5.sinaimg.cn/m/emoticon/icon/others/h_zan-44ddc70637.png" style="width:1em; height:1em;" /></span>
QQ糖0326=>2023-12-18 12:28:51=>2=>科幻片的即视感
Wirene_Nt=>2023-12-19 10:43:26=>0=>科技强国<span class="url-icon"><img alt=[赞] src="https://h5.sinaimg.cn/m/emoticon/icon/others/h_zan-44ddc70637.png" style="width:1em; height:1em;" /></span>
林璃碎了=>2023-12-19 08:48:43=>0=>科技兴国<span class="url-icon"><img alt=[赞] src="https://h5.sinaimg.cn/m/emoticon/icon/others/h_zan-44ddc70637.png" style="width:1em; height:1em;" /></span>
_你眼里的星星_=>2023-12-18 23:10:58=>0=>科技强国<span class="url-icon"><img alt=[good] src="https://h5.sinaimg.cn/m/emoticon/icon/others/h_good-0c51afc69c.png" style="width:1em; height:1em;" /></span><span class="url-icon"><img alt=[good] src="https://h5.sinaimg.cn/m/emoticon/icon/others/h_good-0c51afc69c.png" style="width:1em; height:1em;" /></span><span class="url-icon"><img alt=[good] src="https://h5.sinaimg.cn/m/emoticon/icon/others/h_good-0c51afc69c.png" style="width:1em; height:1em;" /></span>
茶荼荼不爱吃茶=>2023-12-18 18:28:20=>0=>厉害了我的国
阿萌狐宝宝思=>2023-12-18 15:52:52=>0=>科技兴国<span class="url-icon"><img alt=[太阳] src="https://h5.sinaimg.cn/m/emoticon/icon/others/w_taiyang-2b1d91ddac.png" style="width:1em; height:1em;" /></span>
为v你着迷=>2023-12-18 14:16:03=>0=>科技强国
柚子的满天星_=>2023-12-18 14:15:39=>0=>科技兴国
菠萝奶妍=>2023-12-18 14:04:41=>0=><span class="url-icon"><img alt=[good] src="https://h5.sinaimg.cn/m/emoticon/icon/others/h_good-0c51afc69c.png" style="width:1em; height:1em;" /></span><span class="url-icon"><img alt=[good] src="https://h5.sinaimg.cn/m/emoticon/icon/others/h_good-0c51afc69c.png" style="width:1em; height:1em;" /></span>
为与为丝=>2023-12-18 13:58:10=>0=><span class="url-icon"><img alt=[good] src="https://h5.sinaimg.cn/m/emoticon/icon/others/h_good-0c51afc69c.png" style="width:1em; height:1em;" /></span>
咻狗知宰必得=>2023-12-18 13:52:16=>0=>科技兴国
贝贝吃不吃薯条=>2023-12-18 13:49:11=>0=>科技兴国
拾柒盛夏=>2023-12-18 13:46:20=>0=>好厉害
不发光的金子666=>2023-12-18 13:21:08=>0=>好厉害<span class="url-icon"><img alt=[心] src="https://h5.sinaimg.cn/m/emoticon/icon/others/l_xin-43af9086c0.png" style="width:1em; height:1em;" /></span>
相思树下无法撼动的他-=>2023-12-18 13:20:00=>0=>厉害
安康无忧亦无愁=>2023-12-18 13:18:40=>0=>厉害了厉害了哈哈哈
xm最爱吃火锅_DiDi=>2023-12-18 13:16:56=>0=>太厉害了！！！<span class="url-icon"><img alt=[打call] src="https://h5.sinaimg.cn/m/emoticon/icon/default/fb_a1dacall-1e0c4593fc.png" style="width:1em; height:1em;" /></span>
-徵许佳佳_-好运连连版=>2023-12-18 13:15:47=>0=>军事的力量<span class="url-icon"><img alt=[打call] src="https://h5.sinaimg.cn/m/emoticon/icon/default/fb_a1dacall-1e0c4593fc.png" style="width:1em; height:1em;" /></span>
每天吸收好运气-=>2023-12-18 13:15:20=>0=>中午好
璟超爱的=>2023-12-18 13:11:50=>0=><span class="url-icon"><img alt=[心] src="https://h5.sinaimg.cn/m/emoticon/icon/others/l_xin-43af9086c0.png" style="width:1em; height:1em;" /></span>
快乐不能半途而废D_=>2023-12-18 13:11:18=>0=>厉害👍🏻
唯Love晨熙=>2023-12-18 13:07:55=>0=><span class="url-icon"><img alt=[打call] src="https://h5.sinaimg.cn/m/emoticon/icon/default/fb_a1dacall-1e0c4593fc.png" style="width:1em; height:1em;" /></span>
逸起敖郭粥叭=>2023-12-18 13:06:37=>0=>科技兴国👍🏻
欣雨初晴天=>2023-12-18 13:03:34=>0=>科技兴国
ColoredDiamonds=>2023-12-18 12:49:06=>0=>厉害
多多鱼丸铺=>2023-12-18 12:48:51=>0=>👍🏻👍🏻👍🏻
光贤小狗_light=>2023-12-18 12:41:58=>0=><span class="url-icon"><img alt=[赞] src="https://h5.sinaimg.cn/m/emoticon/icon/others/h_zan-44ddc70637.png" style="width:1em; height:1em;" /></span><span class="url-icon"><img alt=[赞] src="https://h5.sinaimg.cn/m/emoticon/icon/others/h_zan-44ddc70637.png" style="width:1em; height:1em;" /></span><span class="url-icon"><img alt=[赞] src="https://h5.sinaimg.cn/m/emoticon/icon/others/h_zan-44ddc70637.png" style="width:1em; height:1em;" /></span>
Oops明天见=>2023-12-18 12:37:11=>0=>中午好
难诉春日愿=>2023-12-18 12:35:56=>0=>太厉害啦
归饮西涧水=>2023-12-18 12:34:28=>0=>厉害
每天吸收好运气-=>2023-12-18 12:28:08=>0=>厉害
乃禾NaiHe=>2023-12-18 12:25:08=>0=><span class="url-icon"><img alt=[心] src="https://h5.sinaimg.cn/m/emoticon/icon/others/l_xin-43af9086c0.png" style="width:1em; height:1em;" /></span><span class="url-icon"><img alt=[心] src="https://h5.sinaimg.cn/m/emoticon/icon/others/l_xin-43af9086c0.png" style="width:1em; height:1em;" /></span>
钻进D为心里=>2023-12-18 12:16:42=>0=>厉害<span class="url-icon"><img alt=[心] src="https://h5.sinaimg.cn/m/emoticon/icon/others/l_xin-43af9086c0.png" style="width:1em; height:1em;" /></span>
君猫彡=>2023-12-18 12:16:33=>0=>科技兴国<span class="url-icon"><img alt=[给你小心心] src="https://h5.sinaimg.cn/m/emoticon/icon/others/qixi2018_xiaoxinxin-c76bf85343.png" style="width:1em; height:1em;" /></span>
邓为的范甜夏=>2023-12-18 12:15:11=>0=><span class="url-icon"><img alt=[心] src="https://h5.sinaimg.cn/m/emoticon/icon/others/l_xin-43af9086c0.png" style="width:1em; height:1em;" /></span>
一曲深秋=>2023-12-18 12:13:08=>0=>👍
阿紫的阿宝=>2023-12-18 12:10:51=>0=><span class="url-icon"><img alt=[打call] src="https://h5.sinaimg.cn/m/emoticon/icon/default/fb_a1dacall-1e0c4593fc.png" style="width:1em; height:1em;" /></span>
ANGIING-=>2023-12-18 12:09:50=>0=><span class="url-icon"><img alt=[good] src="https://h5.sinaimg.cn/m/emoticon/icon/others/h_good-0c51afc69c.png" style="width:1em; height:1em;" /></span><span class="url-icon"><img alt=[good] src="https://h5.sinaimg.cn/m/emoticon/icon/others/h_good-0c51afc69c.png" style="width:1em; height:1em;" /></span>
岚枳-=>2023-12-18 12:04:40=>0=>厉害<span class="url-icon"><img alt="[老师爱你]" src="https://face.t.sinajs.cn/t4/appstyle/expression/ext/normal/82/2023_Teacherlovesyou_org.png" style="width:1em; height:1em;" /></span>
温柔的小傅婆=>2023-12-18 12:01:20=>0=>点赞<span class="url-icon"><img alt=[good] src="https://h5.sinaimg.cn/m/emoticon/icon/others/h_good-0c51afc69c.png" style="width:1em; height:1em;" /></span><span class="url-icon"><img alt=[good] src="https://h5.sinaimg.cn/m/emoticon/icon/others/h_good-0c51afc69c.png" style="width:1em; height:1em;" /></span>
Koi2026=>2023-12-18 11:57:29=>0=>厉害
DVD小太阳=>2023-12-18 11:50:33=>0=>军事科技力量
白日梦元元=>2023-12-18 11:49:37=>0=>科技兴国
陌上清浅-=>2023-12-18 11:47:24=>0=><span class="url-icon"><img alt=[good] src="https://h5.sinaimg.cn/m/emoticon/icon/others/h_good-0c51afc69c.png" style="width:1em; height:1em;" /></span><span class="url-icon"><img alt=[good] src="https://h5.sinaimg.cn/m/emoticon/icon/others/h_good-0c51afc69c.png" style="width:1em; height:1em;" /></span><span class="url-icon"><img alt=[good] src="https://h5.sinaimg.cn/m/emoticon/icon/others/h_good-0c51afc69c.png" style="width:1em; height:1em;" /></span>
棉棉想吃冰淇淋=>2023-12-18 11:43:41=>0=>好厉害<span class="url-icon"><img alt=[嘻嘻] src="https://h5.sinaimg.cn/m/emoticon/icon/default/d_xixi-643ef6e48d.png" style="width:1em; height:1em;" /></span><span class="url-icon"><img alt=[嘻嘻] src="https://h5.sinaimg.cn/m/emoticon/icon/default/d_xixi-643ef6e48d.png" style="width:1em; height:1em;" /></span><span class="url-icon"><img alt=[嘻嘻] src="https://h5.sinaimg.cn/m/emoticon/icon/default/d_xixi-643ef6e48d.png" style="width:1em; height:1em;" /></span><span class="url-icon"><img alt=[嘻嘻] src="https://h5.sinaimg.cn/m/emoticon/icon/default/d_xixi-643ef6e48d.png" style="width:1em; height:1em;" /></span><span class="url-icon"><img alt=[嘻嘻] src="https://h5.sinaimg.cn/m/emoticon/icon/default/d_xixi-643ef6e48d.png" style="width:1em; height:1em;" /></span>
仙谱=>2023-12-18 11:42:45=>0=>科技兴国
阿呆姆的甜甜圈儿=>2023-12-18 11:41:22=>0=>厉害👍🏻
笒卿裳伶l=>2023-12-18 11:34:15=>0=>科技在进步！太厉害了。
陪宁去远方=>2023-12-18 11:34:14=>0=>历害！
暴躁公主踢飞毒苹果=>2023-12-18 11:30:32=>0=>(⊙o⊙)哇<span class="url-icon"><img alt="[努力]" src="https://face.t.sinajs.cn/t4/appstyle/expression/ext/normal/7c/2022_Keepgoing_org.png" style="width:1em; height:1em;" /></span>
什么时候见到石凯=>2023-12-18 11:29:30=>0=>厉害
依然做你的星辰=>2023-12-18 11:29:19=>0=><span class="url-icon"><img alt=[good] src="https://h5.sinaimg.cn/m/emoticon/icon/others/h_good-0c51afc69c.png" style="width:1em; height:1em;" /></span><span class="url-icon"><img alt=[good] src="https://h5.sinaimg.cn/m/emoticon/icon/others/h_good-0c51afc69c.png" style="width:1em; height:1em;" /></span>
元宝能变元英吗=>2023-12-18 11:20:34=>0=>机器狗好厉害
回北雀=>2023-12-18 11:20:25=>0=>好帅
柳叶湖畔的夏雨=>2023-12-21 22:10:31=>0=><span class="url-icon"><img alt=[doge] src="https://h5.sinaimg.cn/m/emoticon/icon/others/d_doge-be7f768d78.png" style="width:1em; height:1em;" /></span>
Perbiapilerlou=>2023-12-20 15:57:20=>0=>太酷了
人生真的很累2014=>2023-12-20 11:22:19=>0=><span class="url-icon"><img alt=[微笑] src="https://h5.sinaimg.cn/m/emoticon/icon/default/d_hehe-0be7e6251f.png" style="width:1em; height:1em;" /></span>
鞍山林夕=>2023-12-19 10:18:30=>0=>给力！！<span class="url-icon"><img alt=[赞] src="https://h5.sinaimg.cn/m/emoticon/icon/others/h_zan-44ddc70637.png" style="width:1em; height:1em;" /></span><span class="url-icon"><img alt=[赞] src="https://h5.sinaimg.cn/m/emoticon/icon/others/h_zan-44ddc70637.png" style="width:1em; height:1em;" /></span><span class="url-icon"><img alt=[赞] src="https://h5.sinaimg.cn/m/emoticon/icon/others/h_zan-44ddc70637.png" style="width:1em; height:1em;" /></span>
半了糖=>2023-12-19 08:21:02=>0=><span class="url-icon"><img alt=[赞] src="https://h5.sinaimg.cn/m/emoticon/icon/others/h_zan-44ddc70637.png" style="width:1em; height:1em;" /></span><span class="url-icon"><img alt=[赞] src="https://h5.sinaimg.cn/m/emoticon/icon/others/h_zan-44ddc70637.png" style="width:1em; height:1em;" /></span><span class="url-icon"><img alt=[赞] src="https://h5.sinaimg.cn/m/emoticon/icon/others/h_zan-44ddc70637.png" style="width:1em; height:1em;" /></span>
没功夫的熊猫=>2023-12-19 05:01:09=>0=>郭帆FrantGwo <span class="url-icon"><img alt=[坏笑] src="https://h5.sinaimg.cn/m/emoticon/icon/default/d_huaixiao-5381acf3d4.png" style="width:1em; height:1em;" /></span>
次次的炭火小宝贝=>2023-12-18 22:26:54=>0=><span class="url-icon"><img alt="[举手]" src="https://face.t.sinajs.cn/t4/appstyle/expression/ext/normal/fd/2022_raisehand_org.png" style="width:1em; height:1em;" /></span><span class="url-icon"><img alt="[举手]" src="https://face.t.sinajs.cn/t4/appstyle/expression/ext/normal/fd/2022_raisehand_org.png" style="width:1em; height:1em;" /></span>
CPC0721=>2023-12-18 19:41:36=>0=>👍🏻科技强国
JRecho1996=>2023-12-18 18:30:47=>0=>美军还在炒概念，中国已经入编形成战斗力了<span class="url-icon"><img alt=[doge] src="https://h5.sinaimg.cn/m/emoticon/icon/others/d_doge-be7f768d78.png" style="width:1em; height:1em;" /></span>
天蝎祎971120=>2023-12-18 18:20:31=>0=><span class="url-icon"><img alt=[心] src="https://h5.sinaimg.cn/m/emoticon/icon/others/l_xin-43af9086c0.png" style="width:1em; height:1em;" /></span>
爱射箭的小白兔=>2023-12-18 17:42:35=>0=>亚运会上民用版本已经投入实用了，军用的只可能更好，巷战谁跟你抢楼，机器狗驮一箱炸药直接就去了<span class="url-icon"><img alt=[doge] src="https://h5.sinaimg.cn/m/emoticon/icon/others/d_doge-be7f768d78.png" style="width:1em; height:1em;" /></span>
倔强发声=>2023-12-18 17:04:25=>0=>实战见真知
什么哈欠=>2023-12-18 16:52:49=>0=>老美负责幻想，我们负责实现。希望以后我们想和做直接一条龙！
蟠桃和核桃的粑粑198608=>2023-12-18 16:40:09=>0=>厉害了
禄图子=>2023-12-18 16:37:41=>0=>懂行和不懂行的看是两种体验。
活着就得加倍努力=>2023-12-18 15:28:48=>0=><span class="url-icon"><img alt=[耶] src="https://h5.sinaimg.cn/m/emoticon/icon/others/h_ye-8d6db3a711.png" style="width:1em; height:1em;" /></span><span class="url-icon"><img alt=[耶] src="https://h5.sinaimg.cn/m/emoticon/icon/others/h_ye-8d6db3a711.png" style="width:1em; height:1em;" /></span><span class="url-icon"><img alt=[耶] src="https://h5.sinaimg.cn/m/emoticon/icon/others/h_ye-8d6db3a711.png" style="width:1em; height:1em;" /></span><span class="url-icon"><img alt=[耶] src="https://h5.sinaimg.cn/m/emoticon/icon/others/h_ye-8d6db3a711.png" style="width:1em; height:1em;" /></span><span class="url-icon"><img alt=[耶] src="https://h5.sinaimg.cn/m/emoticon/icon/others/h_ye-8d6db3a711.png" style="width:1em; height:1em;" /></span>
手可摘星辰pipi=>2023-12-18 14:35:00=>0=>好厉害啊
爆炒边伯贤=>2023-12-18 14:22:29=>0=>科技强国
_量贩月球丶=>2023-12-18 14:17:39=>0=>一起感受军事科技的力量
姜郡的姜er---凤鸢公主支持团版=>2023-12-18 14:15:10=>0=>👍🏻👍🏻👍🏻
雾禾风=>2023-12-18 14:06:13=>0=><span class="url-icon"><img alt=[good] src="https://h5.sinaimg.cn/m/emoticon/icon/others/h_good-0c51afc69c.png" style="width:1em; height:1em;" /></span><span class="url-icon"><img alt=[good] src="https://h5.sinaimg.cn/m/emoticon/icon/others/h_good-0c51afc69c.png" style="width:1em; height:1em;" /></span>
马达加斯加的章鱼哥=>2023-12-18 14:01:15=>0=>十八般武艺高强
多肉长大中=>2023-12-18 13:54:58=>0=>好厉害<span class="url-icon"><img alt=[good] src="https://h5.sinaimg.cn/m/emoticon/icon/others/h_good-0c51afc69c.png" style="width:1em; height:1em;" /></span>
被动游吟mios=>2023-12-18 13:50:50=>0=>十八般武艺高强
夏的薰衣草=>2023-12-18 13:48:04=>0=>科技兴国
爱吃樱桃的鹅鹅鹅=>2023-12-18 13:47:25=>0=>感受军事科技的力量
启安隅=>2023-12-18 13:46:28=>0=>厉害
路上邂逅大斑马=>2023-12-18 13:40:32=>0=>太厉害了
飞碟爱和平=>2023-12-18 13:32:44=>0=><span class="url-icon"><img alt=[给你小心心] src="https://h5.sinaimg.cn/m/emoticon/icon/others/qixi2018_xiaoxinxin-c76bf85343.png" style="width:1em; height:1em;" /></span><span class="url-icon"><img alt=[给你小心心] src="https://h5.sinaimg.cn/m/emoticon/icon/others/qixi2018_xiaoxinxin-c76bf85343.png" style="width:1em; height:1em;" /></span>
涂山家的小狐狸-D=>2023-12-18 13:32:02=>0=><span class="url-icon"><img alt=[good] src="https://h5.sinaimg.cn/m/emoticon/icon/others/h_good-0c51afc69c.png" style="width:1em; height:1em;" /></span><span class="url-icon"><img alt=[good] src="https://h5.sinaimg.cn/m/emoticon/icon/others/h_good-0c51afc69c.png" style="width:1em; height:1em;" /></span><span class="url-icon"><img alt=[good] src="https://h5.sinaimg.cn/m/emoticon/icon/others/h_good-0c51afc69c.png" style="width:1em; height:1em;" /></span>
张什么文-=>2023-12-18 13:23:52=>0=>厉害
爱吃饼干的飞碟=>2023-12-18 13:20:52=>0=><span class="url-icon"><img alt=[抱一抱] src="https://h5.sinaimg.cn/m/emoticon/icon/default/co_a1hug-f3910d0e88.png" style="width:1em; height:1em;" /></span>
欧阳马丁丨自变量=>2023-12-18 13:14:13=>0=>感受军事科技的力量
枸杞老人223=>2023-12-18 13:09:52=>0=><span class="url-icon"><img alt=[doge] src="https://h5.sinaimg.cn/m/emoticon/icon/others/d_doge-be7f768d78.png" style="width:1em; height:1em;" /></span>放出去就是吸引火力的，打不打都要暴露目标，阳谋无解。
果果淇迹=>2023-12-18 13:08:42=>0=>厉害
速速恢复ok=>2023-12-18 13:07:52=>0=>感受军事科技的力量
wcnkslbzdjdbh=>2023-12-18 13:02:37=>0=><span class="url-icon"><img alt=[赞] src="https://h5.sinaimg.cn/m/emoticon/icon/others/h_zan-44ddc70637.png" style="width:1em; height:1em;" /></span><span class="url-icon"><img alt=[赞] src="https://h5.sinaimg.cn/m/emoticon/icon/others/h_zan-44ddc70637.png" style="width:1em; height:1em;" /></span><span class="url-icon"><img alt=[赞] src="https://h5.sinaimg.cn/m/emoticon/icon/others/h_zan-44ddc70637.png" style="width:1em; height:1em;" /></span>
电池电量王中王=>2023-12-18 13:02:09=>0=>太酷炫了吧！十八般武艺高强
好低調圥玍=>2023-12-18 12:59:39=>0=>蓝星第一
呦呵小企呀=>2023-12-18 12:58:17=>0=>厉害👍🏻
你是发面馒头=>2023-12-18 12:56:04=>0=>好厉害啊<span class="url-icon"><img alt=[心] src="https://h5.sinaimg.cn/m/emoticon/icon/others/l_xin-43af9086c0.png" style="width:1em; height:1em;" /></span>
赤道朝阳2011=>2023-12-18 12:54:33=>0=>科技强军
三分热度七分不安十分想念=>2023-12-18 12:52:38=>0=>十八般武艺样样精通
踏实-涅磐重生=>2023-12-18 12:49:24=>0=>十八般武艺样样精通
傅诗淇陪我吃饭=>2023-12-18 12:48:46=>0=>太厉害了
桃花淇缘=>2023-12-18 12:47:06=>0=>厉害厉害
禹中淇妙-眨眨眼=>2023-12-18 12:45:15=>0=>厉害
禾禾禾的笑=>2023-12-18 12:31:36=>0=>厉害了我的国<span class="url-icon"><img alt=[心] src="https://h5.sinaimg.cn/m/emoticon/icon/others/l_xin-43af9086c0.png" style="width:1em; height:1em;" /></span><span class="url-icon"><img alt=[心] src="https://h5.sinaimg.cn/m/emoticon/icon/others/l_xin-43af9086c0.png" style="width:1em; height:1em;" /></span><span class="url-icon"><img alt=[good] src="https://h5.sinaimg.cn/m/emoticon/icon/others/h_good-0c51afc69c.png" style="width:1em; height:1em;" /></span><span class="url-icon"><img alt=[good] src="https://h5.sinaimg.cn/m/emoticon/icon/others/h_good-0c51afc69c.png" style="width:1em; height:1em;" /></span>
林间疏月=>2023-12-18 12:29:19=>0=>哇喔电影照进现实啦
策国三=>2023-12-18 12:27:47=>0=>打湾湾用的上
CN0931LX=>2023-12-18 12:20:31=>0=>全境封锁2里就有各种机器狗<span class="url-icon"><img alt=[允悲] src="https://h5.sinaimg.cn/m/emoticon/icon/default/d_yunbei-a14a649db8.png" style="width:1em; height:1em;" /></span>
天蝎祎971120=>2023-12-18 12:20:28=>0=><span class="url-icon"><img alt="[哇]" src="https://face.t.sinajs.cn/t4/appstyle/expression/ext/normal/3d/2022_wow_org.png" style="width:1em; height:1em;" /></span>
星空下的稲草人=>2023-12-18 12:18:11=>0=><span class="url-icon"><img alt=[鼓掌] src="https://h5.sinaimg.cn/m/emoticon/icon/default/d_guzhang-cca8b296d9.png" style="width:1em; height:1em;" /></span><span class="url-icon"><img alt=[鼓掌] src="https://h5.sinaimg.cn/m/emoticon/icon/default/d_guzhang-cca8b296d9.png" style="width:1em; height:1em;" /></span><span class="url-icon"><img alt=[赞啊] src="https://h5.sinaimg.cn/m/emoticon/icon/lxh/lxh_zana-dd20c7bed2.png" style="width:1em; height:1em;" /></span>
陪祎岁岁年_=>2023-12-18 12:09:07=>0=><span class="url-icon"><img alt=[good] src="https://h5.sinaimg.cn/m/emoticon/icon/others/h_good-0c51afc69c.png" style="width:1em; height:1em;" /></span><span class="url-icon"><img alt=[good] src="https://h5.sinaimg.cn/m/emoticon/icon/others/h_good-0c51afc69c.png" style="width:1em; height:1em;" /></span>
ZI旋君=>2023-12-18 12:07:28=>0=>科技<span class="url-icon"><img alt=[good] src="https://h5.sinaimg.cn/m/emoticon/icon/others/h_good-0c51afc69c.png" style="width:1em; height:1em;" /></span>
乔延2827=>2023-12-18 12:03:03=>0=><span class="url-icon"><img alt=[鼓掌] src="https://h5.sinaimg.cn/m/emoticon/icon/default/d_guzhang-cca8b296d9.png" style="width:1em; height:1em;" /></span>
紫色为=>2023-12-18 12:00:03=>0=>科技兴军，科技兴国
淡与_=>2023-12-18 11:54:37=>0=>可以生产配套枪械套件<span class="url-icon"><img alt=[doge] src="https://h5.sinaimg.cn/m/emoticon/icon/others/d_doge-be7f768d78.png" style="width:1em; height:1em;" /></span>
为紫17=>2023-12-18 11:51:39=>0=>科技兴军<span class="url-icon"><img alt=[good] src="https://h5.sinaimg.cn/m/emoticon/icon/others/h_good-0c51afc69c.png" style="width:1em; height:1em;" /></span>
笨拿拿_17=>2023-12-18 11:48:00=>0=>科技兴国
意义待查明=>2023-12-18 11:45:12=>1=>厉害了我的国<span class="url-icon"><img alt=[赞] src="https://h5.sinaimg.cn/m/emoticon/icon/others/h_zan-44ddc70637.png" style="width:1em; height:1em;" /></span>
萨卡兜远角=>2023-12-18 11:44:44=>0=>解放军战斗机器狗十八般武艺样样精通！感受军事科技的力量！
蕊希芸=>2023-12-18 11:44:21=>0=>哇哦，科技狗<span class="url-icon"><img alt=[good] src="https://h5.sinaimg.cn/m/emoticon/icon/others/h_good-0c51afc69c.png" style="width:1em; height:1em;" /></span>
我是疯儿我是啥=>2023-12-18 11:39:53=>0=>厉害了我的国
雷震子好朋友=>2023-12-18 11:38:09=>0=>国防科技力量，科技兴国
镜子里的那个人是谁=>2023-12-18 11:36:20=>0=>科技兴国，科技强国
sunix=>2023-12-18 11:33:43=>0=>马润同款国产宇树<span class="url-icon"><img alt=[二哈] src="https://h5.sinaimg.cn/m/emoticon/icon/others/d_erha-139d0e07bd.png" style="width:1em; height:1em;" /></span>
就这样行走=>2023-12-18 11:28:29=>0=><span class="url-icon"><img alt="[赢牛奶]" src="https://face.t.sinajs.cn/t4/appstyle/expression/ext/normal/9c/2021_yingniunai_org.png" style="width:1em; height:1em;" /></span>
别管了呀plz=>2023-12-18 11:28:01=>0=>太厉害了
beyond迷和华迷=>2023-12-18 11:20:13=>0=>转发微博
梦想照进现实6431336179=>2023-12-18 23:45:31=>0=>科技强军
易总的小助理=>2023-12-18 23:38:14=>0=>感谢<span class="url-icon"><img alt=[心] src="https://h5.sinaimg.cn/m/emoticon/icon/others/l_xin-43af9086c0.png" style="width:1em; height:1em;" /></span>
月出惊醒山鸟=>2023-12-18 16:26:36=>0=><span class="url-icon"><img alt=[鲜花] src="https://h5.sinaimg.cn/m/emoticon/icon/others/w_xianhua-f902c37199.png" style="width:1em; height:1em;" /></span><span class="url-icon"><img alt=[鲜花] src="https://h5.sinaimg.cn/m/emoticon/icon/others/w_xianhua-f902c37199.png" style="width:1em; height:1em;" /></span><span class="url-icon"><img alt=[鲜花] src="https://h5.sinaimg.cn/m/emoticon/icon/others/w_xianhua-f902c37199.png" style="width:1em; height:1em;" /></span>
拨弦私家小课堂=>2023-12-18 14:20:22=>0=>科技强国
芋泥泡芙祺祺=>2023-12-18 13:56:51=>0=>科技兴国<span class="url-icon"><img alt=[心] src="https://h5.sinaimg.cn/m/emoticon/icon/others/l_xin-43af9086c0.png" style="width:1em; height:1em;" /></span>
多多你好呀一=>2023-12-18 13:38:15=>0=>科技兴国<span class="url-icon"><img alt=[good] src="https://h5.sinaimg.cn/m/emoticon/icon/others/h_good-0c51afc69c.png" style="width:1em; height:1em;" /></span><span class="url-icon"><img alt=[good] src="https://h5.sinaimg.cn/m/emoticon/icon/others/h_good-0c51afc69c.png" style="width:1em; height:1em;" /></span><span class="url-icon"><img alt=[good] src="https://h5.sinaimg.cn/m/emoticon/icon/others/h_good-0c51afc69c.png" style="width:1em; height:1em;" /></span>
爱宁的村=>2023-12-18 13:21:57=>0=>科技兴国<span class="url-icon"><img alt=[拳头] src="https://h5.sinaimg.cn/m/emoticon/icon/others/h_quantou-81f684d5ed.png" style="width:1em; height:1em;" /></span>
Sincere_LEV=>2023-12-18 12:34:14=>0=><span class="url-icon"><img alt=[good] src="https://h5.sinaimg.cn/m/emoticon/icon/others/h_good-0c51afc69c.png" style="width:1em; height:1em;" /></span><span class="url-icon"><img alt=[good] src="https://h5.sinaimg.cn/m/emoticon/icon/others/h_good-0c51afc69c.png" style="width:1em; height:1em;" /></span>
魇霜=>2023-12-18 11:30:57=>0=>能自动跟随吗<span class="url-icon"><img alt=[偷乐] src="https://h5.sinaimg.cn/m/emoticon/icon/lxh/lxh_toule-244c58c525.png" style="width:1em; height:1em;" /></span>
小心心心G=>2023-12-18 17:48:44=>0=>厉害
A奥特曼小姐姐=>2023-12-18 16:12:47=>0=><span class="url-icon"><img alt=[赞] src="https://h5.sinaimg.cn/m/emoticon/icon/others/h_zan-44ddc70637.png" style="width:1em; height:1em;" /></span>
A奥特曼小姐姐=>2023-12-18 16:12:30=>0=><span class="url-icon"><img alt=[给你小心心] src="https://h5.sinaimg.cn/m/emoticon/icon/others/qixi2018_xiaoxinxin-c76bf85343.png" style="width:1em; height:1em;" /></span>
我儿砸叫曹包包=>2023-12-18 15:57:47=>0=>科技强国
02iceLoveLetter=>2023-12-18 15:15:35=>0=>科技兴国！<span class="url-icon"><img alt=[心] src="https://h5.sinaimg.cn/m/emoticon/icon/others/l_xin-43af9086c0.png" style="width:1em; height:1em;" /></span>
曹包包你别睡啦=>2023-12-18 14:14:19=>0=>科技强国<span class="url-icon"><img alt=[打call] src="https://h5.sinaimg.cn/m/emoticon/icon/default/fb_a1dacall-1e0c4593fc.png" style="width:1em; height:1em;" /></span>
璇璇玺玺啦=>2023-12-18 14:02:40=>0=>科技强国
KiKi要加油哟=>2023-12-18 14:02:02=>0=>厉害👍🏻👍🏻
饒瑋R=>2023-12-18 13:52:58=>0=>科技兴国
凌音z=>2023-12-18 13:52:01=>0=>科技兴国<span class="url-icon"><img alt=[给你小心心] src="https://h5.sinaimg.cn/m/emoticon/icon/others/qixi2018_xiaoxinxin-c76bf85343.png" style="width:1em; height:1em;" /></span>
春記-雨漫肆困=>2023-12-18 13:00:31=>0=>厉害👍🏻
红豆难熬=>2023-12-18 12:48:15=>0=><span class="url-icon"><img alt=[鼓掌] src="https://h5.sinaimg.cn/m/emoticon/icon/default/d_guzhang-cca8b296d9.png" style="width:1em; height:1em;" /></span><span class="url-icon"><img alt=[鼓掌] src="https://h5.sinaimg.cn/m/emoticon/icon/default/d_guzhang-cca8b296d9.png" style="width:1em; height:1em;" /></span>
Puppet一96=>2023-12-18 12:46:09=>0=>十八般武艺样样精通
我儿砸叫曹包包=>2023-12-18 12:19:48=>0=>厉害了
明年一起去看日出吧_yu=>2023-12-18 12:17:02=>0=>👍🏻
雪中觅祎_Kiku=>2023-12-18 12:13:17=>0=>厉害<span class="url-icon"><img alt=[作揖] src="https://h5.sinaimg.cn/m/emoticon/icon/others/h_zuoyi-519f80d31c.png" style="width:1em; height:1em;" /></span>
好运请降临我身上=>2023-12-18 12:13:02=>0=>厉害了<span class="url-icon"><img alt=[抓狂] src="https://h5.sinaimg.cn/m/emoticon/icon/default/d_zhuakuang-c007ffb7fe.png" style="width:1em; height:1em;" /></span><span class="url-icon"><img alt=[抓狂] src="https://h5.sinaimg.cn/m/emoticon/icon/default/d_zhuakuang-c007ffb7fe.png" style="width:1em; height:1em;" /></span>
鹿欢my=>2023-12-18 12:06:57=>0=>厉害
好运请降临我身上=>2023-12-18 12:01:05=>0=>厉害了我的国<span class="url-icon"><img alt=[抓狂] src="https://h5.sinaimg.cn/m/emoticon/icon/default/d_zhuakuang-c007ffb7fe.png" style="width:1em; height:1em;" /></span><span class="url-icon"><img alt=[抓狂] src="https://h5.sinaimg.cn/m/emoticon/icon/default/d_zhuakuang-c007ffb7fe.png" style="width:1em; height:1em;" /></span><span class="url-icon"><img alt=[抓狂] src="https://h5.sinaimg.cn/m/emoticon/icon/default/d_zhuakuang-c007ffb7fe.png" style="width:1em; height:1em;" /></span>
一名坚定种花精神的老司机=>2023-12-18 11:37:15=>0=>治安战一流~ 敌人光听到机械狗“踏、踏、踏”的脚步声就吓得够呛！<span class="url-icon"><img alt=[允悲] src="https://h5.sinaimg.cn/m/emoticon/icon/default/d_yunbei-a14a649db8.png" style="width:1em; height:1em;" /></span>
Gabrielle_梧彤叶=>2023-12-18 11:35:33=>0=>样样精通<span class="url-icon"><img alt=[good] src="https://h5.sinaimg.cn/m/emoticon/icon/others/h_good-0c51afc69c.png" style="width:1em; height:1em;" /></span>
-奶芙瑞瑞卷-=>2023-12-18 11:34:41=>0=>厉害👍
ID咕噜小祺=>2023-12-18 11:29:16=>0=>科技在进步
为紫23=>2023-12-18 11:27:32=>0=>科技兴国<span class="url-icon"><img alt=[good] src="https://h5.sinaimg.cn/m/emoticon/icon/others/h_good-0c51afc69c.png" style="width:1em; height:1em;" /></span>
可可养宇=>2023-12-25 23:06:20=>0=>好激动<span class="url-icon"><img alt="[送花花]" src="https://face.t.sinajs.cn/t4/appstyle/expression/ext/normal/cb/2022_Flowers_org.png" style="width:1em; height:1em;" /></span><span class="url-icon"><img alt="[送花花]" src="https://face.t.sinajs.cn/t4/appstyle/expression/ext/normal/cb/2022_Flowers_org.png" style="width:1em; height:1em;" /></span>
当你突然想起-其实你已忘却=>2023-12-19 10:21:13=>0=>前两年，台湾有个访谈节目，我大陆网友连线说，解放军登陆台湾，你们看到的不是人，而已机器狗集群，那些台湾人还不信。
红河五街区=>2023-12-18 17:57:10=>0=><span class="url-icon"><img alt=[月亮] src="https://h5.sinaimg.cn/m/emoticon/icon/others/w_yueliang-ec756dd13a.png" style="width:1em; height:1em;" /></span><span class="url-icon"><img alt=[干杯] src="https://h5.sinaimg.cn/m/emoticon/icon/others/o_ganbei-cc99145ddb.png" style="width:1em; height:1em;" /></span>
薇v薇vii=>2023-12-18 14:31:43=>0=>科技兴国
和小迪雨中散步7=>2023-12-18 14:26:24=>0=>科技兴国<span class="url-icon"><img alt=[心] src="https://h5.sinaimg.cn/m/emoticon/icon/others/l_xin-43af9086c0.png" style="width:1em; height:1em;" /></span>
遥遥兮途=>2023-12-18 14:11:29=>0=>科技兴国
下一次月落jd=>2023-12-18 14:06:55=>1=>科技兴国<span class="url-icon"><img alt=[good] src="https://h5.sinaimg.cn/m/emoticon/icon/others/h_good-0c51afc69c.png" style="width:1em; height:1em;" /></span><span class="url-icon"><img alt=[good] src="https://h5.sinaimg.cn/m/emoticon/icon/others/h_good-0c51afc69c.png" style="width:1em; height:1em;" /></span><span class="url-icon"><img alt=[good] src="https://h5.sinaimg.cn/m/emoticon/icon/others/h_good-0c51afc69c.png" style="width:1em; height:1em;" /></span>
黛西的飞吻=>2023-12-18 14:01:17=>0=>科技兴国
身体健康且富裕=>2023-12-18 13:51:20=>0=>👍
半月-詩=>2023-12-18 13:37:44=>0=><span class="url-icon"><img alt=[心] src="https://h5.sinaimg.cn/m/emoticon/icon/others/l_xin-43af9086c0.png" style="width:1em; height:1em;" /></span><span class="url-icon"><img alt=[打call] src="https://h5.sinaimg.cn/m/emoticon/icon/default/fb_a1dacall-1e0c4593fc.png" style="width:1em; height:1em;" /></span>
花花的未闻=>2023-12-18 13:37:07=>0=>厉害了我的国<span class="url-icon"><img alt="[赢牛奶]" src="https://face.t.sinajs.cn/t4/appstyle/expression/ext/normal/9c/2021_yingniunai_org.png" style="width:1em; height:1em;" /></span>
Tjc唯一2=>2023-12-18 13:33:28=>0=>军事科技力量
唐周呀ab=>2023-12-18 13:30:01=>0=>先进<span class="url-icon"><img alt=[赞] src="https://h5.sinaimg.cn/m/emoticon/icon/others/h_zan-44ddc70637.png" style="width:1em; height:1em;" /></span><span class="url-icon"><img alt=[赞] src="https://h5.sinaimg.cn/m/emoticon/icon/others/h_zan-44ddc70637.png" style="width:1em; height:1em;" /></span><span class="url-icon"><img alt=[赞] src="https://h5.sinaimg.cn/m/emoticon/icon/others/h_zan-44ddc70637.png" style="width:1em; height:1em;" /></span>
不主动不分享=>2023-12-18 13:25:01=>0=>好厉害！
葡萄味的冰祺淋=>2023-12-18 13:22:49=>0=><span class="url-icon"><img alt=[心] src="https://h5.sinaimg.cn/m/emoticon/icon/others/l_xin-43af9086c0.png" style="width:1em; height:1em;" /></span><span class="url-icon"><img alt=[心] src="https://h5.sinaimg.cn/m/emoticon/icon/others/l_xin-43af9086c0.png" style="width:1em; height:1em;" /></span><span class="url-icon"><img alt=[心] src="https://h5.sinaimg.cn/m/emoticon/icon/others/l_xin-43af9086c0.png" style="width:1em; height:1em;" /></span>
好运怜怜412=>2023-12-18 13:21:36=>0=>厉害了<span class="url-icon"><img alt=[鲜花] src="https://h5.sinaimg.cn/m/emoticon/icon/others/w_xianhua-f902c37199.png" style="width:1em; height:1em;" /></span>
月亮大人眼里有星星=>2023-12-18 13:20:36=>0=>厉害👍🏻厉害👍🏻
王子奇偷穿花裤衩=>2023-12-18 13:19:15=>0=>厉害<span class="url-icon"><img alt="[哇]" src="https://face.t.sinajs.cn/t4/appstyle/expression/ext/normal/3d/2022_wow_org.png" style="width:1em; height:1em;" /></span>
折玖枝=>2023-12-18 13:17:16=>0=>好棒<span class="url-icon"><img alt=[打call] src="https://h5.sinaimg.cn/m/emoticon/icon/default/fb_a1dacall-1e0c4593fc.png" style="width:1em; height:1em;" /></span>
葡萄味的小Q=>2023-12-18 13:16:50=>0=><span class="url-icon"><img alt=[心] src="https://h5.sinaimg.cn/m/emoticon/icon/others/l_xin-43af9086c0.png" style="width:1em; height:1em;" /></span><span class="url-icon"><img alt=[心] src="https://h5.sinaimg.cn/m/emoticon/icon/others/l_xin-43af9086c0.png" style="width:1em; height:1em;" /></span><span class="url-icon"><img alt=[心] src="https://h5.sinaimg.cn/m/emoticon/icon/others/l_xin-43af9086c0.png" style="width:1em; height:1em;" /></span>
你说今年会下雪吗_=>2023-12-18 13:16:03=>0=><span class="url-icon"><img alt=[good] src="https://h5.sinaimg.cn/m/emoticon/icon/others/h_good-0c51afc69c.png" style="width:1em; height:1em;" /></span><span class="url-icon"><img alt=[good] src="https://h5.sinaimg.cn/m/emoticon/icon/others/h_good-0c51afc69c.png" style="width:1em; height:1em;" /></span><span class="url-icon"><img alt=[good] src="https://h5.sinaimg.cn/m/emoticon/icon/others/h_good-0c51afc69c.png" style="width:1em; height:1em;" /></span><span class="url-icon"><img alt=[good] src="https://h5.sinaimg.cn/m/emoticon/icon/others/h_good-0c51afc69c.png" style="width:1em; height:1em;" /></span>
龏奭嚻艸=>2023-12-18 13:14:03=>0=><span class="url-icon"><img alt=[给力] src="https://h5.sinaimg.cn/m/emoticon/icon/others/f_geili-78be8d9152.png" style="width:1em; height:1em;" /></span><span class="url-icon"><img alt=[给力] src="https://h5.sinaimg.cn/m/emoticon/icon/others/f_geili-78be8d9152.png" style="width:1em; height:1em;" /></span><span class="url-icon"><img alt=[给力] src="https://h5.sinaimg.cn/m/emoticon/icon/others/f_geili-78be8d9152.png" style="width:1em; height:1em;" /></span>
吃个梨涡_=>2023-12-18 13:09:49=>0=>厉害<span class="url-icon"><img alt=[good] src="https://h5.sinaimg.cn/m/emoticon/icon/others/h_good-0c51afc69c.png" style="width:1em; height:1em;" /></span><span class="url-icon"><img alt=[good] src="https://h5.sinaimg.cn/m/emoticon/icon/others/h_good-0c51afc69c.png" style="width:1em; height:1em;" /></span><span class="url-icon"><img alt=[good] src="https://h5.sinaimg.cn/m/emoticon/icon/others/h_good-0c51afc69c.png" style="width:1em; height:1em;" /></span>
一场及时鱼=>2023-12-18 13:05:54=>1=>不知道实战的时候是什么样子的<span class="url-icon"><img alt=[嘻嘻] src="https://h5.sinaimg.cn/m/emoticon/icon/default/d_xixi-643ef6e48d.png" style="width:1em; height:1em;" /></span><span class="url-icon"><img alt=[嘻嘻] src="https://h5.sinaimg.cn/m/emoticon/icon/default/d_xixi-643ef6e48d.png" style="width:1em; height:1em;" /></span>
多多签到dw1=>2023-12-18 13:03:59=>0=>科技兴军，科技兴国
桃宝淇缘=>2023-12-18 13:02:37=>0=>厉害了
Momo-最爱DVD=>2023-12-18 13:00:18=>0=>厉害👍🏻
桃果淇缘=>2023-12-18 12:55:15=>0=>骄傲<span class="url-icon"><img alt=[good] src="https://h5.sinaimg.cn/m/emoticon/icon/others/h_good-0c51afc69c.png" style="width:1em; height:1em;" /></span><span class="url-icon"><img alt=[good] src="https://h5.sinaimg.cn/m/emoticon/icon/others/h_good-0c51afc69c.png" style="width:1em; height:1em;" /></span><span class="url-icon"><img alt=[good] src="https://h5.sinaimg.cn/m/emoticon/icon/others/h_good-0c51afc69c.png" style="width:1em; height:1em;" /></span>
檀到檀健次就是我赚了=>2023-12-18 12:55:01=>0=>军事科技兴国<span class="url-icon"><img alt=[鲜花] src="https://h5.sinaimg.cn/m/emoticon/icon/others/w_xianhua-f902c37199.png" style="width:1em; height:1em;" /></span>
张凌赫是百灵鸟=>2023-12-18 12:53:50=>0=>科技兴国
可以直视日落=>2023-12-18 12:53:02=>0=><span class="url-icon"><img alt=[心] src="https://h5.sinaimg.cn/m/emoticon/icon/others/l_xin-43af9086c0.png" style="width:1em; height:1em;" /></span><span class="url-icon"><img alt=[心] src="https://h5.sinaimg.cn/m/emoticon/icon/others/l_xin-43af9086c0.png" style="width:1em; height:1em;" /></span><span class="url-icon"><img alt=[心] src="https://h5.sinaimg.cn/m/emoticon/icon/others/l_xin-43af9086c0.png" style="width:1em; height:1em;" /></span>
摩耶小鱼浮生梦=>2023-12-18 12:47:18=>0=>科技兴国
钩钩果钩不到檀多多=>2023-12-18 12:44:48=>2=>厉害
CY-新淇古怪=>2023-12-18 12:43:00=>0=>军事科技力量
Kiku_祎橘猫喵喵=>2023-12-18 12:37:09=>0=><span class="url-icon"><img alt=[心] src="https://h5.sinaimg.cn/m/emoticon/icon/others/l_xin-43af9086c0.png" style="width:1em; height:1em;" /></span><span class="url-icon"><img alt=[心] src="https://h5.sinaimg.cn/m/emoticon/icon/others/l_xin-43af9086c0.png" style="width:1em; height:1em;" /></span><span class="url-icon"><img alt=[心] src="https://h5.sinaimg.cn/m/emoticon/icon/others/l_xin-43af9086c0.png" style="width:1em; height:1em;" /></span>
哩只小颖=>2023-12-18 12:36:24=>0=>厉害<span class="url-icon"><img alt=[心] src="https://h5.sinaimg.cn/m/emoticon/icon/others/l_xin-43af9086c0.png" style="width:1em; height:1em;" /></span>
拾月逐秋時=>2023-12-18 12:36:17=>0=>科教兴国<span class="url-icon"><img alt=[打call] src="https://h5.sinaimg.cn/m/emoticon/icon/default/fb_a1dacall-1e0c4593fc.png" style="width:1em; height:1em;" /></span>
果果淇缘=>2023-12-18 12:36:04=>0=>厉害骄傲
牛肉炒苦瓜不加豆豉=>2023-12-18 12:33:47=>0=>军事力量<span class="url-icon"><img alt=[赞] src="https://h5.sinaimg.cn/m/emoticon/icon/others/h_zan-44ddc70637.png" style="width:1em; height:1em;" /></span>
萨卡兜远角7=>2023-12-18 12:29:49=>0=>解放军战斗机器狗太棒了
傅宝的晴天=>2023-12-18 12:29:03=>0=>骄傲<span class="url-icon"><img alt=[抱一抱] src="https://h5.sinaimg.cn/m/emoticon/icon/default/co_a1hug-f3910d0e88.png" style="width:1em; height:1em;" /></span>
靓仔的小鱼儿=>2023-12-18 12:28:29=>0=>科技兴国
DV小跟班=>2023-12-18 12:27:07=>0=>厉害
-风吟念予鹿-=>2023-12-18 12:26:40=>0=>厉害👍
Amireux_秋吟述桃居=>2023-12-18 12:23:27=>0=><span class="url-icon"><img alt=[good] src="https://h5.sinaimg.cn/m/emoticon/icon/others/h_good-0c51afc69c.png" style="width:1em; height:1em;" /></span><span class="url-icon"><img alt=[good] src="https://h5.sinaimg.cn/m/emoticon/icon/others/h_good-0c51afc69c.png" style="width:1em; height:1em;" /></span>
Ummett=>2023-12-18 12:20:06=>0=>厉害
哇哦是美少女诶=>2023-12-18 12:18:41=>0=>科技兴国，厉害厉害<span class="url-icon"><img alt=[鼓掌] src="https://h5.sinaimg.cn/m/emoticon/icon/default/d_guzhang-cca8b296d9.png" style="width:1em; height:1em;" /></span><span class="url-icon"><img alt=[鼓掌] src="https://h5.sinaimg.cn/m/emoticon/icon/default/d_guzhang-cca8b296d9.png" style="width:1em; height:1em;" /></span><span class="url-icon"><img alt=[鼓掌] src="https://h5.sinaimg.cn/m/emoticon/icon/default/d_guzhang-cca8b296d9.png" style="width:1em; height:1em;" /></span>
梁辰梁辰我是美景=>2023-12-18 12:14:40=>0=>厉害了
四川的果子=>2023-12-18 12:11:42=>0=>哇，厉害呀<span class="url-icon"><img alt=[鼓掌] src="https://h5.sinaimg.cn/m/emoticon/icon/default/d_guzhang-cca8b296d9.png" style="width:1em; height:1em;" /></span><span class="url-icon"><img alt=[鼓掌] src="https://h5.sinaimg.cn/m/emoticon/icon/default/d_guzhang-cca8b296d9.png" style="width:1em; height:1em;" /></span><span class="url-icon"><img alt=[鼓掌] src="https://h5.sinaimg.cn/m/emoticon/icon/default/d_guzhang-cca8b296d9.png" style="width:1em; height:1em;" /></span>
为为的小狐狸围脖=>2023-12-18 12:10:55=>0=>厉害<span class="url-icon"><img alt=[心] src="https://h5.sinaimg.cn/m/emoticon/icon/others/l_xin-43af9086c0.png" style="width:1em; height:1em;" /></span>
轩眠听冷雪=>2023-12-18 12:08:11=>0=>厉害
楚然679=>2023-12-18 12:07:49=>0=><span class="url-icon"><img alt=[good] src="https://h5.sinaimg.cn/m/emoticon/icon/others/h_good-0c51afc69c.png" style="width:1em; height:1em;" /></span><span class="url-icon"><img alt=[good] src="https://h5.sinaimg.cn/m/emoticon/icon/others/h_good-0c51afc69c.png" style="width:1em; height:1em;" /></span><span class="url-icon"><img alt=[good] src="https://h5.sinaimg.cn/m/emoticon/icon/others/h_good-0c51afc69c.png" style="width:1em; height:1em;" /></span>
闪亮-之星=>2023-12-18 12:03:20=>0=>科技兴国
acuctta=>2023-12-18 12:01:57=>0=><span class="url-icon"><img alt=[赞] src="https://h5.sinaimg.cn/m/emoticon/icon/others/h_zan-44ddc70637.png" style="width:1em; height:1em;" /></span><span class="url-icon"><img alt=[赞] src="https://h5.sinaimg.cn/m/emoticon/icon/others/h_zan-44ddc70637.png" style="width:1em; height:1em;" /></span>
海棠酥鱼=>2023-12-18 12:01:27=>0=>厉害<span class="url-icon"><img alt=[good] src="https://h5.sinaimg.cn/m/emoticon/icon/others/h_good-0c51afc69c.png" style="width:1em; height:1em;" /></span>
莲莲小润=>2023-12-18 11:59:58=>0=>科技兴国  厉害
铲一个棍子=>2023-12-18 11:59:09=>0=>厉害
宝宝老大1号=>2023-12-18 11:58:25=>0=><span class="url-icon"><img alt=[good] src="https://h5.sinaimg.cn/m/emoticon/icon/others/h_good-0c51afc69c.png" style="width:1em; height:1em;" /></span><span class="url-icon"><img alt=[good] src="https://h5.sinaimg.cn/m/emoticon/icon/others/h_good-0c51afc69c.png" style="width:1em; height:1em;" /></span><span class="url-icon"><img alt=[good] src="https://h5.sinaimg.cn/m/emoticon/icon/others/h_good-0c51afc69c.png" style="width:1em; height:1em;" /></span>
有你才精彩i17=>2023-12-18 11:52:42=>1=>科技兴国<span class="url-icon"><img alt=[打call] src="https://h5.sinaimg.cn/m/emoticon/icon/default/fb_a1dacall-1e0c4593fc.png" style="width:1em; height:1em;" /></span><span class="url-icon"><img alt=[打call] src="https://h5.sinaimg.cn/m/emoticon/icon/default/fb_a1dacall-1e0c4593fc.png" style="width:1em; height:1em;" /></span><span class="url-icon"><img alt=[打call] src="https://h5.sinaimg.cn/m/emoticon/icon/default/fb_a1dacall-1e0c4593fc.png" style="width:1em; height:1em;" /></span>
处处神迹=>2023-12-18 11:51:46=>0=>科技进步好大<span class="url-icon"><img alt=[赞] src="https://h5.sinaimg.cn/m/emoticon/icon/others/h_zan-44ddc70637.png" style="width:1em; height:1em;" /></span>
祎的小喵=>2023-12-18 11:50:53=>0=>厉害
笨拿拿_ee=>2023-12-18 11:50:14=>0=>科技兴国
黄鸭是只小黄鸭=>2023-12-18 11:47:24=>0=>科技兴国<span class="url-icon"><img alt=[打call] src="https://h5.sinaimg.cn/m/emoticon/icon/default/fb_a1dacall-1e0c4593fc.png" style="width:1em; height:1em;" /></span>
清澄kiku=>2023-12-18 11:47:01=>0=><span class="url-icon"><img alt=[羞嗒嗒] src="https://h5.sinaimg.cn/m/emoticon/icon/lxh/lxh_xiudada-e99552ddb3.png" style="width:1em; height:1em;" /></span>
知识涌进我的脑袋里D=>2023-12-18 11:46:21=>0=>科技兴国
昀之光=>2023-12-18 11:42:59=>0=>太好了这也，能减少多少人员伤亡
落小筠=>2023-12-18 11:41:39=>0=>什么时候做太空电梯<span class="url-icon"><img alt=[憧憬] src="https://h5.sinaimg.cn/m/emoticon/icon/default/d_xingxingyan-c64b6a744b.png" style="width:1em; height:1em;" /></span>
zlh爱吃豆沙汤圆=>2023-12-18 11:38:19=>0=>厉害👍🏻
霖多雨会感冒哦=>2023-12-18 11:35:41=>0=>好棒
zlh爱吃草莓=>2023-12-18 11:32:34=>0=>厉害👍🏻
joyce0390=>2023-12-18 11:32:16=>0=>科技兴国<span class="url-icon"><img alt=[鲜花] src="https://h5.sinaimg.cn/m/emoticon/icon/others/w_xianhua-f902c37199.png" style="width:1em; height:1em;" /></span>
爱为为子1=>2023-12-18 11:32:07=>0=>科技兴国
木吃啊塔塔不不眠=>2023-12-18 11:30:22=>0=>厉害
妤贤茶=>2023-12-18 11:27:49=>0=>帅
大糖高绅=>2023-12-18 11:24:58=>0=><span class="url-icon"><img alt="[送花花]" src="https://face.t.sinajs.cn/t4/appstyle/expression/ext/normal/cb/2022_Flowers_org.png" style="width:1em; height:1em;" /></span><span class="url-icon"><img alt="[送花花]" src="https://face.t.sinajs.cn/t4/appstyle/expression/ext/normal/cb/2022_Flowers_org.png" style="width:1em; height:1em;" /></span><span class="url-icon"><img alt="[送花花]" src="https://face.t.sinajs.cn/t4/appstyle/expression/ext/normal/cb/2022_Flowers_org.png" style="width:1em; height:1em;" /></span>
沈梦瑶小可爱=>2023-12-18 11:22:44=>0=>👍🏻
Appreciate棣=>2023-12-18 23:24:07=>0=>科技强国<span class="url-icon"><img alt=[good] src="https://h5.sinaimg.cn/m/emoticon/icon/others/h_good-0c51afc69c.png" style="width:1em; height:1em;" /></span>
想退休的rose=>2023-12-18 14:03:33=>0=>优秀我的国
卢云你好=>2023-12-18 13:22:13=>0=>厉害了，我的祖国<span class="url-icon"><img alt=[赞] src="https://h5.sinaimg.cn/m/emoticon/icon/others/h_zan-44ddc70637.png" style="width:1em; height:1em;" /></span><span class="url-icon"><img alt=[赞] src="https://h5.sinaimg.cn/m/emoticon/icon/others/h_zan-44ddc70637.png" style="width:1em; height:1em;" /></span><span class="url-icon"><img alt=[赞] src="https://h5.sinaimg.cn/m/emoticon/icon/others/h_zan-44ddc70637.png" style="width:1em; height:1em;" /></span>
墨之烟雨的小号=>2023-12-18 12:59:32=>0=>一个普通士兵抚恤金100万，一条狗加一支枪，成本2万块，高危险性场合，一个人带10条狗都是赚的，打巷战，一万只狗哪怕推进去当一次性消耗品，也才两个亿，也只够200人的抚恤金，
海盐奶绿迦面包_=>2023-12-18 12:33:25=>0=>科技兴国
淇淇a2-=>2023-12-18 12:30:14=>0=>厉害了，我的国<span class="url-icon"><img alt=[赞] src="https://h5.sinaimg.cn/m/emoticon/icon/others/h_zan-44ddc70637.png" style="width:1em; height:1em;" /></span><span class="url-icon"><img alt=[赞] src="https://h5.sinaimg.cn/m/emoticon/icon/others/h_zan-44ddc70637.png" style="width:1em; height:1em;" /></span>
豆子芝麻茶呀_=>2023-12-18 12:29:02=>0=>科技兴国
