https://img.meituan.net/msmerchant/c6e6c9150b8253310e9c729f562a629321129.jpg%40340w_255h_1e_1c_1l%7Cwatermark%3D0=>https://www.dianping.com/shop/l8zwlbAkHEcEDoHk=>茶乡鱼村=>45=>1199条评价=>人均￥79=>农家菜|南湾湖=>|推荐菜：||南湾鱼两吃||地锅馍||地锅豆腐|
https://img.meituan.net/msmerchant/91dc0fbece7ffb836a37a25dd3956f0a123826.jpg%40340w_255h_1e_1c_1l%7Cwatermark%3D0=>https://www.dianping.com/shop/G4WpvV0gaJxUrwAM=>青年音乐餐厅(天福三区·国源新天地店)=>35=>90条评价=>人均￥81=>特色菜|固始县=>|推荐菜：||干捞粉丝煲||蒜蓉粉丝虾||五彩玉米粒|
http://qcloud.dpfile.com/pc/TatVCILMmFFuFxbeTHXKYjqQmXwEb2j_xKp_BqaWlCOnaWB5pQE-0MENC6SaYjHlbKcq9vnEaGy3xLEf-_v_oA.jpg=>https://www.dianping.com/shop/G4J5WgRKJNhb6GiP=>汪棚农家菜=>35=>3条评价=>人均-=>农家菜|中山大街=>
http://p1.meituan.net/bbia/6d61b3f9245d8e348e90d4962a36e4e93566449.jpg%40340w_255h_1e_1c_1l%7Cwatermark%3D0=>https://www.dianping.com/shop/G6vChESKuZ0Fq7jj=>云享兰语私房菜=>35=>13条评价=>人均￥123=>私房菜|恒大城市广场=>|推荐菜：||酥皮黄金卷||薄荷牛肉||麦香芋头|
http://qcloud.dpfile.com/pc/SfLIwyjWnPksvY10n25wINLE2VP5GnmbJfNRSJHjofPRn75Un_SBhWR3Aox7KgcQbKcq9vnEaGy3xLEf-_v_oA.jpg=>https://www.dianping.com/shop/G7poQgeoYmW9fa67=>刘家大院=>35=>3条评价=>人均￥64=>农家菜|浉河区=>
http://p0.meituan.net/merchant/c26ab79fadf37f0be09c0725d01730db83903.jpg%40340w_255h_1e_1c_1l%7Cwatermark%3D0=>https://www.dianping.com/shop/jhrp5tJfZsP63Jk8=>咱外婆(天润店)=>45=>6957条评价=>人均￥49=>家常菜|天润广场=>|推荐菜：||手撕包菜||外婆红烧肉||最爱酸菜鱼|
http://p0.meituan.net/merchant/e871330039e4afde96ce551f7127ad0b384041.jpg%40340w_255h_1e_1c_1l%7Cwatermark%3D0=>https://www.dianping.com/shop/H9Gs85nunHNVJuMf=>郑家大院(浉河店)=>35=>14条评价=>人均￥86=>农家菜|鸿昌运动城贸易广场=>|推荐菜：||焖泥鳅||大手拉小手||猪蹄焖鸡爪|
http://p0.meituan.net/merchant/6472b97a4c4924713f2dce6e822c61a9161101.jpg%40340w_255h_1e_1c_1l%7Cwatermark%3D0=>https://www.dianping.com/shop/G9wPR0do3Tkow08q=>老乡长私募菜馆(大庆路店)=>35=>280条评价=>人均￥41=>农家菜|信阳职业技术学院=>|推荐菜：||冬瓜老鸭汤||老干妈鮰鱼||锅巴饭|
http://qcloud.dpfile.com/pc/FKvaYLspmQp6vJzPwv2T3k9XYwbdC4NpAg6JLB8bQtRwOxyOVJHzYGhqGP5Ip-WMbKcq9vnEaGy3xLEf-_v_oA.jpg=>https://www.dianping.com/shop/l1vK9vuTVj4JXzgW=>悠然小院=>35=>2条评价=>人均-=>农家菜|信阳职业技术学院=>
http://p1.meituan.net/biztone/175460446_1647489703765.jpeg%40340w_255h_1e_1c_1l%7Cwatermark%3D0=>https://www.dianping.com/shop/kaD2eoeZqB9zp0pU=>厨八怪民俗菜(和源·贰号公馆店)=>40=>544条评价=>人均￥63=>私房菜|百花会展中心/市政府=>|推荐菜：||砂锅油麦菜||野菜卤肉包||菜馍老笨鸡|
http://p0.meituan.net/poipicadd/b73abb40ccd7b3d635a3ad41f8dbd0ea440225.jpg%40340w_255h_1e_1c_1l%7Cwatermark%3D0=>https://www.dianping.com/shop/HaDGajWlrBAGYkBw=>晓辉私房菜(芙蓉园店)=>30=>9条评价=>人均-=>私房菜|鸿昌运动城贸易广场=>|推荐菜：||秘制花螺||龙虾粥||西冷牛肉|
http://p0.meituan.net/poipicadd/1b7a63052add39b68fd378a4ff99bc48828569.jpg%40340w_255h_1e_1c_1l%7Cwatermark%3D0=>https://www.dianping.com/shop/k2ejOS1XCTCcoxnI=>家厨一号私房菜(蓼城大道店)=>35=>3条评价=>人均￥66=>私房菜|蓼城大道=>|推荐菜：||鹅汤||猪脚|
http://p0.meituan.net/poipicadd/cc1a57059b8711570254338263d5433f816136.jpg%40340w_255h_1e_1c_1l%7Cwatermark%3D0=>https://www.dianping.com/shop/H7JPFZQNHVkWhWah=>渔味堂私房菜(浉河南路店)=>35=>4条评价=>人均-=>私房菜|鸿昌运动城贸易广场=>|推荐菜：||凉菜萝卜||爆炒豆棒||元鱼焖鸡|
http://p0.meituan.net/merchant/f6cacf1cff4ef4d807a2175785ec1cc839379.jpg%40340w_255h_1e_1c_1l%7Cwatermark%3D0=>https://www.dianping.com/shop/HaBnrqpXd9Nn3GGG=>灶王福味馆 龙虾烧烤(贸易广场店)=>40=>818条评价=>人均￥71=>家常菜|浉河区政府=>|推荐菜：||秘制手抓骨||纸上烤巴沙鱼||灶王地锅鸡|
http://p0.meituan.net/deal/8d15d9e50adf9ccbfdbb1c3dda95be5584294.jpg%40340w_255h_1e_1c_1l%7Cwatermark%3D0=>https://www.dianping.com/shop/l1OpY8zi6UrTj9eT=>花雕醉鸡(商城店)=>40=>415条评价=>人均￥56=>特色菜|商城县中心城区=>|推荐菜：||五年陈醉鸡||花雕酒||面食|
https://img.meituan.net/msmerchant/c6e6c9150b8253310e9c729f562a629321129.jpg%40340w_255h_1e_1c_1l%7Cwatermark%3D0=>https://www.dianping.com/shop/l8zwlbAkHEcEDoHk=>茶乡鱼村=>45=>1199条评价=>人均￥79=>农家菜|南湾湖=>|推荐菜：||南湾鱼两吃||地锅馍||地锅豆腐|
https://img.meituan.net/msmerchant/91dc0fbece7ffb836a37a25dd3956f0a123826.jpg%40340w_255h_1e_1c_1l%7Cwatermark%3D0=>https://www.dianping.com/shop/G4WpvV0gaJxUrwAM=>青年音乐餐厅(天福三区·国源新天地店)=>35=>90条评价=>人均￥81=>特色菜|固始县=>|推荐菜：||干捞粉丝煲||蒜蓉粉丝虾||五彩玉米粒|
http://qcloud.dpfile.com/pc/TatVCILMmFFuFxbeTHXKYjqQmXwEb2j_xKp_BqaWlCOnaWB5pQE-0MENC6SaYjHlbKcq9vnEaGy3xLEf-_v_oA.jpg=>https://www.dianping.com/shop/G4J5WgRKJNhb6GiP=>汪棚农家菜=>35=>3条评价=>人均-=>农家菜|中山大街=>
http://p0.meituan.net/merchant/e871330039e4afde96ce551f7127ad0b384041.jpg%40340w_255h_1e_1c_1l%7Cwatermark%3D0=>https://www.dianping.com/shop/H9Gs85nunHNVJuMf=>郑家大院(浉河店)=>35=>14条评价=>人均￥86=>农家菜|鸿昌运动城贸易广场=>|推荐菜：||焖泥鳅||大手拉小手||猪蹄焖鸡爪|
http://p0.meituan.net/merchant/c26ab79fadf37f0be09c0725d01730db83903.jpg%40340w_255h_1e_1c_1l%7Cwatermark%3D0=>https://www.dianping.com/shop/jhrp5tJfZsP63Jk8=>咱外婆(天润店)=>45=>6957条评价=>人均￥49=>家常菜|天润广场=>|推荐菜：||手撕包菜||外婆红烧肉||最爱酸菜鱼|
http://qcloud.dpfile.com/pc/SfLIwyjWnPksvY10n25wINLE2VP5GnmbJfNRSJHjofPRn75Un_SBhWR3Aox7KgcQbKcq9vnEaGy3xLEf-_v_oA.jpg=>https://www.dianping.com/shop/G7poQgeoYmW9fa67=>刘家大院=>35=>3条评价=>人均￥64=>农家菜|浉河区=>
http://p1.meituan.net/bbia/6d61b3f9245d8e348e90d4962a36e4e93566449.jpg%40340w_255h_1e_1c_1l%7Cwatermark%3D0=>https://www.dianping.com/shop/G6vChESKuZ0Fq7jj=>云享兰语私房菜=>35=>13条评价=>人均￥123=>私房菜|恒大城市广场=>|推荐菜：||酥皮黄金卷||薄荷牛肉||麦香芋头|
http://p0.meituan.net/merchant/6472b97a4c4924713f2dce6e822c61a9161101.jpg%40340w_255h_1e_1c_1l%7Cwatermark%3D0=>https://www.dianping.com/shop/G9wPR0do3Tkow08q=>老乡长私募菜馆(大庆路店)=>35=>280条评价=>人均￥41=>农家菜|信阳职业技术学院=>|推荐菜：||冬瓜老鸭汤||老干妈鮰鱼||锅巴饭|
http://p0.meituan.net/poipicadd/1b7a63052add39b68fd378a4ff99bc48828569.jpg%40340w_255h_1e_1c_1l%7Cwatermark%3D0=>https://www.dianping.com/shop/k2ejOS1XCTCcoxnI=>家厨一号私房菜(蓼城大道店)=>35=>3条评价=>人均￥66=>私房菜|蓼城大道=>|推荐菜：||鹅汤||猪脚|
http://qcloud.dpfile.com/pc/FKvaYLspmQp6vJzPwv2T3k9XYwbdC4NpAg6JLB8bQtRwOxyOVJHzYGhqGP5Ip-WMbKcq9vnEaGy3xLEf-_v_oA.jpg=>https://www.dianping.com/shop/l1vK9vuTVj4JXzgW=>悠然小院=>35=>2条评价=>人均-=>农家菜|信阳职业技术学院=>
http://p0.meituan.net/deal/8d15d9e50adf9ccbfdbb1c3dda95be5584294.jpg%40340w_255h_1e_1c_1l%7Cwatermark%3D0=>https://www.dianping.com/shop/l1OpY8zi6UrTj9eT=>花雕醉鸡(商城店)=>40=>415条评价=>人均￥56=>特色菜|商城县中心城区=>|推荐菜：||五年陈醉鸡||花雕酒||面食|
http://p0.meituan.net/poipicadd/acbd1e0317d787895dcf4e7c69887ca261830.jpg%40340w_255h_1e_1c_1l%7Cwatermark%3D0=>https://www.dianping.com/shop/H2WK9XRdcHArhaAY=>鑫鸿运家常菜=>35=>2条评价=>人均-=>家常菜|成功大道=>|推荐菜：||干锅土豆片||干锅肥肠||干锅大虾|
http://p1.meituan.net/dealwatera/6b00ddb20eb994be08b69af736f2b16e115120.jpg%40340w_255h_1e_1c_1l%7Cwatermark%3D0=>https://www.dianping.com/shop/l9sMl9jxnSIJARXv=>农家小院(府邸店)=>35=>33条评价=>人均￥30=>农家菜|罗山县=>|推荐菜：||手撕羊排||手打鲜牛肉||泡椒小皮蛋|
http://p1.meituan.net/dealwatera/6b00ddb20eb994be08b69af736f2b16e115120.jpg%40340w_255h_1e_1c_1l%7Cwatermark%3D0=>https://www.dianping.com/shop/l8On1wAyAdng89ga=>农家小院(精英店)=>30=>25条评价=>人均￥47=>农家菜|罗山县=>|推荐菜：||农家秘制小龙虾||西湖牛肉羹||干锅小仔鸡|
http://p0.meituan.net/poipicadd/b73abb40ccd7b3d635a3ad41f8dbd0ea440225.jpg%40340w_255h_1e_1c_1l%7Cwatermark%3D0=>https://www.dianping.com/shop/HaDGajWlrBAGYkBw=>晓辉私房菜(芙蓉园店)=>30=>9条评价=>人均-=>私房菜|鸿昌运动城贸易广场=>|推荐菜：||秘制花螺||龙虾粥||西冷牛肉|
http://p1.meituan.net/biztone/175460446_1647489703765.jpeg%40340w_255h_1e_1c_1l%7Cwatermark%3D0=>https://www.dianping.com/shop/kaD2eoeZqB9zp0pU=>厨八怪民俗菜(和源·贰号公馆店)=>40=>544条评价=>人均￥63=>私房菜|百花会展中心/市政府=>|推荐菜：||砂锅油麦菜||野菜卤肉包||菜馍老笨鸡|
http://p1.meituan.net/xianfu/6ff7036ce4cf829e437a1dfe3f34992561106.jpg%40340w_255h_1e_1c_1l%7Cwatermark%3D0=>https://www.dianping.com/shop/laO4mSANLfSJ13jg=>味香园(旺城路店)=>35=>5条评价=>人均-=>特色菜|新县=>|推荐菜：||野山椒炒鸡珍||炒回锅肉||青椒炒肥肠|
http://p0.meituan.net/poipicadd/cc1a57059b8711570254338263d5433f816136.jpg%40340w_255h_1e_1c_1l%7Cwatermark%3D0=>https://www.dianping.com/shop/H7JPFZQNHVkWhWah=>渔味堂私房菜(浉河南路店)=>35=>4条评价=>人均-=>私房菜|鸿昌运动城贸易广场=>|推荐菜：||凉菜萝卜||爆炒豆棒||元鱼焖鸡|
http://qcloud.dpfile.com/pc/etyE1MD6O1jwSxc1P_Y3TnL7bRGCgtqMFV1FQ0E3eWWis11DQmnpY8dKDDZwsi8cbKcq9vnEaGy3xLEf-_v_oA.jpg=>https://www.dianping.com/shop/FfpvSewXWdLu7bJi=>溢品轩私家菜馆(湖东店)=>30=>1条评价=>人均￥24=>私房菜|南湾湖=>
http://p0.meituan.net/merchant/f6cacf1cff4ef4d807a2175785ec1cc839379.jpg%40340w_255h_1e_1c_1l%7Cwatermark%3D0=>https://www.dianping.com/shop/HaBnrqpXd9Nn3GGG=>灶王福味馆 龙虾烧烤(贸易广场店)=>40=>818条评价=>人均￥71=>家常菜|浉河区政府=>|推荐菜：||秘制手抓骨||纸上烤巴沙鱼||灶王地锅鸡|
http://p0.meituan.net/xianfu/a7da6483173da414eb0ccfc86b1414c8473088.jpg%40340w_255h_1e_1c_1l%7Cwatermark%3D0=>https://www.dianping.com/shop/k4nmnwIZptVjLgSh=>小城故事=>35=>11条评价=>人均￥103=>私房菜|固始县=>|推荐菜：||锅巴小炒肉||蟹黄粉丝||麻婆豆腐|
https://img.meituan.net/content/1d40390be53738807a8107a4b3081c0e162550.jpg%40340w_255h_1e_1c_1l%7Cwatermark%3D0=>https://www.dianping.com/shop/G5Wy8DMCBtuLQswY=>小蓝鲸家常菜(新二十六街店)=>30=>8条评价=>人均￥40=>家常菜|恒大城市广场=>|推荐菜：||地皮菜炒鸡蛋||炖牛肉西红柿||小炒肉|
http://p1.meituan.net/poipicadd/c561f9c4c7d95133b459e3509b12d22797351.jpg%40340w_255h_1e_1c_1l%7Cwatermark%3D0=>https://www.dianping.com/shop/H9tmiTJfdlxLqzpO=>西关土菜馆=>35=>1条评价=>人均-=>农家菜|中山大街=>
http://img.meituan.net/msmerchant/08dbedee41af07a8c04f71b82229aa08143471.jpg%40340w_255h_1e_1c_1l%7Cwatermark%3D0=>https://www.dianping.com/shop/G7SAT5eYmLc7TS2Q=>国栋酒家=>30=>1条评价=>人均-=>家常菜|潢川县=>|推荐菜：||水煮腰花|
http://qcloud.dpfile.com/pc/PhtmW9HvVP2O1AlIEB5wDh-BXYldnCcUWnuqHffkuO6LlNhlT-_tpcDqr48eEAibbKcq9vnEaGy3xLEf-_v_oA.jpg=>https://www.dianping.com/shop/G1dk3McjPX1sn35S=>晓辉私房菜(博客小街店)=>40=>34条评价=>人均￥176=>私房菜|百花会展中心/市政府=>|推荐菜：||烤鸭||海螺||秘制花螺|
http://p0.meituan.net/merchant/fd00bd6583a8cd34c339b27876718cdd141045.jpg%40340w_255h_1e_1c_1l%7Cwatermark%3D0=>https://www.dianping.com/shop/HaWjRnxUjvyi8Xyw=>花雕醉鸡(固始店)=>40=>635条评价=>人均￥50=>特色菜|固始县=>|推荐菜：||五年陈醉鸡||花雕鸡||烩面|
https://img.meituan.net/msmerchant/456847f74e107d964f42f149b78e3bd240810.jpg%40340w_255h_1e_1c_1l%7Cwatermark%3D0=>https://www.dianping.com/shop/G40y7uwP0M9AFoeu=>東陽私厨(香槟国际店)=>35=>4条评价=>人均￥75=>私房菜|百花会展中心/市政府=>|推荐菜：||红扒南湾胖鱼头||香菜丸子炖柳林豆巾||清炖牛肚绷|
http://p1.meituan.net/biztone/5bb6ba24a77c1799bbbfc78855a685e088586.jpg%40340w_255h_1e_1c_1l%7Cwatermark%3D0=>https://www.dianping.com/shop/iSro8gjFfQT6wSdy=>咱外婆(万达广场信阳店)=>45=>1466条评价=>人均￥56=>家常菜|信合万达广场=>|推荐菜：||外婆家红烧肉||招牌酸菜鱼||外婆小炒肉|
http://p1.meituan.net/biztone/2202652_1632924694223.jpeg%40340w_255h_1e_1c_1l%7Cwatermark%3D0=>https://www.dianping.com/shop/l91PtjSXJXrmdb1q=>南湾鱼味馆=>40=>133条评价=>人均￥90=>农家菜|南湾湖=>|推荐菜：||南湾鱼头汤||锅炕馍||信阳焖罐肉|
http://qcloud.dpfile.com/pc/oG6048ZvUfAyBr70bTwDUOaSK1LFNTk4f0UL43uZtNqyKMVJSEw_x5CADA8FrX9ObKcq9vnEaGy3xLEf-_v_oA.jpg=>https://www.dianping.com/shop/G4eme4XRUHV6O0tH=>新林将军饭店=>30=>1条评价=>人均-=>农家菜|新县=>|推荐菜：||农家菜，|
http://p0.meituan.net/merchant/f6cacf1cff4ef4d807a2175785ec1cc839379.jpg%40340w_255h_1e_1c_1l%7Cwatermark%3D0=>https://www.dianping.com/shop/H6ZnpuuTyvn9DkYA=>灶王土菜馆(楚王城店)=>40=>485条评价=>人均￥64=>私房菜|楚王城=>|推荐菜：||秘制手抓骨||农家地锅鸡||白勺基围虾|
https://img.meituan.net/searchscenerec/b184980ef689261e7b04a3382c5fde96127478.jpg%40340w_255h_1e_1c_1l%7Cwatermark%3D0=>https://www.dianping.com/shop/k4KSjWavNoXnwEom=>顺丰家常菜(政和花园C区店)=>30=>1条评价=>人均-=>家常菜|百花会展中心/市政府=>|推荐菜：||黄瓜段||香辣虎皮凤爪||香菜丸子炖豆巾|
http://p1.meituan.net/biztone/1088912586_1652066420018.jpeg%40340w_255h_1e_1c_1l%7Cwatermark%3D0=>https://www.dianping.com/shop/l9SeuJ0pusF2hz80=>三千西子·花园餐厅=>35=>44条评价=>人均￥81=>私房菜|信阳师院/体育场=>|推荐菜：||江南红烧肉||新派辣子鸡||衢州鸭头|
http://p0.meituan.net/deal/47a7808fec6bd7e414f673f487a6e69962554.jpg%40340w_255h_1e_1c_1l%7Cwatermark%3D0=>https://www.dianping.com/shop/G6s88P6dWw7VBOE9=>固始土鹅特色土菜馆(北京大街北段店)=>35=>3条评价=>人均￥21=>农家菜|北京大街/海洋新世界=>|推荐菜：||固始鹅块||油炸花生米||金针菇|
http://p0.meituan.net/poipicadd/5a1219ec7ada7f28d233538b3bc7163163725.jpg%40340w_255h_1e_1c_1l%7Cwatermark%3D0=>https://www.dianping.com/shop/k9qoUYqrMVtqRBFx=>新村农庄=>30=>6条评价=>人均-=>农家菜|商城县=>
https://img.meituan.net/msmerchant/8c744056fe6eb9103320ced33855ad31243862.jpg%40340w_255h_1e_1c_1l%7Cwatermark%3D0=>https://www.dianping.com/shop/H1IJzaeKEcXWSQYy=>南湖小院(南湾店)=>35=>34条评价=>人均￥124=>农家菜|南湾湖=>|推荐菜：||南湾鱼头汤||萝卜炖牛肉||羊骨头炖鱼丸|
http://p0.meituan.net/merchant/85f0fc7a3c15461901d052d179419c95227821.jpg%40340w_255h_1e_1c_1l%7Cwatermark%3D0=>https://www.dianping.com/shop/G5NlPRJKbSW8HpEE=>回回香羊肉汤烧烤=>30=>2条评价=>人均￥20=>特色菜|南虹广场=>|推荐菜：||掌中宝||羊油炒米饭||烤羊脆骨|
https://img.meituan.net/msmerchant/bd713dfc7c373d63d020e6e50d0f3226201020.jpg%40340w_255h_1e_1c_1l%7Cwatermark%3D0=>https://www.dianping.com/shop/H2EYticAj5PfNRJS=>流金岁月中西餐厅(大十字街店)=>35=>9条评价=>人均￥41=>特色菜|万客来购物中心=>|推荐菜：||鱼香肉丝煲仔饭||至尊披萨||澳洲T骨牛排|
http://p0.meituan.net/merchant/f3471e67e38ed3a27487005baf44cd82275036.jpg%40340w_255h_1e_1c_1l%7Cwatermark%3D0=>https://www.dianping.com/shop/G22dl2aZes8Q1l6w=>三合庄园=>35=>14条评价=>人均￥45=>农家菜|信阳师院/体育场=>|推荐菜：||蒜苔炒肉丝||西红柿紫菜汤||红糖花糕|
http://p0.meituan.net/poipicadd/7be0d738994fb037f2a997572c50868a155548.jpg%40340w_255h_1e_1c_1l%7Cwatermark%3D0=>https://www.dianping.com/shop/G4cCltlMxY2pCcMN=>正宗农家地锅饭=>35=>12条评价=>人均-=>农家菜|浉河区=>|推荐菜：||野生小河鱼||家常豆腐||孜然火腿|
http://qcloud.dpfile.com/pc/BCCMx9fstBppdsDRKU7UJR6heIYTmQdDTbLBEcU6tS2rppd5nAzZ7irlqFq5lAEqbKcq9vnEaGy3xLEf-_v_oA.jpg=>https://www.dianping.com/shop/k3QW0v72i1uqDmf0=>张广土菜馆=>30=>1条评价=>人均-=>农家菜|王审知大道=>
http://qcloud.dpfile.com/pc/kzrN4_tA_MY0M6fRijRYVodVJdLfrgooAbP2IgkKOn5lni-UQsZi56nDy8anDP6pbKcq9vnEaGy3xLEf-_v_oA.jpg=>https://www.dianping.com/shop/l2UdkQBmkjr1fZC5=>清真老字号马大头餐馆(胜利南路住宅小区店)=>35=>6条评价=>人均-=>特色菜|和美广场/浉河公园=>
http://p0.meituan.net/poipicadd/34fdc655222f7fcba5a9fd43278151ee767894.jpg%40340w_255h_1e_1c_1l%7Cwatermark%3D0=>https://www.dianping.com/shop/l391h1fXWbVNn4Ew=>孝国私房菜=>35=>2条评价=>人均-=>私房菜|固始县=>
http://p0.meituan.net/poipicadd/c15f1142822db366fe41d79c6a7185d862851.jpg%40340w_255h_1e_1c_1l%7Cwatermark%3D0=>https://www.dianping.com/shop/k9tHCeaPtpwR0k7M=>鑫泰家常菜馆=>35=>2条评价=>人均￥16=>家常菜|文化宫=>|推荐菜：||土豆牛肉盖浇饭||土豆肉丝盖浇饭||木耳肉片盖浇饭|
http://p1.meituan.net/poipicadd/89b2c87a90c81d9fb3e935f7811af0eb71116.jpg%40340w_255h_1e_1c_1l%7Cwatermark%3D0=>https://www.dianping.com/shop/H1depXIGwKj4xA4L=>古城农家菜=>30=>1条评价=>人均-=>农家菜|王审知大道=>|推荐菜：||清炒土豆丝||毛豆肉沫||红烧羊肉锅|
http://p0.meituan.net/poipicadd/26d5e9de0feb6d748b476dcd9034613e64386.jpg%40340w_255h_1e_1c_1l%7Cwatermark%3D0=>https://www.dianping.com/shop/l2kJckXxzaTG99y2=>每日鲜农家小厨=>30=>1条评价=>人均-=>农家菜|新县广场=>|推荐菜：||火腿蛋炒饭||手工水饺||回锅肉盖浇饭|
http://qcloud.dpfile.com/pc/6KJWgo0tkU5xZsy0q3Rm9XsfhiY-dNZpmWKbLokqwiuvukqXIXNch9e2cjMnjkwbbKcq9vnEaGy3xLEf-_v_oA.jpg=>https://www.dianping.com/shop/l1DOXCDWnswiaJDu=>王三牛羊肉汤=>35=>2条评价=>人均-=>特色菜|浉河区=>
https://img.meituan.net/msmerchant/4bbb588843e55a44271224080e4d6618205821.jpg%40340w_255h_1e_1c_1l%7Cwatermark%3D0=>https://www.dianping.com/shop/l6ii9EyQreBYthYy=>起源小厨(花园路店)=>30=>1条评价=>人均￥67=>农家菜|影院街=>|推荐菜：||板栗焖肉||酸菜鱼||阳澄湖大闸蟹|
http://p0.meituan.net/wmproduct/2ca53ccda051becae9f5965cfb20b4de316645.jpg%40340w_255h_1e_1c_1l%7Cwatermark%3D0=>https://www.dianping.com/shop/H13vYdPzodQbjFwJ=>好再来家常菜(东方红大道店)=>30=>1条评价=>人均￥49=>家常菜|信阳汽车站=>|推荐菜：||豆角炒肉||水煮肉片||焖罐肉|
http://p1.meituan.net/poipicadd/5793fbfbbc8e48a2f737747d0260ed4f58892.jpg%40340w_255h_1e_1c_1l%7Cwatermark%3D0=>https://www.dianping.com/shop/k885YrHki84k5uMU=>老队长农家菜=>30=>4条评价=>人均-=>农家菜|罗山县=>|推荐菜：||口味杏鲍菇||腊排骨火锅||特色手撕大排|
http://p0.meituan.net/bbia/cbca9a87ef26b2f904b12ecc3d754070120108.jpg%40340w_255h_1e_1c_1l%7Cwatermark%3D0=>https://www.dianping.com/shop/G1jATVtFCl2axxop=>丁记固始鸡汤(申碑路店)=>30=>5条评价=>人均￥53=>家常菜|体彩广场=>|推荐菜：||固始清炖母鸡||固始水滑肉烩丝瓜锅||爆炒牛肉|
http://qcloud.dpfile.com/pc/hrghru6i3lgLRUg6YrbxZ7aYNQkAaK3hIOZuScngUvYJss484GeC-uwoKU3svis-bKcq9vnEaGy3xLEf-_v_oA.jpg=>https://www.dianping.com/shop/l3HGaVbOMCGtKbRg=>景山酒店=>30=>3条评价=>人均-=>家常菜|西亚购物广场=>|推荐菜：||锅贴糖馍||什锦豆腐鸡蛋羹||蒜蓉空心菜|
http://qcloud.dpfile.com/pc/kMKAbciO0NfEnq6fytJkkyNX-jK_YqCNjVk_SYclAxIxhtwBi2iuEK289FfWyH_ebKcq9vnEaGy3xLEf-_v_oA.jpg=>https://www.dianping.com/shop/k2ogY3Vx1xyLsijp=>郭岗家常菜=>35=>5条评价=>人均￥63=>家常菜|固始县=>|推荐菜：||面炕鱼火锅||锅巴饭||腊肉炒黄鳝|
http://p1.meituan.net/deal/e10fbcda96865b5f13b38cae7987d4dd67674.jpg%40340w_255h_1e_1c_1l%7Cwatermark%3D0=>https://www.dianping.com/shop/EkAgtldYCscXijwY=>欢乐人家土菜馆=>30=>1条评价=>人均￥32=>农家菜|金刚台地址公园=>|推荐菜：||地锅米饭||黄花菜炒肉丝||韭菜炒馍馍|
http://p0.meituan.net/xianfu/325f9bb1384954390c121bae838a87b6126684.jpg%40340w_255h_1e_1c_1l%7Cwatermark%3D0=>https://www.dianping.com/shop/l3SXUrmWff2BX04u=>曹记私房菜=>30=>1条评价=>人均-=>私房菜|固始县=>|推荐菜：||肉末烧茄子||青椒炒蛋便当||豆角烧土豆便当|
http://qcloud.dpfile.com/pc/L-kp94wuHeN0fURpbYcyxGsjjkxm3ACFuIjRRySPy6SplPiGuh1Tl_cOX_Sd3M8ebKcq9vnEaGy3xLEf-_v_oA.jpg=>https://www.dianping.com/shop/l34v7rFwBFo8u01O=>彭家土菜菜馆=>30=>1条评价=>人均-=>农家菜|息县=>
http://qcloud.dpfile.com/pc/8TwgHzNqR0u4DYHkv2FJn7B8jg1XJ_89RL0tzKlEicZKRdhXVHTmUsh3r_s-B_b-bKcq9vnEaGy3xLEf-_v_oA.jpg=>https://www.dianping.com/shop/H2HrHZiew5UAoS9f=>君来烧烤=>30=>1条评价=>人均-=>家常菜|浉河区政府=>
http://p1.meituan.net/xianfu/af099c89d33954398e6a229b085056ee178199.jpg%40340w_255h_1e_1c_1l%7Cwatermark%3D0=>https://www.dianping.com/shop/l58d5bVwIjkRZcQW=>傅记家常菜馆=>30=>1条评价=>人均-=>家常菜|固始县=>|推荐菜：||笋烧肉||爆肚||摊鸡蛋|
http://p0.meituan.net/poipicadd/ff43c2592198abd0048b99b3b97ba7d7212144.jpg%40340w_255h_1e_1c_1l%7Cwatermark%3D0=>https://www.dianping.com/shop/H7lZwCQyn0EEVt1v=>尹老九家常菜馆(水云居店)=>30=>1条评价=>人均-=>家常菜|固始县=>
http://qcloud.dpfile.com/pc/uyW2DbMe_RPjDuiSztfbO0nGhefi8XtEg92wVHV0W0Q9umVb1JMGHSHLe193sXzlbKcq9vnEaGy3xLEf-_v_oA.jpg=>https://www.dianping.com/shop/l60Up0h0iPH9ZdeM=>三毛土锅台(固始店)=>35=>4条评价=>人均￥50=>农家菜|固始县=>|推荐菜：||地锅鸡|
